project,period_seconds,output_rows,trace_windows,last_model_time,signals_monitored,primary_outputs,output_rows_compared,output_bits_match_trace,output_bits,primary_edge_counts_by_row,burst_windows,burst_signals,max_edges_any_signal_window,max_edges_primary_output_window,one_hot_rows,multi_bit_rows,no_response_rows
NSpikeSynapseCount_Syn6_On_Threshold00085_20260928,1.999500,4,4,8.099500,3,class1_ltz;class2_ltz;class3_ltz,4,4,100;000;001;000,1/0/0;0/0/0;0/0/1;0/0/0,,,1,1,2,0,2
NSpikeSynapseCount_Syn6_Off_Threshold00085_20260928,1.999500,4,4,8.099500,3,class1_ltz;class2_ltz;class3_ltz,4,4,100;000;001;000,1/0/0;0/0/0;0/0/1;0/0/0,,,1,1,2,0,2
NSpikeSynapseCount_Syn12_On_Threshold00085_20260928,1.999500,4,4,8.099500,3,class1_ltz;class2_ltz;class3_ltz,4,4,100;010;001;000,1/0/0;0/1/0;0/0/1;0/0/0,,,1,1,3,0,1
NSpikeSynapseCount_Syn12_Off_Threshold00085_20260928,1.999500,4,4,8.099500,3,class1_ltz;class2_ltz;class3_ltz,4,4,100;010;001;000,1/0/0;0/1/0;0/0/1;0/0/0,,,1,1,3,0,1
NSpikeSynapseCount_Syn24_On_Threshold00085_20260928,1.999500,4,4,8.099500,3,class1_ltz;class2_ltz;class3_ltz,4,4,100;010;001;000,1/0/0;0/1/0;0/0/1;0/0/0,,,1,1,3,0,1
NSpikeSynapseCount_Syn24_Off_Threshold00085_20260928,1.999500,4,4,8.099500,3,class1_ltz;class2_ltz;class3_ltz,4,4,100;010;001;000,1/0/0;0/1/0;0/0/1;0/0/0,,,1,1,3,0,1
NSpikeSynapseCount_Syn37_On_Threshold00085_20260928,1.999500,4,4,8.099500,3,class1_ltz;class2_ltz;class3_ltz,4,4,100;010;001;000,1/0/0;0/1/0;0/0/1;0/0/0,,,1,1,3,0,1
NSpikeSynapseCount_Syn37_Off_Threshold00085_20260928,1.999500,4,4,8.099500,3,class1_ltz;class2_ltz;class3_ltz,4,4,100;010;001;000,1/0/0;0/1/0;0/0/1;0/0/0,,,1,1,3,0,1
NSpikeClassifier_AllProbes_On_Threshold00085_20260928,1.999500,4,4,8.099500,3,class1_ltz;class2_ltz;class3_ltz,4,4,100;010;001;000,1/0/0;0/1/0;0/0/1;0/0/0,,,1,1,3,0,1
NSpikeClassifier_AllProbes_Off_Threshold00085_20260928,1.999500,4,4,8.099500,3,class1_ltz;class2_ltz;class3_ltz,4,4,100;010;001;000,1/0/0;0/1/0;0/0/1;0/0/0,,,1,1,3,0,1
