mode,length_variant,dendrite_length,window,output_bits,class1_edges,class2_edges,class3_edges,class1_max_potential,class2_max_potential,class3_max_potential
On,short,3,1,110,1,1,0,0.008775896323619203,0.008623833055783292,
On,short,3,2,000,0,0,0,0.005255536112693693,0.007754206335732028,
On,short,3,3,001,0,0,1,0.004933329761309035,0.005660941106788342,
On,short,3,4,000,0,0,0,0.007759155178699484,0.007496555952174499,
On,medium,8,1,100,1,0,0,0.008712412434934081,0.005488564791091344,
On,medium,8,2,000,0,0,0,0.005255536112693693,0.008062873838800633,
On,medium,8,3,001,0,0,1,0.004933329761309035,0.005361023603750947,
On,medium,8,4,010,0,1,0,0.007399448229004191,0.008580540372943457,
On,long,17,1,100,1,0,0,0.008712412434934081,0.005317387565517218,
On,long,17,2,010,0,1,0,0.005217219204316148,0.00871867733534809,
On,long,17,3,001,0,0,1,0.004933329761309035,0.007512104425593269,
On,long,17,4,000,0,0,0,0.007759155178699484,0.006689723086741639,
Off,short,3,1,110,1,1,0,0.008712412434934081,0.008623833055783292,
Off,short,3,2,000,0,0,0,0.005255536112693693,0.007754206335732028,
Off,short,3,3,001,0,0,1,0.004933338143735177,0.005660941106788342,
Off,short,3,4,000,0,0,0,0.007759155178699484,0.007496555952174499,
Off,medium,8,1,100,1,0,0,0.008712412434934081,0.006691315450172475,
Off,medium,8,2,000,0,0,0,0.005255536112693693,0.008062873838800633,
Off,medium,8,3,001,0,0,1,0.004933338143735177,0.0053807675778858475,
Off,medium,8,4,010,0,1,0,0.007759155178699484,0.008580540372943457,
Off,long,17,1,100,1,0,0,0.008712412434934081,0.005317387565517218,
Off,long,17,2,010,0,1,0,0.005255536112693693,0.00871867733534809,
Off,long,17,3,001,0,0,1,0.004933338143735177,0.0075480621983470605,
Off,long,17,4,000,0,0,0,0.007759155178699484,0.006689723086741639,
