model_time,"class2_ltz","or1_inh1_copy","or1_inh1_output","or1_inh1_raw_input"
0,0,0,0,0
0.00050000000000000001,0,0,0,0
0.001,0,0,0,0
0.0015,0,0,0,0
0.002,0,0,0,0
0.0025000000000000001,0,0,0,0
0.0030000000000000001,0,0,0,0
0.0035000000000000001,0,0,0,0
0.0040000000000000001,0,0,0,0
0.0044999999999999997,0,0,0,0
0.0050000000000000001,0,0,0,0
0.0054999999999999997,0,0,0,0
0.0060000000000000001,0,0,0,0
0.0064999999999999997,0,0,0,0
0.0070000000000000001,0,0,0,0
0.0074999999999999997,0,0,0,0
0.0080000000000000002,0,0,0,0
0.0085000000000000006,0,0,0,0
0.0089999999999999993,0,0,0,0
0.0094999999999999998,0,0,0,0
0.01,0,0,0,0
0.010500000000000001,0,0,0,0
0.010999999999999999,0,0,0,0
0.0115,0,0,0,0
0.012,0,0,0,0
0.012500000000000001,0,0,0,0
0.012999999999999999,0,0,0,0
0.0135,0,0,0,0
0.014,0,0,0,0
0.014500000000000001,0,0,0,0
0.014999999999999999,0,0,0,0
0.0155,0,0,0,0
0.016,0,0,0,0
0.016500000000000001,0,0,0,0
0.017000000000000001,0,0,0,0
0.017500000000000002,0,0,0,0
0.017999999999999999,0,0,0,0
0.018499999999999999,0,0,0,0
0.019,0,0,0,0
0.0195,0,0,0,0
0.02,0,0,0,0
0.020500000000000001,0,0,0,0
0.021000000000000001,0,0,0,0
0.021499999999999998,0,0,0,0
0.021999999999999999,0,0,0,0
0.022499999999999999,0,0,0,0
0.023,0,0,0,0
0.0235,0,0,0,0
0.024,0,0,0,0
0.024500000000000001,0,0,0,0
0.025000000000000001,0,0,0,0
0.025499999999999998,0,0,0,0
0.025999999999999999,0,0,0,0
0.026499999999999999,0,0,0,0
0.027,0,0,0,0
0.0275,0,0,0,0
0.028000000000000001,0,0,0,0
0.028500000000000001,0,0,0,0
0.029000000000000001,0,0,0,0
0.029499999999999998,0,0,0,0
0.029999999999999999,0,0,0,0
0.030499999999999999,0,0,0,0
0.031,0,0,0,0
0.0315,0,0,0,0
0.032000000000000001,0,0,0,0
0.032500000000000001,0,0,0,0
0.033000000000000002,0,0,0,0
0.033500000000000002,0,0,0,0
0.034000000000000002,0,0,0,0
0.034500000000000003,0,0,0,0
0.035000000000000003,0,0,0,0
0.035499999999999997,0,0,0,0
0.035999999999999997,0,0,0,0
0.036499999999999998,0,0,0,0
0.036999999999999998,0,0,0,0
0.037499999999999999,0,0,0,0
0.037999999999999999,0,0,0,0
0.0385,0,0,0,0
0.039,0,0,0,0
0.0395,0,0,0,0
0.040000000000000001,0,0,0,0
0.040500000000000001,0,0,0,0
0.041000000000000002,0,0,0,0
0.041500000000000002,0,0,0,0
0.042000000000000003,0,0,0,0
0.042500000000000003,0,0,0,0
0.042999999999999997,0,0,0,0
0.043499999999999997,0,0,0,0
0.043999999999999997,0,0,0,0
0.044499999999999998,0,0,0,0
0.044999999999999998,0,0,0,0
0.045499999999999999,0,0,0,0
0.045999999999999999,0,0,0,0
0.0465,0,0,0,0
0.047,0,0,0,0
0.047500000000000001,0,0,0,0
0.048000000000000001,0,0,0,0
0.048500000000000001,0,0,0,0
0.049000000000000002,0,0,0,0
0.049500000000000002,0,0,0,0
0.050000000000000003,0,0,0,0
0.050500000000000003,0,0,0,0
0.050999999999999997,0,0,0,0
0.051499999999999997,0,0,0,0
0.051999999999999998,0,0,0,0
0.052499999999999998,0,0,0,0
0.052999999999999999,0,0,0,0
0.053499999999999999,0,0,0,0
0.053999999999999999,0,0,0,0
0.0545,0,0,0,0
0.055,0,0,0,0
0.055500000000000001,0,0,0,0
0.056000000000000001,0,0,0,0
0.056500000000000002,0,0,0,0
0.057000000000000002,0,0,0,0
0.057500000000000002,0,0,0,0
0.058000000000000003,0,0,0,0
0.058500000000000003,0,0,0,0
0.058999999999999997,0,0,0,0
0.059499999999999997,0,0,0,0
0.059999999999999998,0,0,0,0
0.060499999999999998,0,0,0,0
0.060999999999999999,0,0,0,0
0.061499999999999999,0,0,0,0
0.062,0,0,0,0
0.0625,0,0,0,0
0.063,0,0,0,0
0.063500000000000001,0,0,0,0
0.064000000000000001,0,0,0,0
0.064500000000000002,0,0,0,0
0.065000000000000002,0,0,0,0
0.065500000000000003,0,0,0,0
0.066000000000000003,0,0,0,0
0.066500000000000004,0,0,0,0
0.067000000000000004,0,0,0,0
0.067500000000000004,0,0,0,0
0.068000000000000005,0,0,0,0
0.068500000000000005,0,0,0,0
0.069000000000000006,0,0,0,0
0.069500000000000006,0,0,0,0
0.070000000000000007,0,0,0,0
0.070499999999999993,0,0,0,0
0.070999999999999994,0,0,0,0
0.071499999999999994,0,0,0,0
0.071999999999999995,0,0,0,0
0.072499999999999995,0,0,0,0
0.072999999999999995,0,0,0,0
0.073499999999999996,0,0,0,0
0.073999999999999996,0,0,0,0
0.074499999999999997,0,0,0,0
0.074999999999999997,0,0,0,0
0.075499999999999998,0,0,0,0
0.075999999999999998,0,0,0,0
0.076499999999999999,0,0,0,0
0.076999999999999999,0,0,0,0
0.077499999999999999,0,0,0,0
0.078,0,0,0,0
0.0785,0,0,0,0
0.079000000000000001,0,0,0,0
0.079500000000000001,0,0,0,0
0.080000000000000002,0,0,0,0
0.080500000000000002,0,0,0,0
0.081000000000000003,0,0,0,0
0.081500000000000003,0,0,0,0
0.082000000000000003,0,0,0,0
0.082500000000000004,0,0,0,0
0.083000000000000004,0,0,0,0
0.083500000000000005,0,0,0,0
0.084000000000000005,0,0,0,0
0.084500000000000006,0,0,0,0
0.085000000000000006,0,0,0,0
0.085500000000000007,0,0,0,0
0.085999999999999993,0,0,0,0
0.086499999999999994,0,0,0,0
0.086999999999999994,0,0,0,0
0.087499999999999994,0,0,0,0
0.087999999999999995,0,0,0,0
0.088499999999999995,0,0,0,0
0.088999999999999996,0,0,0,0
0.089499999999999996,0,0,0,0
0.089999999999999997,0,0,0,0
0.090499999999999997,0,0,0,0
0.090999999999999998,0,0,0,0
0.091499999999999998,0,0,0,0
0.091999999999999998,0,0,0,0
0.092499999999999999,0,0,0,0
0.092999999999999999,0,0,0,0
0.0935,0,0,0,0
0.094,0,0,0,0
0.094500000000000001,0,0,0,0
0.095000000000000001,0,0,0,0
0.095500000000000002,0,0,0,0
0.096000000000000002,0,0,0,0
0.096500000000000002,0,0,0,0
0.097000000000000003,0,0,0,0
0.097500000000000003,0,0,0,0
0.098000000000000004,0,0,0,0
0.098500000000000004,0,0,0,0
0.099000000000000005,0,0,0,0
0.099500000000000005,0,0,0,0
0.10000000000000001,0,0,0,0
0.10050000000000001,0,0,0,0
0.10100000000000001,0,0,0,0
0.10150000000000001,0,0,0,0
0.10199999999999999,0,0,0,0
0.10249999999999999,0,0,0,0
0.10299999999999999,0,0,0,0
0.10349999999999999,0,0,0,0
0.104,0,0,0,0
0.1045,0,0,0,0
0.105,0,0,0,0
0.1055,0,0,0,0
0.106,0,0,0,0
0.1065,0,0,0,0
0.107,0,0,0,0
0.1075,0,0,0,0
0.108,0,0,0,0
0.1085,0,0,0,0
0.109,0,0,0,0
0.1095,0,0,0,0
0.11,0,0,0,0
0.1105,0,0,0,0
0.111,0,0,0,0
0.1115,0,0,0,0
0.112,0,0,0,0
0.1125,0,0,0,0
0.113,0,0,0,0
0.1135,0,0,0,0
0.114,0,0,0,0
0.1145,0,0,0,0
0.115,0,0,0,0
0.11550000000000001,0,0,0,0
0.11600000000000001,0,0,0,0
0.11650000000000001,0,0,0,0
0.11700000000000001,0,0,0,0
0.11749999999999999,0,0,0,0
0.11799999999999999,0,0,0,0
0.11849999999999999,0,0,0,0
0.11899999999999999,0,0,0,0
0.1195,0,0,0,0
0.12,0,0,0,0
0.1205,0,0,0,0
0.121,0,0,0,0
0.1215,0,0,0,0
0.122,0,0,0,0
0.1225,0,0,0,0
0.123,0,0,0,0
0.1235,0,0,0,0
0.124,0,0,0,0
0.1245,0,0,0,0
0.125,0,0,0,0
0.1255,0,0,0,0
0.126,0,0,0,0
0.1265,0,0,0,0
0.127,0,0,0,0
0.1275,0,0,0,0
0.128,0,0,0,0
0.1285,0,0,0,0
0.129,0,0,0,0
0.1295,0,0,0,0
0.13,0,0,0,0
0.1305,0,0,0,0
0.13100000000000001,0,0,0,0
0.13150000000000001,0,0,0,0
0.13200000000000001,0,0,0,0
0.13250000000000001,0,0,0,0
0.13300000000000001,0,0,0,0
0.13350000000000001,0,0,0,0
0.13400000000000001,0,0,0,0
0.13450000000000001,0,0,0,0
0.13500000000000001,0,0,0,0
0.13550000000000001,0,0,0,0
0.13600000000000001,0,0,0,0
0.13650000000000001,0,0,0,0
0.13700000000000001,0,0,0,0
0.13750000000000001,0,0,0,0
0.13800000000000001,0,0,0,0
0.13850000000000001,0,0,0,0
0.13900000000000001,0,0,0,0
0.13950000000000001,0,0,0,0
0.14000000000000001,0,0,0,0
0.14050000000000001,0,0,0,0
0.14099999999999999,0,0,0,0
0.14149999999999999,0,0,0,0
0.14199999999999999,0,0,0,0
0.14249999999999999,0,0,0,0
0.14299999999999999,0,0,0,0
0.14349999999999999,0,0,0,0
0.14399999999999999,0,0,0,0
0.14449999999999999,0,0,0,0
0.14499999999999999,0,0,0,0
0.14549999999999999,0,0,0,0
0.14599999999999999,0,0,0,0
0.14649999999999999,0,0,0,0
0.14699999999999999,0,0,0,0
0.14749999999999999,0,0,0,0
0.14799999999999999,0,0,0,0
0.14849999999999999,0,0,0,0
0.14899999999999999,0,0,0,0
0.14949999999999999,0,0,0,0
0.14999999999999999,0,0,0,0
0.15049999999999999,0,0,0,0
0.151,0,0,0,0
0.1515,0,0,0,0
0.152,0,0,0,0
0.1525,0,0,0,0
0.153,0,0,0,0
0.1535,0,0,0,0
0.154,0,0,0,0
0.1545,0,0,0,0
0.155,0,0,0,0
0.1555,0,0,0,0
0.156,0,0,0,0
0.1565,0,0,0,0
0.157,0,0,0,0
0.1575,0,0,0,0
0.158,0,0,0,0
0.1585,0,0,0,0
0.159,0,0,0,0
0.1595,0,0,0,0
0.16,0,0,0,0
0.1605,0,0,0,0
0.161,0,0,0,0
0.1615,0,0,0,0
0.16200000000000001,0,0,0,0
0.16250000000000001,0,0,0,0
0.16300000000000001,0,0,0,0
0.16350000000000001,0,0,0,0
0.16400000000000001,0,0,0,0
0.16450000000000001,0,0,0,0
0.16500000000000001,0,0,0,0
0.16550000000000001,0,0,0,0
0.16600000000000001,0,0,0,0
0.16650000000000001,0,0,0,0
0.16700000000000001,0,0,0,0
0.16750000000000001,0,0,0,0
0.16800000000000001,0,0,0,0
0.16850000000000001,0,0,0,0
0.16900000000000001,0,0,0,0
0.16950000000000001,0,0,0,0
0.17000000000000001,0,0,0,0
0.17050000000000001,0,0,0,0
0.17100000000000001,0,0,0,0
0.17150000000000001,0,0,0,0
0.17199999999999999,0,0,0,0
0.17249999999999999,0,0,0,0
0.17299999999999999,0,0,0,0
0.17349999999999999,0,0,0,0
0.17399999999999999,0,0,0,0
0.17449999999999999,0,0,0,0
0.17499999999999999,0,0,0,0
0.17549999999999999,0,0,0,0
0.17599999999999999,0,0,0,0
0.17649999999999999,0,0,0,0
0.17699999999999999,0,0,0,0
0.17749999999999999,0,0,0,0
0.17799999999999999,0,0,0,0
0.17849999999999999,0,0,0,0
0.17899999999999999,0,0,0,0
0.17949999999999999,0,0,0,0
0.17999999999999999,0,0,0,0
0.18049999999999999,0,0,0,0
0.18099999999999999,0,0,0,0
0.18149999999999999,0,0,0,0
0.182,0,0,0,0
0.1825,0,0,0,0
0.183,0,0,0,0
0.1835,0,0,0,0
0.184,0,0,0,0
0.1845,0,0,0,0
0.185,0,0,0,0
0.1855,0,0,0,0
0.186,0,0,0,0
0.1865,0,0,0,0
0.187,0,0,0,0
0.1875,0,0,0,0
0.188,0,0,0,0
0.1885,0,0,0,0
0.189,0,0,0,0
0.1895,0,0,0,0
0.19,0,0,0,0
0.1905,0,0,0,0
0.191,0,0,0,0
0.1915,0,0,0,0
0.192,0,0,0,0
0.1925,0,0,0,0
0.193,0,0,0,0
0.19350000000000001,0,0,0,0
0.19400000000000001,0,0,0,0
0.19450000000000001,0,0,0,0
0.19500000000000001,0,0,0,0
0.19550000000000001,0,0,0,0
0.19600000000000001,0,0,0,0
0.19650000000000001,0,0,0,0
0.19700000000000001,0,0,0,0
0.19750000000000001,0,0,0,0
0.19800000000000001,0,0,0,0
0.19850000000000001,0,0,0,0
0.19900000000000001,0,0,0,0
0.19950000000000001,0,0,0,0
0.20000000000000001,0,0,0,0
0.20050000000000001,0,0,0,0
0.20100000000000001,0,0,0,0
0.20150000000000001,0,0,0,0
0.20200000000000001,0,0,0,0
0.20250000000000001,0,0,0,0
0.20300000000000001,0,0,0,0
0.20349999999999999,0,0,0,0
0.20399999999999999,0,0,0,0
0.20449999999999999,0,0,0,0
0.20499999999999999,0,0,0,0
0.20549999999999999,0,0,0,0
0.20599999999999999,0,0,0,0
0.20649999999999999,0,0,0,0
0.20699999999999999,0,0,0,0
0.20749999999999999,0,0,0,0
0.20799999999999999,0,0,0,0
0.20849999999999999,0,0,0,0
0.20899999999999999,0,0,0,0
0.20949999999999999,0,0,0,0
0.20999999999999999,0,0,0,0
0.21049999999999999,0,0,0,0
0.21099999999999999,0,0,0,0
0.21149999999999999,0,0,0,0
0.21199999999999999,0,0,0,0
0.21249999999999999,0,0,0,0
0.21299999999999999,0,0,0,0
0.2135,0,0,0,0
0.214,0,0,0,0
0.2145,0,0,0,0
0.215,0,0,0,0
0.2155,0,0,0,0
0.216,0,0,0,0
0.2165,0,0,0,0
0.217,0,0,0,0
0.2175,0,0,0,0
0.218,0,0,0,0
0.2185,0,0,0,0
0.219,0,0,0,0
0.2195,0,0,0,0
0.22,0,0,0,0
0.2205,0,0,0,0
0.221,0,0,0,0
0.2215,0,0,0,0
0.222,0,0,0,0
0.2225,0,0,0,0
0.223,0,0,0,0
0.2235,0,0,0,0
0.224,0,0,0,0
0.22450000000000001,0,0,0,0
0.22500000000000001,0,0,0,0
0.22550000000000001,0,0,0,0
0.22600000000000001,0,0,0,0
0.22650000000000001,0,0,0,0
0.22700000000000001,0,0,0,0
0.22750000000000001,0,0,0,0
0.22800000000000001,0,0,0,0
0.22850000000000001,0,0,0,0
0.22900000000000001,0,0,0,0
0.22950000000000001,0,0,0,0
0.23000000000000001,0,0,0,0
0.23050000000000001,0,0,0,0
0.23100000000000001,0,0,0,0
0.23150000000000001,0,0,0,0
0.23200000000000001,0,0,0,0
0.23250000000000001,0,0,0,0
0.23300000000000001,0,0,0,0
0.23350000000000001,0,0,0,0
0.23400000000000001,0,0,0,0
0.23449999999999999,0,0,0,0
0.23499999999999999,0,0,0,0
0.23549999999999999,0,0,0,0
0.23599999999999999,0,0,0,0
0.23649999999999999,0,0,0,0
0.23699999999999999,0,0,0,0
0.23749999999999999,0,0,0,0
0.23799999999999999,0,0,0,0
0.23849999999999999,0,0,0,0
0.23899999999999999,0,0,0,0
0.23949999999999999,0,0,0,0
0.23999999999999999,0,0,0,0
0.24049999999999999,0,0,0,0
0.24099999999999999,0,0,0,0
0.24149999999999999,0,0,0,0
0.24199999999999999,0,0,0,0
0.24249999999999999,0,0,0,0
0.24299999999999999,0,0,0,0
0.24349999999999999,0,0,0,0
0.24399999999999999,0,0,0,0
0.2445,0,0,0,0
0.245,0,0,0,0
0.2455,0,0,0,0
0.246,0,0,0,0
0.2465,0,0,0,0
0.247,0,0,0,0
0.2475,0,0,0,0
0.248,0,0,0,0
0.2485,0,0,0,0
0.249,0,0,0,0
0.2495,0,0,0,0
0.25,0,0,0,0
0.2505,0,0,0,0
0.251,0,0,0,0
0.2515,0,0,0,0
0.252,0,0,0,0
0.2525,0,0,0,0
0.253,0,0,0,0
0.2535,0,0,0,0
0.254,0,0,0,0
0.2545,0,0,0,0
0.255,0,0,0,0
0.2555,0,0,0,0
0.25600000000000001,0,0,0,0
0.25650000000000001,0,0,0,0
0.25700000000000001,0,0,0,0
0.25750000000000001,0,0,0,0
0.25800000000000001,0,0,0,0
0.25850000000000001,0,0,0,0
0.25900000000000001,0,0,0,0
0.25950000000000001,0,0,0,0
0.26000000000000001,0,0,0,0
0.26050000000000001,0,0,0,0
0.26100000000000001,0,0,0,0
0.26150000000000001,0,0,0,0
0.26200000000000001,0,0,0,0
0.26250000000000001,0,0,0,0
0.26300000000000001,0,0,0,0
0.26350000000000001,0,0,0,0
0.26400000000000001,0,0,0,0
0.26450000000000001,0,0,0,0
0.26500000000000001,0,0,0,0
0.26550000000000001,0,0,0,0
0.26600000000000001,0,0,0,0
0.26650000000000001,0,0,0,0
0.26700000000000002,0,0,0,0
0.26750000000000002,0,0,0,0
0.26800000000000002,0,0,0,0
0.26850000000000002,0,0,0,0
0.26900000000000002,0,0,0,0
0.26950000000000002,0,0,0,0
0.27000000000000002,0,0,0,0
0.27050000000000002,0,0,0,0
0.27100000000000002,0,0,0,0
0.27150000000000002,0,0,0,0
0.27200000000000002,0,0,0,0
0.27250000000000002,0,0,0,0
0.27300000000000002,0,0,0,0
0.27350000000000002,0,0,0,0
0.27400000000000002,0,0,0,0
0.27450000000000002,0,0,0,0
0.27500000000000002,0,0,0,0
0.27550000000000002,0,0,0,0
0.27600000000000002,0,0,0,0
0.27650000000000002,0,0,0,0
0.27700000000000002,0,0,0,0
0.27750000000000002,0,0,0,0
0.27800000000000002,0,0,0,0
0.27850000000000003,0,0,0,0
0.27900000000000003,0,0,0,0
0.27950000000000003,0,0,0,0
0.28000000000000003,0,0,0,0
0.28050000000000003,0,0,0,0
0.28100000000000003,0,0,0,0
0.28149999999999997,0,0,0,0
0.28199999999999997,0,0,0,0
0.28249999999999997,0,0,0,0
0.28299999999999997,0,0,0,0
0.28349999999999997,0,0,0,0
0.28399999999999997,0,0,0,0
0.28449999999999998,0,0,0,0
0.28499999999999998,0,0,0,0
0.28549999999999998,0,0,0,0
0.28599999999999998,0,0,0,0
0.28649999999999998,0,0,0,0
0.28699999999999998,0,0,0,0
0.28749999999999998,0,0,0,0
0.28799999999999998,0,0,0,0
0.28849999999999998,0,0,0,0
0.28899999999999998,0,0,0,0
0.28949999999999998,0,0,0,0
0.28999999999999998,0,0,0,0
0.29049999999999998,0,0,0,0
0.29099999999999998,0,0,0,0
0.29149999999999998,0,0,0,0
0.29199999999999998,0,0,0,0
0.29249999999999998,0,0,0,0
0.29299999999999998,0,0,0,0
0.29349999999999998,0,0,0,0
0.29399999999999998,0,0,0,0
0.29449999999999998,0,0,0,0
0.29499999999999998,0,0,0,0
0.29549999999999998,0,0,0,0
0.29599999999999999,0,0,0,0
0.29649999999999999,0,0,0,0
0.29699999999999999,0,0,0,0
0.29749999999999999,0,0,0,0
0.29799999999999999,0,0,0,0
0.29849999999999999,0,0,0,0
0.29899999999999999,0,0,0,0
0.29949999999999999,0,0,0,0
0.29999999999999999,0,0,0,0
0.30049999999999999,0,0,0,0
0.30099999999999999,0,0,0,0
0.30149999999999999,0,0,0,0
0.30199999999999999,0,0,0,0
0.30249999999999999,0,0,0,0
0.30299999999999999,0,0,0,0
0.30349999999999999,0,0,0,0
0.30399999999999999,0,0,0,0
0.30449999999999999,0,0,0,0
0.30499999999999999,0,0,0,0
0.30549999999999999,0,0,0,0
0.30599999999999999,0,0,0,0
0.30649999999999999,0,0,0,0
0.307,0,0,0,0
0.3075,0,0,0,0
0.308,0,0,0,0
0.3085,0,0,0,0
0.309,0,0,0,0
0.3095,0,0,0,0
0.31,0,0,0,0
0.3105,0,0,0,0
0.311,0,0,0,0
0.3115,0,0,0,0
0.312,0,0,0,0
0.3125,0,0,0,0
0.313,0,0,0,0
0.3135,0,0,0,0
0.314,0,0,0,0
0.3145,0,0,0,0
0.315,0,0,0,0
0.3155,0,0,0,0
0.316,0,0,0,0
0.3165,0,0,0,0
0.317,0,0,0,0
0.3175,0,0,0,0
0.318,0,0,0,0
0.31850000000000001,0,0,0,0
0.31900000000000001,0,0,0,0
0.31950000000000001,0,0,0,0
0.32000000000000001,0,0,0,0
0.32050000000000001,0,0,0,0
0.32100000000000001,0,0,0,0
0.32150000000000001,0,0,0,0
0.32200000000000001,0,0,0,0
0.32250000000000001,0,0,0,0
0.32300000000000001,0,0,0,0
0.32350000000000001,0,0,0,0
0.32400000000000001,0,0,0,0
0.32450000000000001,0,0,0,0
0.32500000000000001,0,0,0,0
0.32550000000000001,0,0,0,0
0.32600000000000001,0,0,0,0
0.32650000000000001,0,0,0,0
0.32700000000000001,0,0,0,0
0.32750000000000001,0,0,0,0
0.32800000000000001,0,0,0,0
0.32850000000000001,0,0,0,0
0.32900000000000001,0,0,0,0
0.32950000000000002,0,0,0,0
0.33000000000000002,0,0,0,0
0.33050000000000002,0,0,0,0
0.33100000000000002,0,0,0,0
0.33150000000000002,0,0,0,0
0.33200000000000002,0,0,0,0
0.33250000000000002,0,0,0,0
0.33300000000000002,0,0,0,0
0.33350000000000002,0,0,0,0
0.33400000000000002,0,0,0,0
0.33450000000000002,0,0,0,0
0.33500000000000002,0,0,0,0
0.33550000000000002,0,0,0,0
0.33600000000000002,0,0,0,0
0.33650000000000002,0,0,0,0
0.33700000000000002,0,0,0,0
0.33750000000000002,0,0,0,0
0.33800000000000002,0,0,0,0
0.33850000000000002,0,0,0,0
0.33900000000000002,0,0,0,0
0.33950000000000002,0,0,0,0
0.34000000000000002,0,0,0,0
0.34050000000000002,0,0,0,0
0.34100000000000003,0,0,0,0
0.34150000000000003,0,0,0,0
0.34200000000000003,0,0,0,0
0.34250000000000003,0,0,0,0
0.34300000000000003,0,0,0,0
0.34350000000000003,0,0,0,0
0.34399999999999997,0,0,0,0
0.34449999999999997,0,0,0,0
0.34499999999999997,0,0,0,0
0.34549999999999997,0,0,0,0
0.34599999999999997,0,0,0,0
0.34649999999999997,0,0,0,0
0.34699999999999998,0,0,0,0
0.34749999999999998,0,0,0,0
0.34799999999999998,0,0,0,0
0.34849999999999998,0,0,0,0
0.34899999999999998,0,0,0,0
0.34949999999999998,0,0,0,0
0.34999999999999998,0,0,0,0
0.35049999999999998,0,0,0,0
0.35099999999999998,0,0,0,0
0.35149999999999998,0,0,0,0
0.35199999999999998,0,0,0,0
0.35249999999999998,0,0,0,0
0.35299999999999998,0,0,0,0
0.35349999999999998,0,0,0,0
0.35399999999999998,0,0,0,0
0.35449999999999998,0,0,0,0
0.35499999999999998,0,0,0,0
0.35549999999999998,0,0,0,0
0.35599999999999998,0,0,0,0
0.35649999999999998,0,0,0,0
0.35699999999999998,0,0,0,0
0.35749999999999998,0,0,0,0
0.35799999999999998,0,0,0,0
0.35849999999999999,0,0,0,0
0.35899999999999999,0,0,0,0
0.35949999999999999,0,0,0,0
0.35999999999999999,0,0,0,0
0.36049999999999999,0,0,0,0
0.36099999999999999,0,0,0,0
0.36149999999999999,0,0,0,0
0.36199999999999999,0,0,0,0
0.36249999999999999,0,0,0,0
0.36299999999999999,0,0,0,0
0.36349999999999999,0,0,0,0
0.36399999999999999,0,0,0,0
0.36449999999999999,0,0,0,0
0.36499999999999999,0,0,0,0
0.36549999999999999,0,0,0,0
0.36599999999999999,0,0,0,0
0.36649999999999999,0,0,0,0
0.36699999999999999,0,0,0,0
0.36749999999999999,0,0,0,0
0.36799999999999999,0,0,0,0
0.36849999999999999,0,0,0,0
0.36899999999999999,0,0,0,0
0.3695,0,0,0,0
0.37,0,0,0,0
0.3705,0,0,0,0
0.371,0,0,0,0
0.3715,0,0,0,0
0.372,0,0,0,0
0.3725,0,0,0,0
0.373,0,0,0,0
0.3735,0,0,0,0
0.374,0,0,0,0
0.3745,0,0,0,0
0.375,0,0,0,0
0.3755,0,0,0,0
0.376,0,0,0,0
0.3765,0,0,0,0
0.377,0,0,0,0
0.3775,0,0,0,0
0.378,0,0,0,0
0.3785,0,0,0,0
0.379,0,0,0,0
0.3795,0,0,0,0
0.38,0,0,0,0
0.3805,0,0,0,0
0.38100000000000001,0,0,0,0
0.38150000000000001,0,0,0,0
0.38200000000000001,0,0,0,0
0.38250000000000001,0,0,0,0
0.38300000000000001,0,0,0,0
0.38350000000000001,0,0,0,0
0.38400000000000001,0,0,0,0
0.38450000000000001,0,0,0,0
0.38500000000000001,0,0,0,0
0.38550000000000001,0,0,0,0
0.38600000000000001,0,0,0,0
0.38650000000000001,0,0,0,0
0.38700000000000001,0,0,0,0
0.38750000000000001,0,0,0,0
0.38800000000000001,0,0,0,0
0.38850000000000001,0,0,0,0
0.38900000000000001,0,0,0,0
0.38950000000000001,0,0,0,0
0.39000000000000001,0,0,0,0
0.39050000000000001,0,0,0,0
0.39100000000000001,0,0,0,0
0.39150000000000001,0,0,0,0
0.39200000000000002,0,0,0,0
0.39250000000000002,0,0,0,0
0.39300000000000002,0,0,0,0
0.39350000000000002,0,0,0,0
0.39400000000000002,0,0,0,0
0.39450000000000002,0,0,0,0
0.39500000000000002,0,0,0,0
0.39550000000000002,0,0,0,0
0.39600000000000002,0,0,0,0
0.39650000000000002,0,0,0,0
0.39700000000000002,0,0,0,0
0.39750000000000002,0,0,0,0
0.39800000000000002,0,0,0,0
0.39850000000000002,0,0,0,0
0.39900000000000002,0,0,0,0
0.39950000000000002,0,0,0,0
0.40000000000000002,0,0,0,0
0.40050000000000002,0,0,0,0
0.40100000000000002,0,0,0,0
0.40150000000000002,0,0,0,0
0.40200000000000002,0,0,0,0
0.40250000000000002,0,0,0,0
0.40300000000000002,0,0,0,0
0.40350000000000003,0,0,0,0
0.40400000000000003,0,0,0,0
0.40450000000000003,0,0,0,0
0.40500000000000003,0,0,0,0
0.40550000000000003,0,0,0,0
0.40600000000000003,0,0,0,0
0.40649999999999997,0,0,0,0
0.40699999999999997,0,0,0,0
0.40749999999999997,0,0,0,0
0.40799999999999997,0,0,0,0
0.40849999999999997,0,0,0,0
0.40899999999999997,0,0,0,0
0.40949999999999998,0,0,0,0
0.40999999999999998,0,0,0,0
0.41049999999999998,0,0,0,0
0.41099999999999998,0,0,0,0
0.41149999999999998,0,0,0,0
0.41199999999999998,0,0,0,0
0.41249999999999998,0,0,0,0
0.41299999999999998,0,0,0,0
0.41349999999999998,0,0,0,0
0.41399999999999998,0,0,0,0
0.41449999999999998,0,0,0,0
0.41499999999999998,0,0,0,0
0.41549999999999998,0,0,0,0
0.41599999999999998,0,0,0,0
0.41649999999999998,0,0,0,0
0.41699999999999998,0,0,0,0
0.41749999999999998,0,0,0,0
0.41799999999999998,0,0,0,0
0.41849999999999998,0,0,0,0
0.41899999999999998,0,0,0,0
0.41949999999999998,0,0,0,0
0.41999999999999998,0,0,0,0
0.42049999999999998,0,0,0,0
0.42099999999999999,0,0,0,0
0.42149999999999999,0,0,0,0
0.42199999999999999,0,0,0,0
0.42249999999999999,0,0,0,0
0.42299999999999999,0,0,0,0
0.42349999999999999,0,0,0,0
0.42399999999999999,0,0,0,0
0.42449999999999999,0,0,0,0
0.42499999999999999,0,0,0,0
0.42549999999999999,0,0,0,0
0.42599999999999999,0,0,0,0
0.42649999999999999,0,0,0,0
0.42699999999999999,0,0,0,0
0.42749999999999999,0,0,0,0
0.42799999999999999,0,0,0,0
0.42849999999999999,0,0,0,0
0.42899999999999999,0,0,0,0
0.42949999999999999,0,0,0,0
0.42999999999999999,0,0,0,0
0.43049999999999999,0,0,0,0
0.43099999999999999,0,0,0,0
0.43149999999999999,0,0,0,0
0.432,0,0,0,0
0.4325,0,0,0,0
0.433,0,0,0,0
0.4335,0,0,0,0
0.434,0,0,0,0
0.4345,0,0,0,0
0.435,0,0,0,0
0.4355,0,0,0,0
0.436,0,0,0,0
0.4365,0,0,0,0
0.437,0,0,0,0
0.4375,0,0,0,0
0.438,0,0,0,0
0.4385,0,0,0,0
0.439,0,0,0,0
0.4395,0,0,0,0
0.44,0,0,0,0
0.4405,0,0,0,0
0.441,0,0,0,0
0.4415,0,0,0,0
0.442,0,0,0,0
0.4425,0,0,0,0
0.443,0,0,0,0
0.44350000000000001,0,0,0,0
0.44400000000000001,0,0,0,0
0.44450000000000001,0,0,0,0
0.44500000000000001,0,0,0,0
0.44550000000000001,0,0,0,0
0.44600000000000001,0,0,0,0
0.44650000000000001,0,0,0,0
0.44700000000000001,0,0,0,0
0.44750000000000001,0,0,0,0
0.44800000000000001,0,0,0,0
0.44850000000000001,0,0,0,0
0.44900000000000001,0,0,0,0
0.44950000000000001,0,0,0,0
0.45000000000000001,0,0,0,0
0.45050000000000001,0,0,0,0
0.45100000000000001,0,0,0,0
0.45150000000000001,0,0,0,0
0.45200000000000001,0,0,0,0
0.45250000000000001,0,0,0,0
0.45300000000000001,0,0,0,0
0.45350000000000001,0,0,0,0
0.45400000000000001,0,0,0,0
0.45450000000000002,0,0,0,0
0.45500000000000002,0,0,0,0
0.45550000000000002,0,0,0,0
0.45600000000000002,0,0,0,0
0.45650000000000002,0,0,0,0
0.45700000000000002,0,0,0,0
0.45750000000000002,0,0,0,0
0.45800000000000002,0,0,0,0
0.45850000000000002,0,0,0,0
0.45900000000000002,0,0,0,0
0.45950000000000002,0,0,0,0
0.46000000000000002,0,0,0,0
0.46050000000000002,0,0,0,0
0.46100000000000002,0,0,0,0
0.46150000000000002,0,0,0,0
0.46200000000000002,0,0,0,0
0.46250000000000002,0,0,0,0
0.46300000000000002,0,0,0,0
0.46350000000000002,0,0,0,0
0.46400000000000002,0,0,0,0
0.46450000000000002,0,0,0,0
0.46500000000000002,0,0,0,0
0.46550000000000002,0,0,0,0
0.46600000000000003,0,0,0,0
0.46650000000000003,0,0,0,0
0.46700000000000003,0,0,0,0
0.46750000000000003,0,0,0,0
0.46800000000000003,0,0,0,0
0.46850000000000003,0,0,0,0
0.46899999999999997,0,0,0,0
0.46949999999999997,0,0,0,0
0.46999999999999997,0,0,0,0
0.47049999999999997,0,0,0,0
0.47099999999999997,0,0,0,0
0.47149999999999997,0,0,0,0
0.47199999999999998,0,0,0,0
0.47249999999999998,0,0,0,0
0.47299999999999998,0,0,0,0
0.47349999999999998,0,0,0,0
0.47399999999999998,0,0,0,0
0.47449999999999998,0,0,0,0
0.47499999999999998,0,0,0,0
0.47549999999999998,0,0,0,0
0.47599999999999998,0,0,0,0
0.47649999999999998,0,0,0,0
0.47699999999999998,0,0,0,0
0.47749999999999998,0,0,0,0
0.47799999999999998,0,0,0,0
0.47849999999999998,0,0,0,0
0.47899999999999998,0,0,0,0
0.47949999999999998,0,0,0,0
0.47999999999999998,0,0,0,0
0.48049999999999998,0,0,0,0
0.48099999999999998,0,0,0,0
0.48149999999999998,0,0,0,0
0.48199999999999998,0,0,0,0
0.48249999999999998,0,0,0,0
0.48299999999999998,0,0,0,0
0.48349999999999999,0,0,0,0
0.48399999999999999,0,0,0,0
0.48449999999999999,0,0,0,0
0.48499999999999999,0,0,0,0
0.48549999999999999,0,0,0,0
0.48599999999999999,0,0,0,0
0.48649999999999999,0,0,0,0
0.48699999999999999,0,0,0,0
0.48749999999999999,0,0,0,0
0.48799999999999999,0,0,0,0
0.48849999999999999,0,0,0,0
0.48899999999999999,0,0,0,0
0.48949999999999999,0,0,0,0
0.48999999999999999,0,0,0,0
0.49049999999999999,0,0,0,0
0.49099999999999999,0,0,0,0
0.49149999999999999,0,0,0,0
0.49199999999999999,0,0,0,0
0.49249999999999999,0,0,0,0
0.49299999999999999,0,0,0,0
0.49349999999999999,0,0,0,0
0.49399999999999999,0,0,0,0
0.4945,0,0,0,0
0.495,0,0,0,0
0.4955,0,0,0,0
0.496,0,0,0,0
0.4965,0,0,0,0
0.497,0,0,0,0
0.4975,0,0,0,0
0.498,0,0,0,0
0.4985,0,0,0,0
0.499,0,0,0,0
0.4995,0,0,0,0
0.5,0,0,0,0
0.50049999999999994,0,0,0,0
0.501,0,0,0,0
0.50149999999999995,0,0,0,0
0.502,0,0,0,0
0.50249999999999995,0,0,0,0
0.503,0,0,0,0
0.50349999999999995,0,0,0,0
0.504,0,0,0,0
0.50449999999999995,0,0,0,0
0.505,0,0,0,0
0.50549999999999995,0,0,0,0
0.50600000000000001,0,0,0,0
0.50649999999999995,0,0,0,0
0.50700000000000001,0,0,0,0
0.50749999999999995,0,0,0,0
0.50800000000000001,0,0,0,0
0.50849999999999995,0,0,0,0
0.50900000000000001,0,0,0,0
0.50949999999999995,0,0,0,0
0.51000000000000001,0,0,0,0
0.51049999999999995,0,0,0,0
0.51100000000000001,0,0,0,0
0.51149999999999995,0,0,0,0
0.51200000000000001,0,0,0,0
0.51249999999999996,0,0,0,0
0.51300000000000001,0,0,0,0
0.51349999999999996,0,0,0,0
0.51400000000000001,0,0,0,0
0.51449999999999996,0,0,0,0
0.51500000000000001,0,0,0,0
0.51549999999999996,0,0,0,0
0.51600000000000001,0,0,0,0
0.51649999999999996,0,0,0,0
0.51700000000000002,0,0,0,0
0.51749999999999996,0,0,0,0
0.51800000000000002,0,0,0,0
0.51849999999999996,0,0,0,0
0.51900000000000002,0,0,0,0
0.51949999999999996,0,0,0,0
0.52000000000000002,0,0,0,0
0.52049999999999996,0,0,0,0
0.52100000000000002,0,0,0,0
0.52149999999999996,0,0,0,0
0.52200000000000002,0,0,0,0
0.52249999999999996,0,0,0,0
0.52300000000000002,0,0,0,0
0.52349999999999997,0,0,0,0
0.52400000000000002,0,0,0,0
0.52449999999999997,0,0,0,0
0.52500000000000002,0,0,0,0
0.52549999999999997,0,0,0,0
0.52600000000000002,0,0,0,0
0.52649999999999997,0,0,0,0
0.52700000000000002,0,0,0,0
0.52749999999999997,0,0,0,0
0.52800000000000002,0,0,0,0
0.52849999999999997,0,0,0,0
0.52900000000000003,0,0,0,0
0.52949999999999997,0,0,0,0
0.53000000000000003,0,0,0,0
0.53049999999999997,0,0,0,0
0.53100000000000003,0,0,0,0
0.53149999999999997,0,0,0,0
0.53200000000000003,0,0,0,0
0.53249999999999997,0,0,0,0
0.53300000000000003,0,0,0,0
0.53349999999999997,0,0,0,0
0.53400000000000003,0,0,0,0
0.53449999999999998,0,0,0,0
0.53500000000000003,0,0,0,0
0.53549999999999998,0,0,0,0
0.53600000000000003,0,0,0,0
0.53649999999999998,0,0,0,0
0.53700000000000003,0,0,0,0
0.53749999999999998,0,0,0,0
0.53800000000000003,0,0,0,0
0.53849999999999998,0,0,0,0
0.53900000000000003,0,0,0,0
0.53949999999999998,0,0,0,0
0.54000000000000004,0,0,0,0
0.54049999999999998,0,0,0,0
0.54100000000000004,0,0,0,0
0.54149999999999998,0,0,0,0
0.54200000000000004,0,0,0,0
0.54249999999999998,0,0,0,0
0.54300000000000004,0,0,0,0
0.54349999999999998,0,0,0,0
0.54400000000000004,0,0,0,0
0.54449999999999998,0,0,0,0
0.54500000000000004,0,0,0,0
0.54549999999999998,0,0,0,0
0.54600000000000004,0,0,0,0
0.54649999999999999,0,0,0,0
0.54700000000000004,0,0,0,0
0.54749999999999999,0,0,0,0
0.54800000000000004,0,0,0,0
0.54849999999999999,0,0,0,0
0.54900000000000004,0,0,0,0
0.54949999999999999,0,0,0,0
0.55000000000000004,0,0,0,0
0.55049999999999999,0,0,0,0
0.55100000000000005,0,0,0,0
0.55149999999999999,0,0,0,0
0.55200000000000005,0,0,0,0
0.55249999999999999,0,0,0,0
0.55300000000000005,0,0,0,0
0.55349999999999999,0,0,0,0
0.55400000000000005,0,0,0,0
0.55449999999999999,0,0,0,0
0.55500000000000005,0,0,0,0
0.55549999999999999,0,0,0,0
0.55600000000000005,0,0,0,0
0.55649999999999999,0,0,0,0
0.55700000000000005,0,0,0,0
0.5575,0,0,0,0
0.55800000000000005,0,0,0,0
0.5585,0,0,0,0
0.55900000000000005,0,0,0,0
0.5595,0,0,0,0
0.56000000000000005,0,0,0,0
0.5605,0,0,0,0
0.56100000000000005,0,0,0,0
0.5615,0,0,0,0
0.56200000000000006,0,0,0,0
0.5625,0,0,0,0
0.56299999999999994,0,0,0,0
0.5635,0,0,0,0
0.56399999999999995,0,0,0,0
0.5645,0,0,0,0
0.56499999999999995,0,0,0,0
0.5655,0,0,0,0
0.56599999999999995,0,0,0,0
0.5665,0,0,0,0
0.56699999999999995,0,0,0,0
0.5675,0,0,0,0
0.56799999999999995,0,0,0,0
0.56850000000000001,0,0,0,0
0.56899999999999995,0,0,0,0
0.56950000000000001,0,0,0,0
0.56999999999999995,0,0,0,0
0.57050000000000001,0,0,0,0
0.57099999999999995,0,0,0,0
0.57150000000000001,0,0,0,0
0.57199999999999995,0,0,0,0
0.57250000000000001,0,0,0,0
0.57299999999999995,0,0,0,0
0.57350000000000001,0,0,0,0
0.57399999999999995,0,0,0,0
0.57450000000000001,0,0,0,0
0.57499999999999996,0,0,0,0
0.57550000000000001,0,0,0,0
0.57599999999999996,0,0,0,0
0.57650000000000001,0,0,0,0
0.57699999999999996,0,0,0,0
0.57750000000000001,0,0,0,0
0.57799999999999996,0,0,0,0
0.57850000000000001,0,0,0,0
0.57899999999999996,0,0,0,0
0.57950000000000002,0,0,0,0
0.57999999999999996,0,0,0,0
0.58050000000000002,0,0,0,0
0.58099999999999996,0,0,0,0
0.58150000000000002,0,0,0,0
0.58199999999999996,0,0,0,0
0.58250000000000002,0,0,0,0
0.58299999999999996,0,0,0,0
0.58350000000000002,0,0,0,0
0.58399999999999996,0,0,0,0
0.58450000000000002,0,0,0,0
0.58499999999999996,0,0,0,0
0.58550000000000002,0,0,0,0
0.58599999999999997,0,0,0,0
0.58650000000000002,0,0,0,0
0.58699999999999997,0,0,0,0
0.58750000000000002,0,0,0,0
0.58799999999999997,0,0,0,0
0.58850000000000002,0,0,0,0
0.58899999999999997,0,0,0,0
0.58950000000000002,0,0,0,0
0.58999999999999997,0,0,0,0
0.59050000000000002,0,0,0,0
0.59099999999999997,0,0,0,0
0.59150000000000003,0,0,0,0
0.59199999999999997,0,0,0,0
0.59250000000000003,0,0,0,0
0.59299999999999997,0,0,0,0
0.59350000000000003,0,0,0,0
0.59399999999999997,0,0,0,0
0.59450000000000003,0,0,0,0
0.59499999999999997,0,0,0,0
0.59550000000000003,0,0,0,0
0.59599999999999997,0,0,0,0
0.59650000000000003,0,0,0,0
0.59699999999999998,0,0,0,0
0.59750000000000003,0,0,0,0
0.59799999999999998,0,0,0,0
0.59850000000000003,0,0,0,0
0.59899999999999998,0,0,0,0
0.59950000000000003,0,0,0,0
0.59999999999999998,0,0,0,0
0.60050000000000003,0,0,0,0
0.60099999999999998,0,0,0,0
0.60150000000000003,0,0,0,0
0.60199999999999998,0,0,0,0
0.60250000000000004,0,0,0,0
0.60299999999999998,0,0,0,0
0.60350000000000004,0,0,0,0
0.60399999999999998,0,0,0,0
0.60450000000000004,0,0,0,0
0.60499999999999998,0,0,0,0
0.60550000000000004,0,0,0,0
0.60599999999999998,0,0,0,0
0.60650000000000004,0,0,0,0
0.60699999999999998,0,0,0,0
0.60750000000000004,0,0,0,0
0.60799999999999998,0,0,0,0
0.60850000000000004,0,0,0,0
0.60899999999999999,0,0,0,0
0.60950000000000004,0,0,0,0
0.60999999999999999,0,0,0,0
0.61050000000000004,0,0,0,0
0.61099999999999999,0,0,0,0
0.61150000000000004,0,0,0,0
0.61199999999999999,0,0,0,0
0.61250000000000004,0,0,0,0
0.61299999999999999,0,0,0,0
0.61350000000000005,0,0,0,0
0.61399999999999999,0,0,0,0
0.61450000000000005,0,0,0,0
0.61499999999999999,0,0,0,0
0.61550000000000005,0,0,0,0
0.61599999999999999,0,0,0,0
0.61650000000000005,0,0,0,0
0.61699999999999999,0,0,0,0
0.61750000000000005,0,0,0,0
0.61799999999999999,0,0,0,0
0.61850000000000005,0,0,0,0
0.61899999999999999,0,0,0,0
0.61950000000000005,0,0,0,0
0.62,0,0,0,0
0.62050000000000005,0,0,0,0
0.621,0,0,0,0
0.62150000000000005,0,0,0,0
0.622,0,0,0,0
0.62250000000000005,0,0,0,0
0.623,0,0,0,0
0.62350000000000005,0,0,0,0
0.624,0,0,0,0
0.62450000000000006,0,0,0,0
0.625,0,0,0,0
0.62549999999999994,0,0,0,0
0.626,0,0,0,0
0.62649999999999995,0,0,0,0
0.627,0,0,0,0
0.62749999999999995,0,0,0,0
0.628,0,0,0,0
0.62849999999999995,0,0,0,0
0.629,0,0,0,0
0.62949999999999995,0,0,0,0
0.63,0,0,0,0
0.63049999999999995,0,0,0,0
0.63100000000000001,0,0,0,0
0.63149999999999995,0,0,0,0
0.63200000000000001,0,0,0,0
0.63249999999999995,0,0,0,0
0.63300000000000001,0,0,0,0
0.63349999999999995,0,0,0,0
0.63400000000000001,0,0,0,0
0.63449999999999995,0,0,0,0
0.63500000000000001,0,0,0,0
0.63549999999999995,0,0,0,0
0.63600000000000001,0,0,0,0
0.63649999999999995,0,0,0,0
0.63700000000000001,0,0,0,0
0.63749999999999996,0,0,0,0
0.63800000000000001,0,0,0,0
0.63849999999999996,0,0,0,0
0.63900000000000001,0,0,0,0
0.63949999999999996,0,0,0,0
0.64000000000000001,0,0,0,0
0.64049999999999996,0,0,0,0
0.64100000000000001,0,0,0,0
0.64149999999999996,0,0,0,0
0.64200000000000002,0,0,0,0
0.64249999999999996,0,0,0,0
0.64300000000000002,0,0,0,0
0.64349999999999996,0,0,0,0
0.64400000000000002,0,0,0,0
0.64449999999999996,0,0,0,0
0.64500000000000002,0,0,0,0
0.64549999999999996,0,0,0,0
0.64600000000000002,0,0,0,0
0.64649999999999996,0,0,0,0
0.64700000000000002,0,0,0,0
0.64749999999999996,0,0,0,0
0.64800000000000002,0,0,0,0
0.64849999999999997,0,0,0,0
0.64900000000000002,0,0,0,0
0.64949999999999997,0,0,0,0
0.65000000000000002,0,0,0,0
0.65049999999999997,0,0,0,0
0.65100000000000002,0,0,0,0
0.65149999999999997,0,0,0,0
0.65200000000000002,0,0,0,0
0.65249999999999997,0,0,0,0
0.65300000000000002,0,0,0,0
0.65349999999999997,0,0,0,0
0.65400000000000003,0,0,0,0
0.65449999999999997,0,0,0,0
0.65500000000000003,0,0,0,0
0.65549999999999997,0,0,0,0
0.65600000000000003,0,0,0,0
0.65649999999999997,0,0,0,0
0.65700000000000003,0,0,0,0
0.65749999999999997,0,0,0,0
0.65800000000000003,0,0,0,0
0.65849999999999997,0,0,0,0
0.65900000000000003,0,0,0,0
0.65949999999999998,0,0,0,0
0.66000000000000003,0,0,0,0
0.66049999999999998,0,0,0,0
0.66100000000000003,0,0,0,0
0.66149999999999998,0,0,0,0
0.66200000000000003,0,0,0,0
0.66249999999999998,0,0,0,0
0.66300000000000003,0,0,0,0
0.66349999999999998,0,0,0,0
0.66400000000000003,0,0,0,0
0.66449999999999998,0,0,0,0
0.66500000000000004,0,0,0,0
0.66549999999999998,0,0,0,0
0.66600000000000004,0,0,0,0
0.66649999999999998,0,0,0,0
0.66700000000000004,0,0,0,0
0.66749999999999998,0,0,0,0
0.66800000000000004,0,0,0,0
0.66849999999999998,0,0,0,0
0.66900000000000004,0,0,0,0
0.66949999999999998,0,0,0,0
0.67000000000000004,0,0,0,0
0.67049999999999998,0,0,0,0
0.67100000000000004,0,0,0,0
0.67149999999999999,0,0,0,0
0.67200000000000004,0,0,0,0
0.67249999999999999,0,0,0,0
0.67300000000000004,0,0,0,0
0.67349999999999999,0,0,0,0
0.67400000000000004,0,0,0,0
0.67449999999999999,0,0,0,0
0.67500000000000004,0,0,0,0
0.67549999999999999,0,0,0,0
0.67600000000000005,0,0,0,0
0.67649999999999999,0,0,0,0
0.67700000000000005,0,0,0,0
0.67749999999999999,0,0,0,0
0.67800000000000005,0,0,0,0
0.67849999999999999,0,0,0,0
0.67900000000000005,0,0,0,0
0.67949999999999999,0,0,0,0
0.68000000000000005,0,0,0,0
0.68049999999999999,0,0,0,0
0.68100000000000005,0,0,0,0
0.68149999999999999,0,0,0,0
0.68200000000000005,0,0,0,0
0.6825,0,0,0,0
0.68300000000000005,0,0,0,0
0.6835,0,0,0,0
0.68400000000000005,0,0,0,0
0.6845,0,0,0,0
0.68500000000000005,0,0,0,0
0.6855,0,0,0,0
0.68600000000000005,0,0,0,0
0.6865,0,0,0,0
0.68700000000000006,0,0,0,0
0.6875,0,0,0,0
0.68799999999999994,0,0,0,0
0.6885,0,0,0,0
0.68899999999999995,0,0,0,0
0.6895,0,0,0,0
0.68999999999999995,0,0,0,0
0.6905,0,0,0,0
0.69099999999999995,0,0,0,0
0.6915,0,0,0,0
0.69199999999999995,0,0,0,0
0.6925,0,0,0,0
0.69299999999999995,0,0,0,0
0.69350000000000001,0,0,0,0
0.69399999999999995,0,0,0,0
0.69450000000000001,0,0,0,0
0.69499999999999995,0,0,0,0
0.69550000000000001,0,0,0,0
0.69599999999999995,0,0,0,0
0.69650000000000001,0,0,0,0
0.69699999999999995,0,0,0,0
0.69750000000000001,0,0,0,0
0.69799999999999995,0,0,0,0
0.69850000000000001,0,0,0,0
0.69899999999999995,0,0,0,0
0.69950000000000001,0,0,0,0
0.69999999999999996,0,0,0,0
0.70050000000000001,0,0,0,0
0.70099999999999996,0,0,0,0
0.70150000000000001,0,0,0,0
0.70199999999999996,0,0,0,0
0.70250000000000001,0,0,0,0
0.70299999999999996,0,0,0,0
0.70350000000000001,0,0,0,0
0.70399999999999996,0,0,0,0
0.70450000000000002,0,0,0,0
0.70499999999999996,0,0,0,0
0.70550000000000002,0,0,0,0
0.70599999999999996,0,0,0,0
0.70650000000000002,0,0,0,0
0.70699999999999996,0,0,0,0
0.70750000000000002,0,0,0,0
0.70799999999999996,0,0,0,0
0.70850000000000002,0,0,0,0
0.70899999999999996,0,0,0,0
0.70950000000000002,0,0,0,0
0.70999999999999996,0,0,0,0
0.71050000000000002,0,0,0,0
0.71099999999999997,0,0,0,0
0.71150000000000002,0,0,0,0
0.71199999999999997,0,0,0,0
0.71250000000000002,0,0,0,0
0.71299999999999997,0,0,0,0
0.71350000000000002,0,0,0,0
0.71399999999999997,0,0,0,0
0.71450000000000002,0,0,0,0
0.71499999999999997,0,0,0,0
0.71550000000000002,0,0,0,0
0.71599999999999997,0,0,0,0
0.71650000000000003,0,0,0,0
0.71699999999999997,0,0,0,0
0.71750000000000003,0,0,0,0
0.71799999999999997,0,0,0,0
0.71850000000000003,0,0,0,0
0.71899999999999997,0,0,0,0
0.71950000000000003,0,0,0,0
0.71999999999999997,0,0,0,0
0.72050000000000003,0,0,0,0
0.72099999999999997,0,0,0,0
0.72150000000000003,0,0,0,0
0.72199999999999998,0,0,0,0
0.72250000000000003,0,0,0,0
0.72299999999999998,0,0,0,0
0.72350000000000003,0,0,0,0
0.72399999999999998,0,0,0,0
0.72450000000000003,0,0,0,0
0.72499999999999998,0,0,0,0
0.72550000000000003,0,0,0,0
0.72599999999999998,0,0,0,0
0.72650000000000003,0,0,0,0
0.72699999999999998,0,0,0,0
0.72750000000000004,0,0,0,0
0.72799999999999998,0,0,0,0
0.72850000000000004,0,0,0,0
0.72899999999999998,0,0,0,0
0.72950000000000004,0,0,0,0
0.72999999999999998,0,0,0,0
0.73050000000000004,0,0,0,0
0.73099999999999998,0,0,0,0
0.73150000000000004,0,0,0,0
0.73199999999999998,0,0,0,0
0.73250000000000004,0,0,0,0
0.73299999999999998,0,0,0,0
0.73350000000000004,0,0,0,0
0.73399999999999999,0,0,0,0
0.73450000000000004,0,0,0,0
0.73499999999999999,0,0,0,0
0.73550000000000004,0,0,0,0
0.73599999999999999,0,0,0,0
0.73650000000000004,0,0,0,0
0.73699999999999999,0,0,0,0
0.73750000000000004,0,0,0,0
0.73799999999999999,0,0,0,0
0.73850000000000005,0,0,0,0
0.73899999999999999,0,0,0,0
0.73950000000000005,0,0,0,0
0.73999999999999999,0,0,0,0
0.74050000000000005,0,0,0,0
0.74099999999999999,0,0,0,0
0.74150000000000005,0,0,0,0
0.74199999999999999,0,0,0,0
0.74250000000000005,0,0,0,0
0.74299999999999999,0,0,0,0
0.74350000000000005,0,0,0,0
0.74399999999999999,0,0,0,0
0.74450000000000005,0,0,0,0
0.745,0,0,0,0
0.74550000000000005,0,0,0,0
0.746,0,0,0,0
0.74650000000000005,0,0,0,0
0.747,0,0,0,0
0.74750000000000005,0,0,0,0
0.748,0,0,0,0
0.74850000000000005,0,0,0,0
0.749,0,0,0,0
0.74950000000000006,0,0,0,0
0.75,0,0,0,0
0.75049999999999994,0,0,0,0
0.751,0,0,0,0
0.75149999999999995,0,0,0,0
0.752,0,0,0,0
0.75249999999999995,0,0,0,0
0.753,0,0,0,0
0.75349999999999995,0,0,0,0
0.754,0,0,0,0
0.75449999999999995,0,0,0,0
0.755,0,0,0,0
0.75549999999999995,0,0,0,0
0.75600000000000001,0,0,0,0
0.75649999999999995,0,0,0,0
0.75700000000000001,0,0,0,0
0.75749999999999995,0,0,0,0
0.75800000000000001,0,0,0,0
0.75849999999999995,0,0,0,0
0.75900000000000001,0,0,0,0
0.75949999999999995,0,0,0,0
0.76000000000000001,0,0,0,0
0.76049999999999995,0,0,0,0
0.76100000000000001,0,0,0,0
0.76149999999999995,0,0,0,0
0.76200000000000001,0,0,0,0
0.76249999999999996,0,0,0,0
0.76300000000000001,0,0,0,0
0.76349999999999996,0,0,0,0
0.76400000000000001,0,0,0,0
0.76449999999999996,0,0,0,0
0.76500000000000001,0,0,0,0
0.76549999999999996,0,0,0,0
0.76600000000000001,0,0,0,0
0.76649999999999996,0,0,0,0
0.76700000000000002,0,0,0,0
0.76749999999999996,0,0,0,0
0.76800000000000002,0,0,0,0
0.76849999999999996,0,0,0,0
0.76900000000000002,0,0,0,0
0.76949999999999996,0,0,0,0
0.77000000000000002,0,0,0,0
0.77049999999999996,0,0,0,0
0.77100000000000002,0,0,0,0
0.77149999999999996,0,0,0,0
0.77200000000000002,0,0,0,0
0.77249999999999996,0,0,0,0
0.77300000000000002,0,0,0,0
0.77349999999999997,0,0,0,0
0.77400000000000002,0,0,0,0
0.77449999999999997,0,0,0,0
0.77500000000000002,0,0,0,0
0.77549999999999997,0,0,0,0
0.77600000000000002,0,0,0,0
0.77649999999999997,0,0,0,0
0.77700000000000002,0,0,0,0
0.77749999999999997,0,0,0,0
0.77800000000000002,0,0,0,0
0.77849999999999997,0,0,0,0
0.77900000000000003,0,0,0,0
0.77949999999999997,0,0,0,0
0.78000000000000003,0,0,0,0
0.78049999999999997,0,0,0,0
0.78100000000000003,0,0,0,0
0.78149999999999997,0,0,0,0
0.78200000000000003,0,0,0,0
0.78249999999999997,0,0,0,0
0.78300000000000003,0,0,0,0
0.78349999999999997,0,0,0,0
0.78400000000000003,0,0,0,0
0.78449999999999998,0,0,0,0
0.78500000000000003,0,0,0,0
0.78549999999999998,0,0,0,0
0.78600000000000003,0,0,0,0
0.78649999999999998,0,0,0,0
0.78700000000000003,0,0,0,0
0.78749999999999998,0,0,0,0
0.78800000000000003,0,0,0,0
0.78849999999999998,0,0,0,0
0.78900000000000003,0,0,0,0
0.78949999999999998,0,0,0,0
0.79000000000000004,0,0,0,0
0.79049999999999998,0,0,0,0
0.79100000000000004,0,0,0,0
0.79149999999999998,0,0,0,0
0.79200000000000004,0,0,0,0
0.79249999999999998,0,0,0,0
0.79300000000000004,0,0,0,0
0.79349999999999998,0,0,0,0
0.79400000000000004,0,0,0,0
0.79449999999999998,0,0,0,0
0.79500000000000004,0,0,0,0
0.79549999999999998,0,0,0,0
0.79600000000000004,0,0,0,0
0.79649999999999999,0,0,0,0
0.79700000000000004,0,0,0,0
0.79749999999999999,0,0,0,0
0.79800000000000004,0,0,0,0
0.79849999999999999,0,0,0,0
0.79900000000000004,0,0,0,0
0.79949999999999999,0,0,0,0
0.80000000000000004,0,0,0,0
0.80049999999999999,0,0,0,0
0.80100000000000005,0,0,0,0
0.80149999999999999,0,0,0,0
0.80200000000000005,0,0,0,0
0.80249999999999999,0,0,0,0
0.80300000000000005,0,0,0,0
0.80349999999999999,0,0,0,0
0.80400000000000005,0,0,0,0
0.80449999999999999,0,0,0,0
0.80500000000000005,0,0,0,0
0.80549999999999999,0,0,0,0
0.80600000000000005,0,0,0,0
0.80649999999999999,0,0,0,0
0.80700000000000005,0,0,0,0
0.8075,0,0,0,0
0.80800000000000005,0,0,0,0
0.8085,0,0,0,0
0.80900000000000005,0,0,0,0
0.8095,0,0,0,0
0.81000000000000005,0,0,0,0
0.8105,0,0,0,0
0.81100000000000005,0,0,0,0
0.8115,0,0,0,0
0.81200000000000006,0,0,0,0
0.8125,0,0,0,0
0.81299999999999994,0,0,0,0
0.8135,0,0,0,0
0.81399999999999995,0,0,0,0
0.8145,0,0,0,0
0.81499999999999995,0,0,0,0
0.8155,0,0,0,0
0.81599999999999995,0,0,0,0
0.8165,0,0,0,0
0.81699999999999995,0,0,0,0
0.8175,0,0,0,0
0.81799999999999995,0,0,0,0
0.81850000000000001,0,0,0,0
0.81899999999999995,0,0,0,0
0.81950000000000001,0,0,0,0
0.81999999999999995,0,0,0,0
0.82050000000000001,0,0,0,0
0.82099999999999995,0,0,0,0
0.82150000000000001,0,0,0,0
0.82199999999999995,0,0,0,0
0.82250000000000001,0,0,0,0
0.82299999999999995,0,0,0,0
0.82350000000000001,0,0,0,0
0.82399999999999995,0,0,0,0
0.82450000000000001,0,0,0,0
0.82499999999999996,0,0,0,0
0.82550000000000001,0,0,0,0
0.82599999999999996,0,0,0,0
0.82650000000000001,0,0,0,0
0.82699999999999996,0,0,0,0
0.82750000000000001,0,0,0,0
0.82799999999999996,0,0,0,0
0.82850000000000001,0,0,0,0
0.82899999999999996,0,0,0,0
0.82950000000000002,0,0,0,0
0.82999999999999996,0,0,0,0
0.83050000000000002,0,0,0,0
0.83099999999999996,0,0,0,0
0.83150000000000002,0,0,0,0
0.83199999999999996,0,0,0,0
0.83250000000000002,0,0,0,0
0.83299999999999996,0,0,0,0
0.83350000000000002,0,0,0,0
0.83399999999999996,0,0,0,0
0.83450000000000002,0,0,0,0
0.83499999999999996,0,0,0,0
0.83550000000000002,0,0,0,0
0.83599999999999997,0,0,0,0
0.83650000000000002,0,0,0,0
0.83699999999999997,0,0,0,0
0.83750000000000002,0,0,0,0
0.83799999999999997,0,0,0,0
0.83850000000000002,0,0,0,0
0.83899999999999997,0,0,0,0
0.83950000000000002,0,0,0,0
0.83999999999999997,0,0,0,0
0.84050000000000002,0,0,0,0
0.84099999999999997,0,0,0,0
0.84150000000000003,0,0,0,0
0.84199999999999997,0,0,0,0
0.84250000000000003,0,0,0,0
0.84299999999999997,0,0,0,0
0.84350000000000003,0,0,0,0
0.84399999999999997,0,0,0,0
0.84450000000000003,0,0,0,0
0.84499999999999997,0,0,0,0
0.84550000000000003,0,0,0,0
0.84599999999999997,0,0,0,0
0.84650000000000003,0,0,0,0
0.84699999999999998,0,0,0,0
0.84750000000000003,0,0,0,0
0.84799999999999998,0,0,0,0
0.84850000000000003,0,0,0,0
0.84899999999999998,0,0,0,0
0.84950000000000003,0,0,0,0
0.84999999999999998,0,0,0,0
0.85050000000000003,0,0,0,0
0.85099999999999998,0,0,0,0
0.85150000000000003,0,0,0,0
0.85199999999999998,0,0,0,0
0.85250000000000004,0,0,0,0
0.85299999999999998,0,0,0,0
0.85350000000000004,0,0,0,0
0.85399999999999998,0,0,0,0
0.85450000000000004,0,0,0,0
0.85499999999999998,0,0,0,0
0.85550000000000004,0,0,0,0
0.85599999999999998,0,0,0,0
0.85650000000000004,0,0,0,0
0.85699999999999998,0,0,0,0
0.85750000000000004,0,0,0,0
0.85799999999999998,0,0,0,0
0.85850000000000004,0,0,0,0
0.85899999999999999,0,0,0,0
0.85950000000000004,0,0,0,0
0.85999999999999999,0,0,0,0
0.86050000000000004,0,0,0,0
0.86099999999999999,0,0,0,0
0.86150000000000004,0,0,0,0
0.86199999999999999,0,0,0,0
0.86250000000000004,0,0,0,0
0.86299999999999999,0,0,0,0
0.86350000000000005,0,0,0,0
0.86399999999999999,0,0,0,0
0.86450000000000005,0,0,0,0
0.86499999999999999,0,0,0,0
0.86550000000000005,0,0,0,0
0.86599999999999999,0,0,0,0
0.86650000000000005,0,0,0,0
0.86699999999999999,0,0,0,0
0.86750000000000005,0,0,0,0
0.86799999999999999,0,0,0,0
0.86850000000000005,0,0,0,0
0.86899999999999999,0,0,0,0
0.86950000000000005,0,0,0,0
0.87,0,0,0,0
0.87050000000000005,0,0,0,0
0.871,0,0,0,0
0.87150000000000005,0,0,0,0
0.872,0,0,0,0
0.87250000000000005,0,0,0,0
0.873,0,0,0,0
0.87350000000000005,0,0,0,0
0.874,0,0,0,0
0.87450000000000006,0,0,0,0
0.875,0,0,0,0
0.87549999999999994,0,0,0,0
0.876,0,0,0,0
0.87649999999999995,0,0,0,0
0.877,0,0,0,0
0.87749999999999995,0,0,0,0
0.878,0,0,0,0
0.87849999999999995,0,0,0,0
0.879,0,0,0,0
0.87949999999999995,0,0,0,0
0.88,0,0,0,0
0.88049999999999995,0,0,0,0
0.88100000000000001,0,0,0,0
0.88149999999999995,0,0,0,0
0.88200000000000001,0,0,0,0
0.88249999999999995,0,0,0,0
0.88300000000000001,0,0,0,0
0.88349999999999995,0,0,0,0
0.88400000000000001,0,0,0,0
0.88449999999999995,0,0,0,0
0.88500000000000001,0,0,0,0
0.88549999999999995,0,0,0,0
0.88600000000000001,0,0,0,0
0.88649999999999995,0,0,0,0
0.88700000000000001,0,0,0,0
0.88749999999999996,0,0,0,0
0.88800000000000001,0,0,0,0
0.88849999999999996,0,0,0,0
0.88900000000000001,0,0,0,0
0.88949999999999996,0,0,0,0
0.89000000000000001,0,0,0,0
0.89049999999999996,0,0,0,0
0.89100000000000001,0,0,0,0
0.89149999999999996,0,0,0,0
0.89200000000000002,0,0,0,0
0.89249999999999996,0,0,0,0
0.89300000000000002,0,0,0,0
0.89349999999999996,0,0,0,0
0.89400000000000002,0,0,0,0
0.89449999999999996,0,0,0,0
0.89500000000000002,0,0,0,0
0.89549999999999996,0,0,0,0
0.89600000000000002,0,0,0,0
0.89649999999999996,0,0,0,0
0.89700000000000002,0,0,0,0
0.89749999999999996,0,0,0,0
0.89800000000000002,0,0,0,0
0.89849999999999997,0,0,0,0
0.89900000000000002,0,0,0,0
0.89949999999999997,0,0,0,0
0.90000000000000002,0,0,0,0
0.90049999999999997,0,0,0,0
0.90100000000000002,0,0,0,0
0.90149999999999997,0,0,0,0
0.90200000000000002,0,0,0,0
0.90249999999999997,0,0,0,0
0.90300000000000002,0,0,0,0
0.90349999999999997,0,0,0,0
0.90400000000000003,0,0,0,0
0.90449999999999997,0,0,0,0
0.90500000000000003,0,0,0,0
0.90549999999999997,0,0,0,0
0.90600000000000003,0,0,0,0
0.90649999999999997,0,0,0,0
0.90700000000000003,0,0,0,0
0.90749999999999997,0,0,0,0
0.90800000000000003,0,0,0,0
0.90849999999999997,0,0,0,0
0.90900000000000003,0,0,0,0
0.90949999999999998,0,0,0,0
0.91000000000000003,0,0,0,0
0.91049999999999998,0,0,0,0
0.91100000000000003,0,0,0,0
0.91149999999999998,0,0,0,0
0.91200000000000003,0,0,0,0
0.91249999999999998,0,0,0,0
0.91300000000000003,0,0,0,0
0.91349999999999998,0,0,0,0
0.91400000000000003,0,0,0,0
0.91449999999999998,0,0,0,0
0.91500000000000004,0,0,0,0
0.91549999999999998,0,0,0,0
0.91600000000000004,0,0,0,0
0.91649999999999998,0,0,0,0
0.91700000000000004,0,0,0,0
0.91749999999999998,0,0,0,0
0.91800000000000004,0,0,0,0
0.91849999999999998,0,0,0,0
0.91900000000000004,0,0,0,0
0.91949999999999998,0,0,0,0
0.92000000000000004,0,0,0,0
0.92049999999999998,0,0,0,0
0.92100000000000004,0,0,0,0
0.92149999999999999,0,0,0,0
0.92200000000000004,0,0,0,0
0.92249999999999999,0,0,0,0
0.92300000000000004,0,0,0,0
0.92349999999999999,0,0,0,0
0.92400000000000004,0,0,0,0
0.92449999999999999,0,0,0,0
0.92500000000000004,0,0,0,0
0.92549999999999999,0,0,0,0
0.92600000000000005,0,0,0,0
0.92649999999999999,0,0,0,0
0.92700000000000005,0,0,0,0
0.92749999999999999,0,0,0,0
0.92800000000000005,0,0,0,0
0.92849999999999999,0,0,0,0
0.92900000000000005,0,0,0,0
0.92949999999999999,0,0,0,0
0.93000000000000005,0,0,0,0
0.93049999999999999,0,0,0,0
0.93100000000000005,0,0,0,0
0.93149999999999999,0,0,0,0
0.93200000000000005,0,0,0,0
0.9325,0,0,0,0
0.93300000000000005,0,0,0,0
0.9335,0,0,0,0
0.93400000000000005,0,0,0,0
0.9345,0,0,0,0
0.93500000000000005,0,0,0,0
0.9355,0,0,0,0
0.93600000000000005,0,0,0,0
0.9365,0,0,0,0
0.93700000000000006,0,0,0,0
0.9375,0,0,0,0
0.93799999999999994,0,0,0,0
0.9385,0,0,0,0
0.93899999999999995,0,0,0,0
0.9395,0,0,0,0
0.93999999999999995,0,0,0,0
0.9405,0,0,0,0
0.94099999999999995,0,0,0,0
0.9415,0,0,0,0
0.94199999999999995,0,0,0,0
0.9425,0,0,0,0
0.94299999999999995,0,0,0,0
0.94350000000000001,0,0,0,0
0.94399999999999995,0,0,0,0
0.94450000000000001,0,0,0,0
0.94499999999999995,0,0,0,0
0.94550000000000001,0,0,0,0
0.94599999999999995,0,0,0,0
0.94650000000000001,0,0,0,0
0.94699999999999995,0,0,0,0
0.94750000000000001,0,0,0,0
0.94799999999999995,0,0,0,0
0.94850000000000001,0,0,0,0
0.94899999999999995,0,0,0,0
0.94950000000000001,0,0,0,0
0.94999999999999996,0,0,0,0
0.95050000000000001,0,0,0,0
0.95099999999999996,0,0,0,0
0.95150000000000001,0,0,0,0
0.95199999999999996,0,0,0,0
0.95250000000000001,0,0,0,0
0.95299999999999996,0,0,0,0
0.95350000000000001,0,0,0,0
0.95399999999999996,0,0,0,0
0.95450000000000002,0,0,0,0
0.95499999999999996,0,0,0,0
0.95550000000000002,0,0,0,0
0.95599999999999996,0,0,0,0
0.95650000000000002,0,0,0,0
0.95699999999999996,0,0,0,0
0.95750000000000002,0,0,0,0
0.95799999999999996,0,0,0,0
0.95850000000000002,0,0,0,0
0.95899999999999996,0,0,0,0
0.95950000000000002,0,0,0,0
0.95999999999999996,0,0,0,0
0.96050000000000002,0,0,0,0
0.96099999999999997,0,0,0,0
0.96150000000000002,0,0,0,0
0.96199999999999997,0,0,0,0
0.96250000000000002,0,0,0,0
0.96299999999999997,0,0,0,0
0.96350000000000002,0,0,0,0
0.96399999999999997,0,0,0,0
0.96450000000000002,0,0,0,0
0.96499999999999997,0,0,0,0
0.96550000000000002,0,0,0,0
0.96599999999999997,0,0,0,0
0.96650000000000003,0,0,0,0
0.96699999999999997,0,0,0,0
0.96750000000000003,0,0,0,0
0.96799999999999997,0,0,0,0
0.96850000000000003,0,0,0,0
0.96899999999999997,0,0,0,0
0.96950000000000003,0,0,0,0
0.96999999999999997,0,0,0,0
0.97050000000000003,0,0,0,0
0.97099999999999997,0,0,0,0
0.97150000000000003,0,0,0,0
0.97199999999999998,0,0,0,0
0.97250000000000003,0,0,0,0
0.97299999999999998,0,0,0,0
0.97350000000000003,0,0,0,0
0.97399999999999998,0,0,0,0
0.97450000000000003,0,0,0,0
0.97499999999999998,0,0,0,0
0.97550000000000003,0,0,0,0
0.97599999999999998,0,0,0,0
0.97650000000000003,0,0,0,0
0.97699999999999998,0,0,0,0
0.97750000000000004,0,0,0,0
0.97799999999999998,0,0,0,0
0.97850000000000004,0,0,0,0
0.97899999999999998,0,0,0,0
0.97950000000000004,0,0,0,0
0.97999999999999998,0,0,0,0
0.98050000000000004,0,0,0,0
0.98099999999999998,0,0,0,0
0.98150000000000004,0,0,0,0
0.98199999999999998,0,0,0,0
0.98250000000000004,0,0,0,0
0.98299999999999998,0,0,0,0
0.98350000000000004,0,0,0,0
0.98399999999999999,0,0,0,0
0.98450000000000004,0,0,0,0
0.98499999999999999,0,0,0,0
0.98550000000000004,0,0,0,0
0.98599999999999999,0,0,0,0
0.98650000000000004,0,0,0,0
0.98699999999999999,0,0,0,0
0.98750000000000004,0,0,0,0
0.98799999999999999,0,0,0,0
0.98850000000000005,0,0,0,0
0.98899999999999999,0,0,0,0
0.98950000000000005,0,0,0,0
0.98999999999999999,0,0,0,0
0.99050000000000005,0,0,0,0
0.99099999999999999,0,0,0,0
0.99150000000000005,0,0,0,0
0.99199999999999999,0,0,0,0
0.99250000000000005,0,0,0,0
0.99299999999999999,0,0,0,0
0.99350000000000005,0,0,0,0
0.99399999999999999,0,0,0,0
0.99450000000000005,0,0,0,0
0.995,0,0,0,0
0.99550000000000005,0,0,0,0
0.996,0,0,0,0
0.99650000000000005,0,0,0,0
0.997,0,0,0,0
0.99750000000000005,0,0,0,0
0.998,0,0,0,0
0.99850000000000005,0,0,0,0
0.999,0,0,0,0
0.99950000000000006,0,0,0,0
1,0,0,0,0
1.0004999999999999,0,0,0,0
1.0009999999999999,0,0,0,0
1.0015000000000001,0,0,0,0
1.002,0,0,0,0
1.0024999999999999,0,0,0,0
1.0029999999999999,0,0,0,0
1.0035000000000001,0,0,0,0
1.004,0,0,0,0
1.0044999999999999,0,0,0,0
1.0049999999999999,0,0,0,0
1.0055000000000001,0,0,0,0
1.006,0,0,0,0
1.0065,0,0,0,0
1.0069999999999999,0,0,0,0
1.0075000000000001,0,0,0,0
1.008,0,0,0,0
1.0085,0,0,0,0
1.0089999999999999,0,0,0,0
1.0095000000000001,0,0,0,0
1.01,0,0,0,0
1.0105,0,0,0,0
1.0109999999999999,0,0,0,0
1.0115000000000001,0,0,0,0
1.012,0,0,0,0
1.0125,0,0,0,0
1.0129999999999999,0,0,0,0
1.0135000000000001,0,0,0,0
1.014,0,0,0,0
1.0145,0,0,0,0
1.0149999999999999,0,0,0,0
1.0155000000000001,0,0,0,0
1.016,0,0,0,0
1.0165,0,0,0,0
1.0169999999999999,0,0,0,0
1.0175000000000001,0,0,0,0
1.018,0,0,0,0
1.0185,0,0,0,0
1.0189999999999999,0,0,0,0
1.0195000000000001,0,0,0,0
1.02,0,0,0,0
1.0205,0,0,0,0
1.0209999999999999,0,0,0,0
1.0215000000000001,0,0,0,0
1.022,0,0,0,0
1.0225,0,0,0,0
1.0229999999999999,0,0,0,0
1.0235000000000001,0,0,0,0
1.024,0,0,0,0
1.0245,0,0,0,0
1.0249999999999999,0,0,0,0
1.0255000000000001,0,0,0,0
1.026,0,0,0,0
1.0265,0,0,0,0
1.0269999999999999,0,0,0,0
1.0275000000000001,0,0,0,0
1.028,0,0,0,0
1.0285,0,0,0,0
1.0289999999999999,0,0,0,0
1.0295000000000001,0,0,0,0
1.03,0,0,0,0
1.0305,0,0,0,0
1.0309999999999999,0,0,0,0
1.0315000000000001,0,0,0,0
1.032,0,0,0,0
1.0325,0,0,0,0
1.0329999999999999,0,0,0,0
1.0335000000000001,0,0,0,0
1.034,0,0,0,0
1.0345,0,0,0,0
1.0349999999999999,0,0,0,0
1.0355000000000001,0,0,0,0
1.036,0,0,0,0
1.0365,0,0,0,0
1.0369999999999999,0,0,0,0
1.0375000000000001,0,0,0,0
1.038,0,0,0,0
1.0385,0,0,0,0
1.0389999999999999,0,0,0,0
1.0395000000000001,0,0,0,0
1.04,0,0,0,0
1.0405,0,0,0,0
1.0409999999999999,0,0,0,0
1.0415000000000001,0,0,0,0
1.042,0,0,0,0
1.0425,0,0,0,0
1.0429999999999999,0,0,0,0
1.0435000000000001,0,0,0,0
1.044,0,0,0,0
1.0445,0,0,0,0
1.0449999999999999,0,0,0,0
1.0455000000000001,0,0,0,0
1.046,0,0,0,0
1.0465,0,0,0,0
1.0469999999999999,0,0,0,0
1.0475000000000001,0,0,0,0
1.048,0,0,0,0
1.0485,0,0,0,0
1.0489999999999999,0,0,0,0
1.0495000000000001,0,0,0,0
1.05,0,0,0,0
1.0505,0,0,0,0
1.0509999999999999,0,0,0,0
1.0515000000000001,0,0,0,0
1.052,0,0,0,0
1.0525,0,0,0,0
1.0529999999999999,0,0,0,0
1.0535000000000001,0,0,0,0
1.054,0,0,0,0
1.0545,0,0,0,0
1.0549999999999999,0,0,0,0
1.0555000000000001,0,0,0,0
1.056,0,0,0,0
1.0565,0,0,0,0
1.0569999999999999,0,0,0,0
1.0575000000000001,0,0,0,0
1.0580000000000001,0,0,0,0
1.0585,0,0,0,0
1.0589999999999999,0,0,0,0
1.0595000000000001,0,0,0,0
1.0600000000000001,0,0,0,0
1.0605,0,0,0,0
1.0609999999999999,0,0,0,0
1.0615000000000001,0,0,0,0
1.0620000000000001,0,0,0,0
1.0625,0,0,0,0
1.0629999999999999,0,0,0,0
1.0634999999999999,0,0,0,0
1.0640000000000001,0,0,0,0
1.0645,0,0,0,0
1.0649999999999999,0,0,0,0
1.0654999999999999,0,0,0,0
1.0660000000000001,0,0,0,0
1.0665,0,0,0,0
1.0669999999999999,0,0,0,0
1.0674999999999999,0,0,0,0
1.0680000000000001,0,0,0,0
1.0685,0,0,0,0
1.069,0,0,0,0
1.0694999999999999,0,0,0,0
1.0700000000000001,0,0,0,0
1.0705,0,0,0,0
1.071,0,0,0,0
1.0714999999999999,0,0,0,0
1.0720000000000001,0,0,0,0
1.0725,0,0,0,0
1.073,0,0,0,0
1.0734999999999999,0,0,0,0
1.0740000000000001,0,0,0,0
1.0745,0,0,0,0
1.075,0,0,0,0
1.0754999999999999,0,0,0,0
1.0760000000000001,0,0,0,0
1.0765,0,0,0,0
1.077,0,0,0,0
1.0774999999999999,0,0,0,0
1.0780000000000001,0,0,0,0
1.0785,0,0,0,0
1.079,0,0,0,0
1.0794999999999999,0,0,0,0
1.0800000000000001,0,0,0,0
1.0805,0,0,0,0
1.081,0,0,0,0
1.0814999999999999,0,0,0,0
1.0820000000000001,0,0,0,0
1.0825,0,0,0,0
1.083,0,0,0,0
1.0834999999999999,0,0,0,0
1.0840000000000001,0,0,0,0
1.0845,0,0,0,0
1.085,0,0,0,0
1.0854999999999999,0,0,0,0
1.0860000000000001,0,0,0,0
1.0865,0,0,0,0
1.087,0,0,0,0
1.0874999999999999,0,0,0,0
1.0880000000000001,0,0,0,0
1.0885,0,0,0,0
1.089,0,0,0,0
1.0894999999999999,0,0,0,0
1.0900000000000001,0,0,0,0
1.0905,0,0,0,0
1.091,0,0,0,0
1.0914999999999999,0,0,0,0
1.0920000000000001,0,0,0,0
1.0925,0,0,0,0
1.093,0,0,0,0
1.0934999999999999,0,0,0,0
1.0940000000000001,0,0,0,0
1.0945,0,0,0,0
1.095,0,0,0,0
1.0954999999999999,0,0,0,0
1.0960000000000001,0,0,0,0
1.0965,0,0,0,0
1.097,0,0,0,0
1.0974999999999999,0,0,0,0
1.0980000000000001,0,0,0,0
1.0985,0,0,0,0
1.099,0,0,0,0
1.0994999999999999,0,0,0,0
1.1000000000000001,0,0,0,0
1.1005,0,0,0,0
1.101,0,0,0,0
1.1014999999999999,0,0,0,0
1.1020000000000001,0,0,0,0
1.1025,0,0,0,0
1.103,0,0,0,0
1.1034999999999999,0,0,0,0
1.1040000000000001,0,0,0,0
1.1045,0,0,0,0
1.105,0,0,0,0
1.1054999999999999,0,0,0,0
1.1060000000000001,0,0,0,0
1.1065,0,0,0,0
1.107,0,0,0,0
1.1074999999999999,0,0,0,0
1.1080000000000001,0,0,0,0
1.1085,0,0,0,0
1.109,0,0,0,0
1.1094999999999999,0,0,0,0
1.1100000000000001,0,0,0,0
1.1105,0,0,0,0
1.111,0,0,0,0
1.1114999999999999,0,0,0,0
1.1120000000000001,0,0,0,0
1.1125,0,0,0,0
1.113,0,0,0,0
1.1134999999999999,0,0,0,0
1.1140000000000001,0,0,0,0
1.1145,0,0,0,0
1.115,0,0,0,0
1.1154999999999999,0,0,0,0
1.1160000000000001,0,0,0,0
1.1165,0,0,0,0
1.117,0,0,0,0
1.1174999999999999,0,0,0,0
1.1180000000000001,0,0,0,0
1.1185,0,0,0,0
1.119,0,0,0,0
1.1194999999999999,0,0,0,0
1.1200000000000001,0,0,0,0
1.1205000000000001,0,0,0,0
1.121,0,0,0,0
1.1214999999999999,0,0,0,0
1.1220000000000001,0,0,0,0
1.1225000000000001,0,0,0,0
1.123,0,0,0,0
1.1234999999999999,0,0,0,0
1.1240000000000001,0,0,0,0
1.1245000000000001,0,0,0,0
1.125,0,0,0,0
1.1254999999999999,0,0,0,0
1.1259999999999999,0,0,0,0
1.1265000000000001,0,0,0,0
1.127,0,0,0,0
1.1274999999999999,0,0,0,0
1.1279999999999999,0,0,0,0
1.1285000000000001,0,0,0,0
1.129,0,0,0,0
1.1294999999999999,0,0,0,0
1.1299999999999999,0,0,0,0
1.1305000000000001,0,0,0,0
1.131,0,0,0,0
1.1315,0,0,0,0
1.1319999999999999,0,0,0,0
1.1325000000000001,0,0,0,0
1.133,0,0,0,0
1.1335,0,0,0,0
1.1339999999999999,0,0,0,0
1.1345000000000001,0,0,0,0
1.135,0,0,0,0
1.1355,0,0,0,0
1.1359999999999999,0,0,0,0
1.1365000000000001,0,0,0,0
1.137,0,0,0,0
1.1375,0,0,0,0
1.1379999999999999,0,0,0,0
1.1385000000000001,0,0,0,0
1.139,0,0,0,0
1.1395,0,0,0,0
1.1399999999999999,0,0,0,0
1.1405000000000001,0,0,0,0
1.141,0,0,0,0
1.1415,0,0,0,0
1.1419999999999999,0,0,0,0
1.1425000000000001,0,0,0,0
1.143,0,0,0,0
1.1435,0,0,0,0
1.1439999999999999,0,0,0,0
1.1445000000000001,0,0,0,0
1.145,0,0,0,0
1.1455,0,0,0,0
1.1459999999999999,0,0,0,0
1.1465000000000001,0,0,0,0
1.147,0,0,0,0
1.1475,0,0,0,0
1.1479999999999999,0,0,0,0
1.1485000000000001,0,0,0,0
1.149,0,0,0,0
1.1495,0,0,0,0
1.1499999999999999,0,0,0,0
1.1505000000000001,0,0,0,0
1.151,0,0,0,0
1.1515,0,0,0,0
1.1519999999999999,0,0,0,0
1.1525000000000001,0,0,0,0
1.153,0,0,0,0
1.1535,0,0,0,0
1.1539999999999999,0,0,0,0
1.1545000000000001,0,0,0,0
1.155,0,0,0,0
1.1555,0,0,0,0
1.1559999999999999,0,0,0,0
1.1565000000000001,0,0,0,0
1.157,0,0,0,0
1.1575,0,0,0,0
1.1579999999999999,0,0,0,0
1.1585000000000001,0,0,0,0
1.159,0,0,0,0
1.1595,0,0,0,0
1.1599999999999999,0,0,0,0
1.1605000000000001,0,0,0,0
1.161,0,0,0,0
1.1615,0,0,0,0
1.1619999999999999,0,0,0,0
1.1625000000000001,0,0,0,0
1.163,0,0,0,0
1.1635,0,0,0,0
1.1639999999999999,0,0,0,0
1.1645000000000001,0,0,0,0
1.165,0,0,0,0
1.1655,0,0,0,0
1.1659999999999999,0,0,0,0
1.1665000000000001,0,0,0,0
1.167,0,0,0,0
1.1675,0,0,0,0
1.1679999999999999,0,0,0,0
1.1685000000000001,0,0,0,0
1.169,0,0,0,0
1.1695,0,0,0,0
1.1699999999999999,0,0,0,0
1.1705000000000001,0,0,0,0
1.171,0,0,0,0
1.1715,0,0,0,0
1.1719999999999999,0,0,0,0
1.1725000000000001,0,0,0,0
1.173,0,0,0,0
1.1735,0,0,0,0
1.1739999999999999,0,0,0,0
1.1745000000000001,0,0,0,0
1.175,0,0,0,0
1.1755,0,0,0,0
1.1759999999999999,0,0,0,0
1.1765000000000001,0,0,0,0
1.177,0,0,0,0
1.1775,0,0,0,0
1.1779999999999999,0,0,0,0
1.1785000000000001,0,0,0,0
1.179,0,0,0,0
1.1795,0,0,0,0
1.1799999999999999,0,0,0,0
1.1805000000000001,0,0,0,0
1.181,0,0,0,0
1.1815,0,0,0,0
1.1819999999999999,0,0,0,0
1.1825000000000001,0,0,0,0
1.1830000000000001,0,0,0,0
1.1835,0,0,0,0
1.1839999999999999,0,0,0,0
1.1845000000000001,0,0,0,0
1.1850000000000001,0,0,0,0
1.1855,0,0,0,0
1.1859999999999999,0,0,0,0
1.1865000000000001,0,0,0,0
1.1870000000000001,0,0,0,0
1.1875,0,0,0,0
1.1879999999999999,0,0,0,0
1.1884999999999999,0,0,0,0
1.1890000000000001,0,0,0,0
1.1895,0,0,0,0
1.1899999999999999,0,0,0,0
1.1904999999999999,0,0,0,0
1.1910000000000001,0,0,0,0
1.1915,0,0,0,0
1.1919999999999999,0,0,0,0
1.1924999999999999,0,0,0,0
1.1930000000000001,0,0,0,0
1.1935,0,0,0,0
1.194,0,0,0,0
1.1944999999999999,0,0,0,0
1.1950000000000001,0,0,0,0
1.1955,0,0,0,0
1.196,0,0,0,0
1.1964999999999999,0,0,0,0
1.1970000000000001,0,0,0,0
1.1975,0,0,0,0
1.198,0,0,0,0
1.1984999999999999,0,0,0,0
1.1990000000000001,0,0,0,0
1.1995,0,0,0,0
1.2,0,0,0,0
1.2004999999999999,0,0,0,0
1.2010000000000001,0,0,0,0
1.2015,0,0,0,0
1.202,0,0,0,0
1.2024999999999999,0,0,0,0
1.2030000000000001,0,0,0,0
1.2035,0,0,0,0
1.204,0,0,0,0
1.2044999999999999,0,0,0,0
1.2050000000000001,0,0,0,0
1.2055,0,0,0,0
1.206,0,0,0,0
1.2064999999999999,0,0,0,0
1.2070000000000001,0,0,0,0
1.2075,0,0,0,0
1.208,0,0,0,0
1.2084999999999999,0,0,0,0
1.2090000000000001,0,0,0,0
1.2095,0,0,0,0
1.21,0,0,0,0
1.2104999999999999,0,0,0,0
1.2110000000000001,0,0,0,0
1.2115,0,0,0,0
1.212,0,0,0,0
1.2124999999999999,0,0,0,0
1.2130000000000001,0,0,0,0
1.2135,0,0,0,0
1.214,0,0,0,0
1.2144999999999999,0,0,0,0
1.2150000000000001,0,0,0,0
1.2155,0,0,0,0
1.216,0,0,0,0
1.2164999999999999,0,0,0,0
1.2170000000000001,0,0,0,0
1.2175,0,0,0,0
1.218,0,0,0,0
1.2184999999999999,0,0,0,0
1.2190000000000001,0,0,0,0
1.2195,0,0,0,0
1.22,0,0,0,0
1.2204999999999999,0,0,0,0
1.2210000000000001,0,0,0,0
1.2215,0,0,0,0
1.222,0,0,0,0
1.2224999999999999,0,0,0,0
1.2230000000000001,0,0,0,0
1.2235,0,0,0,0
1.224,0,0,0,0
1.2244999999999999,0,0,0,0
1.2250000000000001,0,0,0,0
1.2255,0,0,0,0
1.226,0,0,0,0
1.2264999999999999,0,0,0,0
1.2270000000000001,0,0,0,0
1.2275,0,0,0,0
1.228,0,0,0,0
1.2284999999999999,0,0,0,0
1.2290000000000001,0,0,0,0
1.2295,0,0,0,0
1.23,0,0,0,0
1.2304999999999999,0,0,0,0
1.2310000000000001,0,0,0,0
1.2315,0,0,0,0
1.232,0,0,0,0
1.2324999999999999,0,0,0,0
1.2330000000000001,0,0,0,0
1.2335,0,0,0,0
1.234,0,0,0,0
1.2344999999999999,0,0,0,0
1.2350000000000001,0,0,0,0
1.2355,0,0,0,0
1.236,0,0,0,0
1.2364999999999999,0,0,0,0
1.2370000000000001,0,0,0,0
1.2375,0,0,0,0
1.238,0,0,0,0
1.2384999999999999,0,0,0,0
1.2390000000000001,0,0,0,0
1.2395,0,0,0,0
1.24,0,0,0,0
1.2404999999999999,0,0,0,0
1.2410000000000001,0,0,0,0
1.2415,0,0,0,0
1.242,0,0,0,0
1.2424999999999999,0,0,0,0
1.2430000000000001,0,0,0,0
1.2435,0,0,0,0
1.244,0,0,0,0
1.2444999999999999,0,0,0,0
1.2450000000000001,0,0,0,0
1.2455000000000001,0,0,0,0
1.246,0,0,0,0
1.2464999999999999,0,0,0,0
1.2470000000000001,0,0,0,0
1.2475000000000001,0,0,0,0
1.248,0,0,0,0
1.2484999999999999,0,0,0,0
1.2490000000000001,0,0,0,0
1.2495000000000001,0,0,0,0
1.25,0,0,0,0
1.2504999999999999,0,0,0,0
1.2509999999999999,0,0,0,0
1.2515000000000001,0,0,0,0
1.252,0,0,0,0
1.2524999999999999,0,0,0,0
1.2529999999999999,0,0,0,0
1.2535000000000001,0,0,0,0
1.254,0,0,0,0
1.2544999999999999,0,0,0,0
1.2549999999999999,0,0,0,0
1.2555000000000001,0,0,0,0
1.256,0,0,0,0
1.2565,0,0,0,0
1.2569999999999999,0,0,0,0
1.2575000000000001,0,0,0,0
1.258,0,0,0,0
1.2585,0,0,0,0
1.2589999999999999,0,0,0,0
1.2595000000000001,0,0,0,0
1.26,0,0,0,0
1.2605,0,0,0,0
1.2609999999999999,0,0,0,0
1.2615000000000001,0,0,0,0
1.262,0,0,0,0
1.2625,0,0,0,0
1.2629999999999999,0,0,0,0
1.2635000000000001,0,0,0,0
1.264,0,0,0,0
1.2645,0,0,0,0
1.2649999999999999,0,0,0,0
1.2655000000000001,0,0,0,0
1.266,0,0,0,0
1.2665,0,0,0,0
1.2669999999999999,0,0,0,0
1.2675000000000001,0,0,0,0
1.268,0,0,0,0
1.2685,0,0,0,0
1.2689999999999999,0,0,0,0
1.2695000000000001,0,0,0,0
1.27,0,0,0,0
1.2705,0,0,0,0
1.2709999999999999,0,0,0,0
1.2715000000000001,0,0,0,0
1.272,0,0,0,0
1.2725,0,0,0,0
1.2729999999999999,0,0,0,0
1.2735000000000001,0,0,0,0
1.274,0,0,0,0
1.2745,0,0,0,0
1.2749999999999999,0,0,0,0
1.2755000000000001,0,0,0,0
1.276,0,0,0,0
1.2765,0,0,0,0
1.2769999999999999,0,0,0,0
1.2775000000000001,0,0,0,0
1.278,0,0,0,0
1.2785,0,0,0,0
1.2789999999999999,0,0,0,0
1.2795000000000001,0,0,0,0
1.28,0,0,0,0
1.2805,0,0,0,0
1.2809999999999999,0,0,0,0
1.2815000000000001,0,0,0,0
1.282,0,0,0,0
1.2825,0,0,0,0
1.2829999999999999,0,0,0,0
1.2835000000000001,0,0,0,0
1.284,0,0,0,0
1.2845,0,0,0,0
1.2849999999999999,0,0,0,0
1.2855000000000001,0,0,0,0
1.286,0,0,0,0
1.2865,0,0,0,0
1.2869999999999999,0,0,0,0
1.2875000000000001,0,0,0,0
1.288,0,0,0,0
1.2885,0,0,0,0
1.2889999999999999,0,0,0,0
1.2895000000000001,0,0,0,0
1.29,0,0,0,0
1.2905,0,0,0,0
1.2909999999999999,0,0,0,0
1.2915000000000001,0,0,0,0
1.292,0,0,0,0
1.2925,0,0,0,0
1.2929999999999999,0,0,0,0
1.2935000000000001,0,0,0,0
1.294,0,0,0,0
1.2945,0,0,0,0
1.2949999999999999,0,0,0,0
1.2955000000000001,0,0,0,0
1.296,0,0,0,0
1.2965,0,0,0,0
1.2969999999999999,0,0,0,0
1.2975000000000001,0,0,0,0
1.298,0,0,0,0
1.2985,0,0,0,0
1.2989999999999999,0,0,0,0
1.2995000000000001,0,0,0,0
1.3,0,0,0,0
1.3005,0,0,0,0
1.3009999999999999,0,0,0,0
1.3015000000000001,0,0,0,0
1.302,0,0,0,0
1.3025,0,0,0,0
1.3029999999999999,0,0,0,0
1.3035000000000001,0,0,0,0
1.304,0,0,0,0
1.3045,0,0,0,0
1.3049999999999999,0,0,0,0
1.3055000000000001,0,0,0,0
1.306,0,0,0,0
1.3065,0,0,0,0
1.3069999999999999,0,0,0,0
1.3075000000000001,0,0,0,0
1.3080000000000001,0,0,0,0
1.3085,0,0,0,0
1.3089999999999999,0,0,0,0
1.3095000000000001,0,0,0,0
1.3100000000000001,0,0,0,0
1.3105,0,0,0,0
1.3109999999999999,0,0,0,0
1.3115000000000001,0,0,0,0
1.3120000000000001,0,0,0,0
1.3125,0,0,0,0
1.3129999999999999,0,0,0,0
1.3134999999999999,0,0,0,0
1.3140000000000001,0,0,0,0
1.3145,0,0,0,0
1.3149999999999999,0,0,0,0
1.3154999999999999,0,0,0,0
1.3160000000000001,0,0,0,0
1.3165,0,0,0,0
1.3169999999999999,0,0,0,0
1.3174999999999999,0,0,0,0
1.3180000000000001,0,0,0,0
1.3185,0,0,0,0
1.319,0,0,0,0
1.3194999999999999,0,0,0,0
1.3200000000000001,0,0,0,0
1.3205,0,0,0,0
1.321,0,0,0,0
1.3214999999999999,0,0,0,0
1.3220000000000001,0,0,0,0
1.3225,0,0,0,0
1.323,0,0,0,0
1.3234999999999999,0,0,0,0
1.3240000000000001,0,0,0,0
1.3245,0,0,0,0
1.325,0,0,0,0
1.3254999999999999,0,0,0,0
1.3260000000000001,0,0,0,0
1.3265,0,0,0,0
1.327,0,0,0,0
1.3274999999999999,0,0,0,0
1.3280000000000001,0,0,0,0
1.3285,0,0,0,0
1.329,0,0,0,0
1.3294999999999999,0,0,0,0
1.3300000000000001,0,0,0,0
1.3305,0,0,0,0
1.331,0,0,0,0
1.3314999999999999,0,0,0,0
1.3320000000000001,0,0,0,0
1.3325,0,0,0,0
1.333,0,0,0,0
1.3334999999999999,0,0,0,0
1.3340000000000001,0,0,0,0
1.3345,0,0,0,0
1.335,0,0,0,0
1.3354999999999999,0,0,0,0
1.3360000000000001,0,0,0,0
1.3365,0,0,0,0
1.337,0,0,0,0
1.3374999999999999,0,0,0,0
1.3380000000000001,0,0,0,0
1.3385,0,0,0,0
1.339,0,0,0,0
1.3394999999999999,0,0,0,0
1.3400000000000001,0,0,0,0
1.3405,0,0,0,0
1.341,0,0,0,0
1.3414999999999999,0,0,0,0
1.3420000000000001,0,0,0,0
1.3425,0,0,0,0
1.343,0,0,0,0
1.3434999999999999,0,0,0,0
1.3440000000000001,0,0,0,0
1.3445,0,0,0,0
1.345,0,0,0,0
1.3454999999999999,0,0,0,0
1.3460000000000001,0,0,0,0
1.3465,0,0,0,0
1.347,0,0,0,0
1.3474999999999999,0,0,0,0
1.3480000000000001,0,0,0,0
1.3485,0,0,0,0
1.349,0,0,0,0
1.3494999999999999,0,0,0,0
1.3500000000000001,0,0,0,0
1.3505,0,0,0,0
1.351,0,0,0,0
1.3514999999999999,0,0,0,0
1.3520000000000001,0,0,0,0
1.3525,0,0,0,0
1.353,0,0,0,0
1.3534999999999999,0,0,0,0
1.3540000000000001,0,0,0,0
1.3545,0,0,0,0
1.355,0,0,0,0
1.3554999999999999,0,0,0,0
1.3560000000000001,0,0,0,0
1.3565,0,0,0,0
1.357,0,0,0,0
1.3574999999999999,0,0,0,0
1.3580000000000001,0,0,0,0
1.3585,0,0,0,0
1.359,0,0,0,0
1.3594999999999999,0,0,0,0
1.3600000000000001,0,0,0,0
1.3605,0,0,0,0
1.361,0,0,0,0
1.3614999999999999,0,0,0,0
1.3620000000000001,0,0,0,0
1.3625,0,0,0,0
1.363,0,0,0,0
1.3634999999999999,0,0,0,0
1.3640000000000001,0,0,0,0
1.3645,0,0,0,0
1.365,0,0,0,0
1.3654999999999999,0,0,0,0
1.3660000000000001,0,0,0,0
1.3665,0,0,0,0
1.367,0,0,0,0
1.3674999999999999,0,0,0,0
1.3680000000000001,0,0,0,0
1.3685,0,0,0,0
1.369,0,0,0,0
1.3694999999999999,0,0,0,0
1.3700000000000001,0,0,0,0
1.3705000000000001,0,0,0,0
1.371,0,0,0,0
1.3714999999999999,0,0,0,0
1.3720000000000001,0,0,0,0
1.3725000000000001,0,0,0,0
1.373,0,0,0,0
1.3734999999999999,0,0,0,0
1.3740000000000001,0,0,0,0
1.3745000000000001,0,0,0,0
1.375,0,0,0,0
1.3754999999999999,0,0,0,0
1.3759999999999999,0,0,0,0
1.3765000000000001,0,0,0,0
1.377,0,0,0,0
1.3774999999999999,0,0,0,0
1.3779999999999999,0,0,0,0
1.3785000000000001,0,0,0,0
1.379,0,0,0,0
1.3794999999999999,0,0,0,0
1.3799999999999999,0,0,0,0
1.3805000000000001,0,0,0,0
1.381,0,0,0,0
1.3815,0,0,0,0
1.3819999999999999,0,0,0,0
1.3825000000000001,0,0,0,0
1.383,0,0,0,0
1.3835,0,0,0,0
1.3839999999999999,0,0,0,0
1.3845000000000001,0,0,0,0
1.385,0,0,0,0
1.3855,0,0,0,0
1.3859999999999999,0,0,0,0
1.3865000000000001,0,0,0,0
1.387,0,0,0,0
1.3875,0,0,0,0
1.3879999999999999,0,0,0,0
1.3885000000000001,0,0,0,0
1.389,0,0,0,0
1.3895,0,0,0,0
1.3899999999999999,0,0,0,0
1.3905000000000001,0,0,0,0
1.391,0,0,0,0
1.3915,0,0,0,0
1.3919999999999999,0,0,0,0
1.3925000000000001,0,0,0,0
1.393,0,0,0,0
1.3935,0,0,0,0
1.3939999999999999,0,0,0,0
1.3945000000000001,0,0,0,0
1.395,0,0,0,0
1.3955,0,0,0,0
1.3959999999999999,0,0,0,0
1.3965000000000001,0,0,0,0
1.397,0,0,0,0
1.3975,0,0,0,0
1.3979999999999999,0,0,0,0
1.3985000000000001,0,0,0,0
1.399,0,0,0,0
1.3995,0,0,0,0
1.3999999999999999,0,0,0,0
1.4005000000000001,0,0,0,0
1.401,0,0,0,0
1.4015,0,0,0,0
1.4019999999999999,0,0,0,0
1.4025000000000001,0,0,0,0
1.403,0,0,0,0
1.4035,0,0,0,0
1.4039999999999999,0,0,0,0
1.4045000000000001,0,0,0,0
1.405,0,0,0,0
1.4055,0,0,0,0
1.4059999999999999,0,0,0,0
1.4065000000000001,0,0,0,0
1.407,0,0,0,0
1.4075,0,0,0,0
1.4079999999999999,0,0,0,0
1.4085000000000001,0,0,0,0
1.409,0,0,0,0
1.4095,0,0,0,0
1.4099999999999999,0,0,0,0
1.4105000000000001,0,0,0,0
1.411,0,0,0,0
1.4115,0,0,0,0
1.4119999999999999,0,0,0,0
1.4125000000000001,0,0,0,0
1.413,0,0,0,0
1.4135,0,0,0,0
1.4139999999999999,0,0,0,0
1.4145000000000001,0,0,0,0
1.415,0,0,0,0
1.4155,0,0,0,0
1.4159999999999999,0,0,0,0
1.4165000000000001,0,0,0,0
1.417,0,0,0,0
1.4175,0,0,0,0
1.4179999999999999,0,0,0,0
1.4185000000000001,0,0,0,0
1.419,0,0,0,0
1.4195,0,0,0,0
1.4199999999999999,0,0,0,0
1.4205000000000001,0,0,0,0
1.421,0,0,0,0
1.4215,0,0,0,0
1.4219999999999999,0,0,0,0
1.4225000000000001,0,0,0,0
1.423,0,0,0,0
1.4235,0,0,0,0
1.4239999999999999,0,0,0,0
1.4245000000000001,0,0,0,0
1.425,0,0,0,0
1.4255,0,0,0,0
1.4259999999999999,0,0,0,0
1.4265000000000001,0,0,0,0
1.427,0,0,0,0
1.4275,0,0,0,0
1.4279999999999999,0,0,0,0
1.4285000000000001,0,0,0,0
1.429,0,0,0,0
1.4295,0,0,0,0
1.4299999999999999,0,0,0,0
1.4305000000000001,0,0,0,0
1.431,0,0,0,0
1.4315,0,0,0,0
1.4319999999999999,0,0,0,0
1.4325000000000001,0,0,0,0
1.4330000000000001,0,0,0,0
1.4335,0,0,0,0
1.4339999999999999,0,0,0,0
1.4345000000000001,0,0,0,0
1.4350000000000001,0,0,0,0
1.4355,0,0,0,0
1.4359999999999999,0,0,0,0
1.4365000000000001,0,0,0,0
1.4370000000000001,0,0,0,0
1.4375,0,0,0,0
1.4379999999999999,0,0,0,0
1.4384999999999999,0,0,0,0
1.4390000000000001,0,0,0,0
1.4395,0,0,0,0
1.4399999999999999,0,0,0,0
1.4404999999999999,0,0,0,0
1.4410000000000001,0,0,0,0
1.4415,0,0,0,0
1.4419999999999999,0,0,0,0
1.4424999999999999,0,0,0,0
1.4430000000000001,0,0,0,0
1.4435,0,0,0,0
1.444,0,0,0,0
1.4444999999999999,0,0,0,0
1.4450000000000001,0,0,0,0
1.4455,0,0,0,0
1.446,0,0,0,0
1.4464999999999999,0,0,0,0
1.4470000000000001,0,0,0,0
1.4475,0,0,0,0
1.448,0,0,0,0
1.4484999999999999,0,0,0,0
1.4490000000000001,0,0,0,0
1.4495,0,0,0,0
1.45,0,0,0,0
1.4504999999999999,0,0,0,0
1.4510000000000001,0,0,0,0
1.4515,0,0,0,0
1.452,0,0,0,0
1.4524999999999999,0,0,0,0
1.4530000000000001,0,0,0,0
1.4535,0,0,0,0
1.454,0,0,0,0
1.4544999999999999,0,0,0,0
1.4550000000000001,0,0,0,0
1.4555,0,0,0,0
1.456,0,0,0,0
1.4564999999999999,0,0,0,0
1.4570000000000001,0,0,0,0
1.4575,0,0,0,0
1.458,0,0,0,0
1.4584999999999999,0,0,0,0
1.4590000000000001,0,0,0,0
1.4595,0,0,0,0
1.46,0,0,0,0
1.4604999999999999,0,0,0,0
1.4610000000000001,0,0,0,0
1.4615,0,0,0,0
1.462,0,0,0,0
1.4624999999999999,0,0,0,0
1.4630000000000001,0,0,0,0
1.4635,0,0,0,0
1.464,0,0,0,0
1.4644999999999999,0,0,0,0
1.4650000000000001,0,0,0,0
1.4655,0,0,0,0
1.466,0,0,0,0
1.4664999999999999,0,0,0,0
1.4670000000000001,0,0,0,0
1.4675,0,0,0,0
1.468,0,0,0,0
1.4684999999999999,0,0,0,0
1.4690000000000001,0,0,0,0
1.4695,0,0,0,0
1.47,0,0,0,0
1.4704999999999999,0,0,0,0
1.4710000000000001,0,0,0,0
1.4715,0,0,0,0
1.472,0,0,0,0
1.4724999999999999,0,0,0,0
1.4730000000000001,0,0,0,0
1.4735,0,0,0,0
1.474,0,0,0,0
1.4744999999999999,0,0,0,0
1.4750000000000001,0,0,0,0
1.4755,0,0,0,0
1.476,0,0,0,0
1.4764999999999999,0,0,0,0
1.4770000000000001,0,0,0,0
1.4775,0,0,0,0
1.478,0,0,0,0
1.4784999999999999,0,0,0,0
1.4790000000000001,0,0,0,0
1.4795,0,0,0,0
1.48,0,0,0,0
1.4804999999999999,0,0,0,0
1.4810000000000001,0,0,0,0
1.4815,0,0,0,0
1.482,0,0,0,0
1.4824999999999999,0,0,0,0
1.4830000000000001,0,0,0,0
1.4835,0,0,0,0
1.484,0,0,0,0
1.4844999999999999,0,0,0,0
1.4850000000000001,0,0,0,0
1.4855,0,0,0,0
1.486,0,0,0,0
1.4864999999999999,0,0,0,0
1.4870000000000001,0,0,0,0
1.4875,0,0,0,0
1.488,0,0,0,0
1.4884999999999999,0,0,0,0
1.4890000000000001,0,0,0,0
1.4895,0,0,0,0
1.49,0,0,0,0
1.4904999999999999,0,0,0,0
1.4910000000000001,0,0,0,0
1.4915,0,0,0,0
1.492,0,0,0,0
1.4924999999999999,0,0,0,0
1.4930000000000001,0,0,0,0
1.4935,0,0,0,0
1.494,0,0,0,0
1.4944999999999999,0,0,0,0
1.4950000000000001,0,0,0,0
1.4955000000000001,0,0,0,0
1.496,0,0,0,0
1.4964999999999999,0,0,0,0
1.4970000000000001,0,0,0,0
1.4975000000000001,0,0,0,0
1.498,0,0,0,0
1.4984999999999999,0,0,0,0
1.4990000000000001,0,0,0,0
1.4995000000000001,0,0,0,0
1.5,0,0,0,0
1.5004999999999999,0,0,0,0
1.5009999999999999,0,0,0,0
1.5015000000000001,0,0,0,0
1.502,0,0,0,0
1.5024999999999999,0,0,0,0
1.5029999999999999,0,0,0,0
1.5035000000000001,0,0,0,0
1.504,0,0,0,0
1.5044999999999999,0,0,0,0
1.5049999999999999,0,0,0,0
1.5055000000000001,0,0,0,0
1.506,0,0,0,0
1.5065,0,0,0,0
1.5069999999999999,0,0,0,0
1.5075000000000001,0,0,0,0
1.508,0,0,0,0
1.5085,0,0,0,0
1.5089999999999999,0,0,0,0
1.5095000000000001,0,0,0,0
1.51,0,0,0,0
1.5105,0,0,0,0
1.5109999999999999,0,0,0,0
1.5115000000000001,0,0,0,0
1.512,0,0,0,0
1.5125,0,0,0,0
1.5129999999999999,0,0,0,0
1.5135000000000001,0,0,0,0
1.514,0,0,0,0
1.5145,0,0,0,0
1.5149999999999999,0,0,0,0
1.5155000000000001,0,0,0,0
1.516,0,0,0,0
1.5165,0,0,0,0
1.5169999999999999,0,0,0,0
1.5175000000000001,0,0,0,0
1.518,0,0,0,0
1.5185,0,0,0,0
1.5189999999999999,0,0,0,0
1.5195000000000001,0,0,0,0
1.52,0,0,0,0
1.5205,0,0,0,0
1.5209999999999999,0,0,0,0
1.5215000000000001,0,0,0,0
1.522,0,0,0,0
1.5225,0,0,0,0
1.5229999999999999,0,0,0,0
1.5235000000000001,0,0,0,0
1.524,0,0,0,0
1.5245,0,0,0,0
1.5249999999999999,0,0,0,0
1.5255000000000001,0,0,0,0
1.526,0,0,0,0
1.5265,0,0,0,0
1.5269999999999999,0,0,0,0
1.5275000000000001,0,0,0,0
1.528,0,0,0,0
1.5285,0,0,0,0
1.5289999999999999,0,0,0,0
1.5295000000000001,0,0,0,0
1.53,0,0,0,0
1.5305,0,0,0,0
1.5309999999999999,0,0,0,0
1.5315000000000001,0,0,0,0
1.532,0,0,0,0
1.5325,0,0,0,0
1.5329999999999999,0,0,0,0
1.5335000000000001,0,0,0,0
1.534,0,0,0,0
1.5345,0,0,0,0
1.5349999999999999,0,0,0,0
1.5355000000000001,0,0,0,0
1.536,0,0,0,0
1.5365,0,0,0,0
1.5369999999999999,0,0,0,0
1.5375000000000001,0,0,0,0
1.538,0,0,0,0
1.5385,0,0,0,0
1.5389999999999999,0,0,0,0
1.5395000000000001,0,0,0,0
1.54,0,0,0,0
1.5405,0,0,0,0
1.5409999999999999,0,0,0,0
1.5415000000000001,0,0,0,0
1.542,0,0,0,0
1.5425,0,0,0,0
1.5429999999999999,0,0,0,0
1.5435000000000001,0,0,0,0
1.544,0,0,0,0
1.5445,0,0,0,0
1.5449999999999999,0,0,0,0
1.5455000000000001,0,0,0,0
1.546,0,0,0,0
1.5465,0,0,0,0
1.5469999999999999,0,0,0,0
1.5475000000000001,0,0,0,0
1.548,0,0,0,0
1.5485,0,0,0,0
1.5489999999999999,0,0,0,0
1.5495000000000001,0,0,0,0
1.55,0,0,0,0
1.5505,0,0,0,0
1.5509999999999999,0,0,0,0
1.5515000000000001,0,0,0,0
1.552,0,0,0,0
1.5525,0,0,0,0
1.5529999999999999,0,0,0,0
1.5535000000000001,0,0,0,0
1.554,0,0,0,0
1.5545,0,0,0,0
1.5549999999999999,0,0,0,0
1.5555000000000001,0,0,0,0
1.556,0,0,0,0
1.5565,0,0,0,0
1.5569999999999999,0,0,0,0
1.5575000000000001,0,0,0,0
1.5580000000000001,0,0,0,0
1.5585,0,0,0,0
1.5589999999999999,0,0,0,0
1.5595000000000001,0,0,0,0
1.5600000000000001,0,0,0,0
1.5605,0,0,0,0
1.5609999999999999,0,0,0,0
1.5615000000000001,0,0,0,0
1.5620000000000001,0,0,0,0
1.5625,0,0,0,0
1.5629999999999999,0,0,0,0
1.5634999999999999,0,0,0,0
1.5640000000000001,0,0,0,0
1.5645,0,0,0,0
1.5649999999999999,0,0,0,0
1.5654999999999999,0,0,0,0
1.5660000000000001,0,0,0,0
1.5665,0,0,0,0
1.5669999999999999,0,0,0,0
1.5674999999999999,0,0,0,0
1.5680000000000001,0,0,0,0
1.5685,0,0,0,0
1.569,0,0,0,0
1.5694999999999999,0,0,0,0
1.5700000000000001,0,0,0,0
1.5705,0,0,0,0
1.571,0,0,0,0
1.5714999999999999,0,0,0,0
1.5720000000000001,0,0,0,0
1.5725,0,0,0,0
1.573,0,0,0,0
1.5734999999999999,0,0,0,0
1.5740000000000001,0,0,0,0
1.5745,0,0,0,0
1.575,0,0,0,0
1.5754999999999999,0,0,0,0
1.5760000000000001,0,0,0,0
1.5765,0,0,0,0
1.577,0,0,0,0
1.5774999999999999,0,0,0,0
1.5780000000000001,0,0,0,0
1.5785,0,0,0,0
1.579,0,0,0,0
1.5794999999999999,0,0,0,0
1.5800000000000001,0,0,0,0
1.5805,0,0,0,0
1.581,0,0,0,0
1.5814999999999999,0,0,0,0
1.5820000000000001,0,0,0,0
1.5825,0,0,0,0
1.583,0,0,0,0
1.5834999999999999,0,0,0,0
1.5840000000000001,0,0,0,0
1.5845,0,0,0,0
1.585,0,0,0,0
1.5854999999999999,0,0,0,0
1.5860000000000001,0,0,0,0
1.5865,0,0,0,0
1.587,0,0,0,0
1.5874999999999999,0,0,0,0
1.5880000000000001,0,0,0,0
1.5885,0,0,0,0
1.589,0,0,0,0
1.5894999999999999,0,0,0,0
1.5900000000000001,0,0,0,0
1.5905,0,0,0,0
1.591,0,0,0,0
1.5914999999999999,0,0,0,0
1.5920000000000001,0,0,0,0
1.5925,0,0,0,0
1.593,0,0,0,0
1.5934999999999999,0,0,0,0
1.5940000000000001,0,0,0,0
1.5945,0,0,0,0
1.595,0,0,0,0
1.5954999999999999,0,0,0,0
1.5960000000000001,0,0,0,0
1.5965,0,0,0,0
1.597,0,0,0,0
1.5974999999999999,0,0,0,0
1.5980000000000001,0,0,0,0
1.5985,0,0,0,0
1.599,0,0,0,0
1.5994999999999999,0,0,0,0
1.6000000000000001,0,0,0,0
1.6005,0,0,0,0
1.601,0,0,0,0
1.6014999999999999,0,0,0,0
1.6020000000000001,0,0,0,0
1.6025,0,0,0,0
1.603,0,0,0,0
1.6034999999999999,0,0,0,0
1.6040000000000001,0,0,0,0
1.6045,0,0,0,0
1.605,0,0,0,0
1.6054999999999999,0,0,0,0
1.6060000000000001,0,0,0,0
1.6065,0,0,0,0
1.607,0,0,0,0
1.6074999999999999,0,0,0,0
1.6080000000000001,0,0,0,0
1.6085,0,0,0,0
1.609,0,0,0,0
1.6094999999999999,0,0,0,0
1.6100000000000001,0,0,0,0
1.6105,0,0,0,0
1.611,0,0,0,0
1.6114999999999999,0,0,0,0
1.6120000000000001,0,0,0,0
1.6125,0,0,0,0
1.613,0,0,0,0
1.6134999999999999,0,0,0,0
1.6140000000000001,0,0,0,0
1.6145,0,0,0,0
1.615,0,0,0,0
1.6154999999999999,0,0,0,0
1.6160000000000001,0,0,0,0
1.6165,0,0,0,0
1.617,0,0,0,0
1.6174999999999999,0,0,0,0
1.6180000000000001,0,0,0,0
1.6185,0,0,0,0
1.619,0,0,0,0
1.6194999999999999,0,0,0,0
1.6200000000000001,0,0,0,0
1.6205000000000001,0,0,0,0
1.621,0,0,0,0
1.6214999999999999,0,0,0,0
1.6220000000000001,0,0,0,0
1.6225000000000001,0,0,0,0
1.623,0,0,0,0
1.6234999999999999,0,0,0,0
1.6240000000000001,0,0,0,0
1.6245000000000001,0,0,0,0
1.625,0,0,0,0
1.6254999999999999,0,0,0,0
1.6259999999999999,0,0,0,0
1.6265000000000001,0,0,0,0
1.627,0,0,0,0
1.6274999999999999,0,0,0,0
1.6279999999999999,0,0,0,0
1.6285000000000001,0,0,0,0
1.629,0,0,0,0
1.6294999999999999,0,0,0,0
1.6299999999999999,0,0,0,0
1.6305000000000001,0,0,0,0
1.631,0,0,0,0
1.6315,0,0,0,0
1.6319999999999999,0,0,0,0
1.6325000000000001,0,0,0,0
1.633,0,0,0,0
1.6335,0,0,0,0
1.6339999999999999,0,0,0,0
1.6345000000000001,0,0,0,0
1.635,0,0,0,0
1.6355,0,0,0,0
1.6359999999999999,0,0,0,0
1.6365000000000001,0,0,0,0
1.637,0,0,0,0
1.6375,0,0,0,0
1.6379999999999999,0,0,0,0
1.6385000000000001,0,0,0,0
1.639,0,0,0,0
1.6395,0,0,0,0
1.6399999999999999,0,0,0,0
1.6405000000000001,0,0,0,0
1.641,0,0,0,0
1.6415,0,0,0,0
1.6419999999999999,0,0,0,0
1.6425000000000001,0,0,0,0
1.643,0,0,0,0
1.6435,0,0,0,0
1.6439999999999999,0,0,0,0
1.6445000000000001,0,0,0,0
1.645,0,0,0,0
1.6455,0,0,0,0
1.6459999999999999,0,0,0,0
1.6465000000000001,0,0,0,0
1.647,0,0,0,0
1.6475,0,0,0,0
1.6479999999999999,0,0,0,0
1.6485000000000001,0,0,0,0
1.649,0,0,0,0
1.6495,0,0,0,0
1.6499999999999999,0,0,0,0
1.6505000000000001,0,0,0,0
1.651,0,0,0,0
1.6515,0,0,0,0
1.6519999999999999,0,0,0,0
1.6525000000000001,0,0,0,0
1.653,0,0,0,0
1.6535,0,0,0,0
1.6539999999999999,0,0,0,0
1.6545000000000001,0,0,0,0
1.655,0,0,0,0
1.6555,0,0,0,0
1.6559999999999999,0,0,0,0
1.6565000000000001,0,0,0,0
1.657,0,0,0,0
1.6575,0,0,0,0
1.6579999999999999,0,0,0,0
1.6585000000000001,0,0,0,0
1.659,0,0,0,0
1.6595,0,0,0,0
1.6599999999999999,0,0,0,0
1.6605000000000001,0,0,0,0
1.661,0,0,0,0
1.6615,0,0,0,0
1.6619999999999999,0,0,0,0
1.6625000000000001,0,0,0,0
1.663,0,0,0,0
1.6635,0,0,0,0
1.6639999999999999,0,0,0,0
1.6645000000000001,0,0,0,0
1.665,0,0,0,0
1.6655,0,0,0,0
1.6659999999999999,0,0,0,0
1.6665000000000001,0,0,0,0
1.667,0,0,0,0
1.6675,0,0,0,0
1.6679999999999999,0,0,0,0
1.6685000000000001,0,0,0,0
1.669,0,0,0,0
1.6695,0,0,0,0
1.6699999999999999,0,0,0,0
1.6705000000000001,0,0,0,0
1.671,0,0,0,0
1.6715,0,0,0,0
1.6719999999999999,0,0,0,0
1.6725000000000001,0,0,0,0
1.673,0,0,0,0
1.6735,0,0,0,0
1.6739999999999999,0,0,0,0
1.6745000000000001,0,0,0,0
1.675,0,0,0,0
1.6755,0,0,0,0
1.6759999999999999,0,0,0,0
1.6765000000000001,0,0,0,0
1.677,0,0,0,0
1.6775,0,0,0,0
1.6779999999999999,0,0,0,0
1.6785000000000001,0,0,0,0
1.679,0,0,0,0
1.6795,0,0,0,0
1.6799999999999999,0,0,0,0
1.6805000000000001,0,0,0,0
1.681,0,0,0,0
1.6815,0,0,0,0
1.6819999999999999,0,0,0,0
1.6825000000000001,0,0,0,0
1.6830000000000001,0,0,0,0
1.6835,0,0,0,0
1.6839999999999999,0,0,0,0
1.6845000000000001,0,0,0,0
1.6850000000000001,0,0,0,0
1.6855,0,0,0,0
1.6859999999999999,0,0,0,0
1.6865000000000001,0,0,0,0
1.6870000000000001,0,0,0,0
1.6875,0,0,0,0
1.6879999999999999,0,0,0,0
1.6884999999999999,0,0,0,0
1.6890000000000001,0,0,0,0
1.6895,0,0,0,0
1.6899999999999999,0,0,0,0
1.6904999999999999,0,0,0,0
1.6910000000000001,0,0,0,0
1.6915,0,0,0,0
1.6919999999999999,0,0,0,0
1.6924999999999999,0,0,0,0
1.6930000000000001,0,0,0,0
1.6935,0,0,0,0
1.694,0,0,0,0
1.6944999999999999,0,0,0,0
1.6950000000000001,0,0,0,0
1.6955,0,0,0,0
1.696,0,0,0,0
1.6964999999999999,0,0,0,0
1.6970000000000001,0,0,0,0
1.6975,0,0,0,0
1.698,0,0,0,0
1.6984999999999999,0,0,0,0
1.6990000000000001,0,0,0,0
1.6995,0,0,0,0
1.7,0,0,0,0
1.7004999999999999,0,0,0,0
1.7010000000000001,0,0,0,0
1.7015,0,0,0,0
1.702,0,0,0,0
1.7024999999999999,0,0,0,0
1.7030000000000001,0,0,0,0
1.7035,0,0,0,0
1.704,0,0,0,0
1.7044999999999999,0,0,0,0
1.7050000000000001,0,0,0,0
1.7055,0,0,0,0
1.706,0,0,0,0
1.7064999999999999,0,0,0,0
1.7070000000000001,0,0,0,0
1.7075,0,0,0,0
1.708,0,0,0,0
1.7084999999999999,0,0,0,0
1.7090000000000001,0,0,0,0
1.7095,0,0,0,0
1.71,0,0,0,0
1.7104999999999999,0,0,0,0
1.7110000000000001,0,0,0,0
1.7115,0,0,0,0
1.712,0,0,0,0
1.7124999999999999,0,0,0,0
1.7130000000000001,0,0,0,0
1.7135,0,0,0,0
1.714,0,0,0,0
1.7144999999999999,0,0,0,0
1.7150000000000001,0,0,0,0
1.7155,0,0,0,0
1.716,0,0,0,0
1.7164999999999999,0,0,0,0
1.7170000000000001,0,0,0,0
1.7175,0,0,0,0
1.718,0,0,0,0
1.7184999999999999,0,0,0,0
1.7190000000000001,0,0,0,0
1.7195,0,0,0,0
1.72,0,0,0,0
1.7204999999999999,0,0,0,0
1.7210000000000001,0,0,0,0
1.7215,0,0,0,0
1.722,0,0,0,0
1.7224999999999999,0,0,0,0
1.7230000000000001,0,0,0,0
1.7235,0,0,0,0
1.724,0,0,0,0
1.7244999999999999,0,0,0,0
1.7250000000000001,0,0,0,0
1.7255,0,0,0,0
1.726,0,0,0,0
1.7264999999999999,0,0,0,0
1.7270000000000001,0,0,0,0
1.7275,0,0,0,0
1.728,0,0,0,0
1.7284999999999999,0,0,0,0
1.7290000000000001,0,0,0,0
1.7295,0,0,0,0
1.73,0,0,0,0
1.7304999999999999,0,0,0,0
1.7310000000000001,0,0,0,0
1.7315,0,0,0,0
1.732,0,0,0,0
1.7324999999999999,0,0,0,0
1.7330000000000001,0,0,0,0
1.7335,0,0,0,0
1.734,0,0,0,0
1.7344999999999999,0,0,0,0
1.7350000000000001,0,0,0,0
1.7355,0,0,0,0
1.736,0,0,0,0
1.7364999999999999,0,0,0,0
1.7370000000000001,0,0,0,0
1.7375,0,0,0,0
1.738,0,0,0,0
1.7384999999999999,0,0,0,0
1.7390000000000001,0,0,0,0
1.7395,0,0,0,0
1.74,0,0,0,0
1.7404999999999999,0,0,0,0
1.7410000000000001,0,0,0,0
1.7415,0,0,0,0
1.742,0,0,0,0
1.7424999999999999,0,0,0,0
1.7430000000000001,0,0,0,0
1.7435,0,0,0,0
1.744,0,0,0,0
1.7444999999999999,0,0,0,0
1.7450000000000001,0,0,0,0
1.7455000000000001,0,0,0,0
1.746,0,0,0,0
1.7464999999999999,0,0,0,0
1.7470000000000001,0,0,0,0
1.7475000000000001,0,0,0,0
1.748,0,0,0,0
1.7484999999999999,0,0,0,0
1.7490000000000001,0,0,0,0
1.7495000000000001,0,0,0,0
1.75,0,0,0,0
1.7504999999999999,0,0,0,0
1.7509999999999999,0,0,0,0
1.7515000000000001,0,0,0,0
1.752,0,0,0,0
1.7524999999999999,0,0,0,0
1.7529999999999999,0,0,0,0
1.7535000000000001,0,0,0,0
1.754,0,0,0,0
1.7544999999999999,0,0,0,0
1.7549999999999999,0,0,0,0
1.7555000000000001,0,0,0,0
1.756,0,0,0,0
1.7565,0,0,0,0
1.7569999999999999,0,0,0,0
1.7575000000000001,0,0,0,0
1.758,0,0,0,0
1.7585,0,0,0,0
1.7589999999999999,0,0,0,0
1.7595000000000001,0,0,0,0
1.76,0,0,0,0
1.7605,0,0,0,0
1.7609999999999999,0,0,0,0
1.7615000000000001,0,0,0,0
1.762,0,0,0,0
1.7625,0,0,0,0
1.7629999999999999,0,0,0,0
1.7635000000000001,0,0,0,0
1.764,0,0,0,0
1.7645,0,0,0,0
1.7649999999999999,0,0,0,0
1.7655000000000001,0,0,0,0
1.766,0,0,0,0
1.7665,0,0,0,0
1.7669999999999999,0,0,0,0
1.7675000000000001,0,0,0,0
1.768,0,0,0,0
1.7685,0,0,0,0
1.7689999999999999,0,0,0,0
1.7695000000000001,0,0,0,0
1.77,0,0,0,0
1.7705,0,0,0,0
1.7709999999999999,0,0,0,0
1.7715000000000001,0,0,0,0
1.772,0,0,0,0
1.7725,0,0,0,0
1.7729999999999999,0,0,0,0
1.7735000000000001,0,0,0,0
1.774,0,0,0,0
1.7745,0,0,0,0
1.7749999999999999,0,0,0,0
1.7755000000000001,0,0,0,0
1.776,0,0,0,0
1.7765,0,0,0,0
1.7769999999999999,0,0,0,0
1.7775000000000001,0,0,0,0
1.778,0,0,0,0
1.7785,0,0,0,0
1.7789999999999999,0,0,0,0
1.7795000000000001,0,0,0,0
1.78,0,0,0,0
1.7805,0,0,0,0
1.7809999999999999,0,0,0,0
1.7815000000000001,0,0,0,0
1.782,0,0,0,0
1.7825,0,0,0,0
1.7829999999999999,0,0,0,0
1.7835000000000001,0,0,0,0
1.784,0,0,0,0
1.7845,0,0,0,0
1.7849999999999999,0,0,0,0
1.7855000000000001,0,0,0,0
1.786,0,0,0,0
1.7865,0,0,0,0
1.7869999999999999,0,0,0,0
1.7875000000000001,0,0,0,0
1.788,0,0,0,0
1.7885,0,0,0,0
1.7889999999999999,0,0,0,0
1.7895000000000001,0,0,0,0
1.79,0,0,0,0
1.7905,0,0,0,0
1.7909999999999999,0,0,0,0
1.7915000000000001,0,0,0,0
1.792,0,0,0,0
1.7925,0,0,0,0
1.7929999999999999,0,0,0,0
1.7935000000000001,0,0,0,0
1.794,0,0,0,0
1.7945,0,0,0,0
1.7949999999999999,0,0,0,0
1.7955000000000001,0,0,0,0
1.796,0,0,0,0
1.7965,0,0,0,0
1.7969999999999999,0,0,0,0
1.7975000000000001,0,0,0,0
1.798,0,0,0,0
1.7985,0,0,0,0
1.7989999999999999,0,0,0,0
1.7995000000000001,0,0,0,0
1.8,0,0,0,0
1.8005,0,0,0,0
1.8009999999999999,0,0,0,0
1.8015000000000001,0,0,0,0
1.802,0,0,0,0
1.8025,0,0,0,0
1.8029999999999999,0,0,0,0
1.8035000000000001,0,0,0,0
1.804,0,0,0,0
1.8045,0,0,0,0
1.8049999999999999,0,0,0,0
1.8055000000000001,0,0,0,0
1.806,0,0,0,0
1.8065,0,0,0,0
1.8069999999999999,0,0,0,0
1.8075000000000001,0,0,0,0
1.8080000000000001,0,0,0,0
1.8085,0,0,0,0
1.8089999999999999,0,0,0,0
1.8095000000000001,0,0,0,0
1.8100000000000001,0,0,0,0
1.8105,0,0,0,0
1.8109999999999999,0,0,0,0
1.8115000000000001,0,0,0,0
1.8120000000000001,0,0,0,0
1.8125,0,0,0,0
1.8129999999999999,0,0,0,0
1.8134999999999999,0,0,0,0
1.8140000000000001,0,0,0,0
1.8145,0,0,0,0
1.8149999999999999,0,0,0,0
1.8154999999999999,0,0,0,0
1.8160000000000001,0,0,0,0
1.8165,0,0,0,0
1.8169999999999999,0,0,0,0
1.8174999999999999,0,0,0,0
1.8180000000000001,0,0,0,0
1.8185,0,0,0,0
1.819,0,0,0,0
1.8194999999999999,0,0,0,0
1.8200000000000001,0,0,0,0
1.8205,0,0,0,0
1.821,0,0,0,0
1.8214999999999999,0,0,0,0
1.8220000000000001,0,0,0,0
1.8225,0,0,0,0
1.823,0,0,0,0
1.8234999999999999,0,0,0,0
1.8240000000000001,0,0,0,0
1.8245,0,0,0,0
1.825,0,0,0,0
1.8254999999999999,0,0,0,0
1.8260000000000001,0,0,0,0
1.8265,0,0,0,0
1.827,0,0,0,0
1.8274999999999999,0,0,0,0
1.8280000000000001,0,0,0,0
1.8285,0,0,0,0
1.829,0,0,0,0
1.8294999999999999,0,0,0,0
1.8300000000000001,0,0,0,0
1.8305,0,0,0,0
1.831,0,0,0,0
1.8314999999999999,0,0,0,0
1.8320000000000001,0,0,0,0
1.8325,0,0,0,0
1.833,0,0,0,0
1.8334999999999999,0,0,0,0
1.8340000000000001,0,0,0,0
1.8345,0,0,0,0
1.835,0,0,0,0
1.8354999999999999,0,0,0,0
1.8360000000000001,0,0,0,0
1.8365,0,0,0,0
1.837,0,0,0,0
1.8374999999999999,0,0,0,0
1.8380000000000001,0,0,0,0
1.8385,0,0,0,0
1.839,0,0,0,0
1.8394999999999999,0,0,0,0
1.8400000000000001,0,0,0,0
1.8405,0,0,0,0
1.841,0,0,0,0
1.8414999999999999,0,0,0,0
1.8420000000000001,0,0,0,0
1.8425,0,0,0,0
1.843,0,0,0,0
1.8434999999999999,0,0,0,0
1.8440000000000001,0,0,0,0
1.8445,0,0,0,0
1.845,0,0,0,0
1.8454999999999999,0,0,0,0
1.8460000000000001,0,0,0,0
1.8465,0,0,0,0
1.847,0,0,0,0
1.8474999999999999,0,0,0,0
1.8480000000000001,0,0,0,0
1.8485,0,0,0,0
1.849,0,0,0,0
1.8494999999999999,0,0,0,0
1.8500000000000001,0,0,0,0
1.8505,0,0,0,0
1.851,0,0,0,0
1.8514999999999999,0,0,0,0
1.8520000000000001,0,0,0,0
1.8525,0,0,0,0
1.853,0,0,0,0
1.8534999999999999,0,0,0,0
1.8540000000000001,0,0,0,0
1.8545,0,0,0,0
1.855,0,0,0,0
1.8554999999999999,0,0,0,0
1.8560000000000001,0,0,0,0
1.8565,0,0,0,0
1.857,0,0,0,0
1.8574999999999999,0,0,0,0
1.8580000000000001,0,0,0,0
1.8585,0,0,0,0
1.859,0,0,0,0
1.8594999999999999,0,0,0,0
1.8600000000000001,0,0,0,0
1.8605,0,0,0,0
1.861,0,0,0,0
1.8614999999999999,0,0,0,0
1.8620000000000001,0,0,0,0
1.8625,0,0,0,0
1.863,0,0,0,0
1.8634999999999999,0,0,0,0
1.8640000000000001,0,0,0,0
1.8645,0,0,0,0
1.865,0,0,0,0
1.8654999999999999,0,0,0,0
1.8660000000000001,0,0,0,0
1.8665,0,0,0,0
1.867,0,0,0,0
1.8674999999999999,0,0,0,0
1.8680000000000001,0,0,0,0
1.8685,0,0,0,0
1.869,0,0,0,0
1.8694999999999999,0,0,0,0
1.8700000000000001,0,0,0,0
1.8705000000000001,0,0,0,0
1.871,0,0,0,0
1.8714999999999999,0,0,0,0
1.8720000000000001,0,0,0,0
1.8725000000000001,0,0,0,0
1.873,0,0,0,0
1.8734999999999999,0,0,0,0
1.8740000000000001,0,0,0,0
1.8745000000000001,0,0,0,0
1.875,0,0,0,0
1.8754999999999999,0,0,0,0
1.8759999999999999,0,0,0,0
1.8765000000000001,0,0,0,0
1.877,0,0,0,0
1.8774999999999999,0,0,0,0
1.8779999999999999,0,0,0,0
1.8785000000000001,0,0,0,0
1.879,0,0,0,0
1.8794999999999999,0,0,0,0
1.8799999999999999,0,0,0,0
1.8805000000000001,0,0,0,0
1.881,0,0,0,0
1.8815,0,0,0,0
1.8819999999999999,0,0,0,0
1.8825000000000001,0,0,0,0
1.883,0,0,0,0
1.8835,0,0,0,0
1.8839999999999999,0,0,0,0
1.8845000000000001,0,0,0,0
1.885,0,0,0,0
1.8855,0,0,0,0
1.8859999999999999,0,0,0,0
1.8865000000000001,0,0,0,0
1.887,0,0,0,0
1.8875,0,0,0,0
1.8879999999999999,0,0,0,0
1.8885000000000001,0,0,0,0
1.889,0,0,0,0
1.8895,0,0,0,0
1.8899999999999999,0,0,0,0
1.8905000000000001,0,0,0,0
1.891,0,0,0,0
1.8915,0,0,0,0
1.8919999999999999,0,0,0,0
1.8925000000000001,0,0,0,0
1.893,0,0,0,0
1.8935,0,0,0,0
1.8939999999999999,0,0,0,0
1.8945000000000001,0,0,0,0
1.895,0,0,0,0
1.8955,0,0,0,0
1.8959999999999999,0,0,0,0
1.8965000000000001,0,0,0,0
1.897,0,0,0,0
1.8975,0,0,0,0
1.8979999999999999,0,0,0,0
1.8985000000000001,0,0,0,0
1.899,0,0,0,0
1.8995,0,0,0,0
1.8999999999999999,0,0,0,0
1.9005000000000001,0,0,0,0
1.901,0,0,0,0
1.9015,0,0,0,0
1.9019999999999999,0,0,0,0
1.9025000000000001,0,0,0,0
1.903,0,0,0,0
1.9035,0,0,0,0
1.9039999999999999,0,0,0,0
1.9045000000000001,0,0,0,0
1.905,0,0,0,0
1.9055,0,0,0,0
1.9059999999999999,0,0,0,0
1.9065000000000001,0,0,0,0
1.907,0,0,0,0
1.9075,0,0,0,0
1.9079999999999999,0,0,0,0
1.9085000000000001,0,0,0,0
1.909,0,0,0,0
1.9095,0,0,0,0
1.9099999999999999,0,0,0,0
1.9105000000000001,0,0,0,0
1.911,0,0,0,0
1.9115,0,0,0,0
1.9119999999999999,0,0,0,0
1.9125000000000001,0,0,0,0
1.913,0,0,0,0
1.9135,0,0,0,0
1.9139999999999999,0,0,0,0
1.9145000000000001,0,0,0,0
1.915,0,0,0,0
1.9155,0,0,0,0
1.9159999999999999,0,0,0,0
1.9165000000000001,0,0,0,0
1.917,0,0,0,0
1.9175,0,0,0,0
1.9179999999999999,0,0,0,0
1.9185000000000001,0,0,0,0
1.919,0,0,0,0
1.9195,0,0,0,0
1.9199999999999999,0,0,0,0
1.9205000000000001,0,0,0,0
1.921,0,0,0,0
1.9215,0,0,0,0
1.9219999999999999,0,0,0,0
1.9225000000000001,0,0,0,0
1.923,0,0,0,0
1.9235,0,0,0,0
1.9239999999999999,0,0,0,0
1.9245000000000001,0,0,0,0
1.925,0,0,0,0
1.9255,0,0,0,0
1.9259999999999999,0,0,0,0
1.9265000000000001,0,0,0,0
1.927,0,0,0,0
1.9275,0,0,0,0
1.9279999999999999,0,0,0,0
1.9285000000000001,0,0,0,0
1.929,0,0,0,0
1.9295,0,0,0,0
1.9299999999999999,0,0,0,0
1.9305000000000001,0,0,0,0
1.931,0,0,0,0
1.9315,0,0,0,0
1.9319999999999999,0,0,0,0
1.9325000000000001,0,0,0,0
1.9330000000000001,0,0,0,0
1.9335,0,0,0,0
1.9339999999999999,0,0,0,0
1.9345000000000001,0,0,0,0
1.9350000000000001,0,0,0,0
1.9355,0,0,0,0
1.9359999999999999,0,0,0,0
1.9365000000000001,0,0,0,0
1.9370000000000001,0,0,0,0
1.9375,0,0,0,0
1.9379999999999999,0,0,0,0
1.9384999999999999,0,0,0,0
1.9390000000000001,0,0,0,0
1.9395,0,0,0,0
1.9399999999999999,0,0,0,0
1.9404999999999999,0,0,0,0
1.9410000000000001,0,0,0,0
1.9415,0,0,0,0
1.9419999999999999,0,0,0,0
1.9424999999999999,0,0,0,0
1.9430000000000001,0,0,0,0
1.9435,0,0,0,0
1.944,0,0,0,0
1.9444999999999999,0,0,0,0
1.9450000000000001,0,0,0,0
1.9455,0,0,0,0
1.946,0,0,0,0
1.9464999999999999,0,0,0,0
1.9470000000000001,0,0,0,0
1.9475,0,0,0,0
1.948,0,0,0,0
1.9484999999999999,0,0,0,0
1.9490000000000001,0,0,0,0
1.9495,0,0,0,0
1.95,0,0,0,0
1.9504999999999999,0,0,0,0
1.9510000000000001,0,0,0,0
1.9515,0,0,0,0
1.952,0,0,0,0
1.9524999999999999,0,0,0,0
1.9530000000000001,0,0,0,0
1.9535,0,0,0,0
1.954,0,0,0,0
1.9544999999999999,0,0,0,0
1.9550000000000001,0,0,0,0
1.9555,0,0,0,0
1.956,0,0,0,0
1.9564999999999999,0,0,0,0
1.9570000000000001,0,0,0,0
1.9575,0,0,0,0
1.958,0,0,0,0
1.9584999999999999,0,0,0,0
1.9590000000000001,0,0,0,0
1.9595,0,0,0,0
1.96,0,0,0,0
1.9604999999999999,0,0,0,0
1.9610000000000001,0,0,0,0
1.9615,0,0,0,0
1.962,0,0,0,0
1.9624999999999999,0,0,0,0
1.9630000000000001,0,0,0,0
1.9635,0,0,0,0
1.964,0,0,0,0
1.9644999999999999,0,0,0,0
1.9650000000000001,0,0,0,0
1.9655,0,0,0,0
1.966,0,0,0,0
1.9664999999999999,0,0,0,0
1.9670000000000001,0,0,0,0
1.9675,0,0,0,0
1.968,0,0,0,0
1.9684999999999999,0,0,0,0
1.9690000000000001,0,0,0,0
1.9695,0,0,0,0
1.97,0,0,0,0
1.9704999999999999,0,0,0,0
1.9710000000000001,0,0,0,0
1.9715,0,0,0,0
1.972,0,0,0,0
1.9724999999999999,0,0,0,0
1.9730000000000001,0,0,0,0
1.9735,0,0,0,0
1.974,0,0,0,0
1.9744999999999999,0,0,0,0
1.9750000000000001,0,0,0,0
1.9755,0,0,0,0
1.976,0,0,0,0
1.9764999999999999,0,0,0,0
1.9770000000000001,0,0,0,0
1.9775,0,0,0,0
1.978,0,0,0,0
1.9784999999999999,0,0,0,0
1.9790000000000001,0,0,0,0
1.9795,0,0,0,0
1.98,0,0,0,0
1.9804999999999999,0,0,0,0
1.9810000000000001,0,0,0,0
1.9815,0,0,0,0
1.982,0,0,0,0
1.9824999999999999,0,0,0,0
1.9830000000000001,0,0,0,0
1.9835,0,0,0,0
1.984,0,0,0,0
1.9844999999999999,0,0,0,0
1.9850000000000001,0,0,0,0
1.9855,0,0,0,0
1.986,0,0,0,0
1.9864999999999999,0,0,0,0
1.9870000000000001,0,0,0,0
1.9875,0,0,0,0
1.988,0,0,0,0
1.9884999999999999,0,0,0,0
1.9890000000000001,0,0,0,0
1.9895,0,0,0,0
1.99,0,0,0,0
1.9904999999999999,0,0,0,0
1.9910000000000001,0,0,0,0
1.9915,0,0,0,0
1.992,0,0,0,0
1.9924999999999999,0,0,0,0
1.9930000000000001,0,0,0,0
1.9935,0,0,0,0
1.994,0,0,0,0
1.9944999999999999,0,0,0,0
1.9950000000000001,0,0,0,0
1.9955000000000001,0,0,0,0
1.996,0,0,0,0
1.9964999999999999,0,0,0,0
1.9970000000000001,0,0,0,0
1.9975000000000001,0,0,0,0
1.998,0,0,0,0
1.9984999999999999,0,0,0,0
1.9990000000000001,0,0,0,0
1.9995000000000001,0,0,0,0
