threshold,inhibition,input_window,start_s,end_s,output_bits,class1_spikes,class2_spikes,class3_spikes
0.006,On,1,0.0,2.0,100,3,0,0
0.006,On,2,2.0,4.0,010,0,3,0
0.006,On,3,4.0,6.0,011,0,2,2
0.006,On,4,6.0,8.01,100,2,0,0
0.006,Off,1,0.0,2.0,100,3,0,0
0.006,Off,2,2.0,4.0,010,0,3,0
0.006,Off,3,4.0,6.0,011,0,2,2
0.006,Off,4,6.0,8.01,110,2,1,0
0.0085,On,1,0.0,2.0,100,1,0,0
0.0085,On,2,2.0,4.0,010,0,1,0
0.0085,On,3,4.0,6.0,001,0,0,1
0.0085,On,4,6.0,8.01,000,0,0,0
0.0085,Off,1,0.0,2.0,100,1,0,0
0.0085,Off,2,2.0,4.0,010,0,1,0
0.0085,Off,3,4.0,6.0,001,0,0,1
0.0085,Off,4,6.0,8.01,000,0,0,0
