mode,length_variant,dendrite_length,window,output_bits,class1_edges,class2_edges,class3_edges,class2_brake_arrivals
on,short,3,1,110,3,2,0,0
on,short,3,2,010,0,1,0,0
on,short,3,3,001,0,0,2,2
on,short,3,4,110,2,2,0,0
on,medium,8,1,100,3,0,0,0
on,medium,8,2,010,0,1,0,0
on,medium,8,3,001,0,0,2,2
on,medium,8,4,110,1,3,0,0
on,long,17,1,100,3,0,0,0
on,long,17,2,010,0,3,0,0
on,long,17,3,011,0,2,2,2
on,long,17,4,100,2,0,0,0
off,short,3,1,110,3,2,0,0
off,short,3,2,010,0,1,0,0
off,short,3,3,001,0,0,2,0
off,short,3,4,110,2,2,0,0
off,medium,8,1,110,3,1,0,0
off,medium,8,2,010,0,1,0,0
off,medium,8,3,001,0,0,2,0
off,medium,8,4,110,2,3,0,0
off,long,17,1,100,3,0,0,0
off,long,17,2,010,0,3,0,0
off,long,17,3,011,0,2,2,0
off,long,17,4,110,2,1,0,0
