experiment,historical_threshold,historical_outputs,historical_primary_edges_by_row,historical_expected,historical_strict_accuracy,historical_max_edges_any_signal,historical_burst_signals,new_threshold,new_outputs,new_expected,new_strict_accuracy,new_primary_edges_by_row,new_max_edges_any_signal,new_burst_signals,historical_bits_match_trace,new_bits_match_trace
NSpikeClassifier_AllProbes_Off,0.0047,110;111;111;110,4/1/0;1/4/1;1/4/2;3/3/0,100;010;001;000,0/4,4,class1_ltz@1=4;class1_ltz@4=3;class2_ltz@2=4;class2_ltz@3=4;class2_ltz@4=3;class3_ltz@3=2,0.0085,100;010;001;000,100;010;001;000,4/4,1/0/0;0/1/0;0/0/1;0/0/0,1,none,4,4
NSpikeClassifier_AllProbes_On,0.0047,110;111;111;110,4/1/0;1/4/1;1/3/2;1/3/0,100;010;001;000,0/4,4,class1_ltz@1=4;class2_ltz@2=4;class2_ltz@3=3;class2_ltz@4=3;class3_ltz@3=2,0.0085,100;010;001;000,100;010;001;000,4/4,1/0/0;0/1/0;0/0/1;0/0/0,1,none,4,4
NSpikeClassifier_Iris10,0.0047,110;110;110;011;011;111;011;111;111;111,4/1/0;4/1/0;4/1/0;0/4/1;0/4/1;1/3/2;0/4/2;1/3/2;1/3/2;1/3/2,100;100;100;010;010;010;010;001;001;001,0/10,4,class1_ltz@1=4;class1_ltz@2=4;class1_ltz@3=4;class2_ltz@4=4;class2_ltz@5=4;class2_ltz@6=3;class2_ltz@7=4;class2_ltz@8=3;class2_ltz@9=3;class2_ltz@10=3;class2_ltz@11=3;class3_ltz@6=2;class3_ltz@7=2;class3_ltz@8=2;class3_ltz@9=2;class3_ltz@10=2;class3_ltz@11=2,0.0085,100;100;100;010;010;010;010;000;001;010,100;100;100;010;010;010;010;001;001;001,8/10,1/0/0;1/0/0;1/0/0;0/1/0;0/1/0;0/1/0;0/1/0;0/0/0;0/0/1;0/1/0,1,none,10,10
NSpikeClassifier_Iris3Prototypes,0.0047,110;111;111,4/1/0;1/4/1;1/3/2,100;010;001,0/3,4,class1_ltz@1=4;class2_ltz@2=4;class2_ltz@3=3;class2_ltz@4=3;class3_ltz@3=2;class3_ltz@4=2,0.0085,100;010;001,100;010;001,3/3,1/0/0;0/1/0;0/0/1,1,none,3,3
NSpikeClassifier_SyntheticOutputs_Off,0.0047,110;111;111;110,4/1/0;1/4/1;1/4/2;3/3/0,100;010;001;000,0/4,4,class1_ltz@1=4;class1_ltz@4=3;class2_ltz@2=4;class2_ltz@3=4;class2_ltz@4=3;class3_ltz@3=2,0.0085,100;010;001;000,100;010;001;000,4/4,1/0/0;0/1/0;0/0/1;0/0/0,1,none,4,4
NSpikeClassifier_SyntheticOutputs_On,0.0047,110;111;111;110,4/1/0;1/4/1;1/3/2;1/3/0,100;010;001;000,0/4,4,class1_ltz@1=4;class2_ltz@2=4;class2_ltz@3=3;class2_ltz@4=3;class3_ltz@3=2,0.0085,100;010;001;000,100;010;001;000,4/4,1/0/0;0/1/0;0/0/1;0/0/0,1,none,4,4
NSpikeDendriteLength_Long_D17_Off,0.0047,110;111;111;110,4/1/0;1/4/1;1/4/2;3/3/0,100;010;001;000,0/4,4,class1_ltz@1=4;class1_ltz@4=3;class2_ltz@2=4;class2_ltz@3=4;class2_ltz@4=3;class3_ltz@3=2,0.0085,100;010;001;000,100;010;001;000,4/4,1/0/0;0/1/0;0/0/1;0/0/0,1,none,4,4
NSpikeDendriteLength_Long_D17_On,0.0047,110;111;111;110,4/1/0;1/4/1;1/3/2;1/3/0,100;010;001;000,0/4,4,class1_ltz@1=4;class2_ltz@2=4;class2_ltz@3=3;class2_ltz@4=3;class3_ltz@3=2,0.0085,100;010;001;000,100;010;001;000,4/4,1/0/0;0/1/0;0/0/1;0/0/0,1,none,4,4
NSpikeDendriteLength_Medium_D8_Off,0.0047,110;111;111;110,4/3/0;1/3/1;1/1/2;3/4/0,100;010;001;000,0/4,4,class1_ltz@1=4;class1_ltz@4=3;class2_ltz@1=3;class2_ltz@2=3;class2_ltz@4=4;class3_ltz@3=2,0.0085,100;000;001;010,100;010;001;000,2/4,1/0/0;0/0/0;0/0/1;0/1/0,1,none,4,4
NSpikeDendriteLength_Medium_D8_On,0.0047,110;111;111;110,1/3/0;1/3/1;1/1/2;1/4/0,100;010;001;000,0/4,4,class2_ltz@1=3;class2_ltz@2=3;class2_ltz@4=4;class3_ltz@3=2,0.0085,100;000;001;010,100;010;001;000,2/4,1/0/0;0/0/0;0/0/1;0/1/0,1,none,4,4
NSpikeDendriteLength_Short_D3_Off,0.0047,110;111;111;110,4/3/0;1/3/1;1/2/2;3/4/0,100;010;001;000,0/4,4,class1_ltz@1=4;class1_ltz@4=3;class2_ltz@1=3;class2_ltz@2=3;class2_ltz@3=2;class2_ltz@4=4;class3_ltz@3=2,0.0085,110;000;001;000,100;010;001;000,2/4,1/1/0;0/0/0;0/0/1;0/0/0,1,none,4,4
NSpikeDendriteLength_Short_D3_On,0.0047,110;111;111;110,3/3/0;1/3/1;1/2/2;1/4/0,100;010;001;000,0/4,4,class1_ltz@1=3;class2_ltz@1=3;class2_ltz@2=3;class2_ltz@3=2;class2_ltz@4=4;class3_ltz@3=2,0.0085,110;000;001;000,100;010;001;000,2/4,1/1/0;0/0/0;0/0/1;0/0/0,1,none,4,4
NSpikeSynapseCount_Syn12_Off,0.0047,110;111;111;110,4/1/0;1/3/1;1/2/2;3/2/0,100;010;001;000,0/4,4,class1_ltz@1=4;class1_ltz@4=3;class2_ltz@2=3;class2_ltz@3=2;class2_ltz@4=2;class3_ltz@3=2,0.0085,100;010;001;000,100;010;001;000,4/4,1/0/0;0/1/0;0/0/1;0/0/0,1,none,4,4
NSpikeSynapseCount_Syn12_On,0.0047,110;111;111;110,4/1/0;1/3/1;1/2/2;1/2/0,100;010;001;000,0/4,4,class1_ltz@1=4;class2_ltz@2=3;class2_ltz@3=2;class2_ltz@4=2;class3_ltz@3=2,0.0085,100;010;001;000,100;010;001;000,4/4,1/0/0;0/1/0;0/0/1;0/0/0,1,none,4,4
NSpikeSynapseCount_Syn24_Off,0.0047,110;111;111;110,4/1/0;1/3/1;1/3/2;3/3/0,100;010;001;000,0/4,4,class1_ltz@1=4;class1_ltz@4=3;class2_ltz@2=3;class2_ltz@3=3;class2_ltz@4=3;class3_ltz@3=2,0.0085,100;010;001;000,100;010;001;000,4/4,1/0/0;0/1/0;0/0/1;0/0/0,1,none,4,4
NSpikeSynapseCount_Syn24_On,0.0047,110;111;111;010,4/1/0;1/3/1;1/2/2;0/3/0,100;010;001;000,0/4,4,class1_ltz@1=4;class2_ltz@2=3;class2_ltz@3=2;class2_ltz@4=3;class3_ltz@3=2,0.0085,100;010;001;000,100;010;001;000,4/4,1/0/0;0/1/0;0/0/1;0/0/0,1,none,4,4
NSpikeSynapseCount_Syn37_Off,0.0047,110;111;111;110,4/1/0;1/4/1;1/4/2;3/3/0,100;010;001;000,0/4,4,class1_ltz@1=4;class1_ltz@4=3;class2_ltz@2=4;class2_ltz@3=4;class2_ltz@4=3;class3_ltz@3=2,0.0085,100;010;001;000,100;010;001;000,4/4,1/0/0;0/1/0;0/0/1;0/0/0,1,none,4,4
NSpikeSynapseCount_Syn37_On,0.0047,110;111;111;110,4/1/0;1/4/1;1/3/2;1/3/0,100;010;001;000,0/4,4,class1_ltz@1=4;class2_ltz@2=4;class2_ltz@3=3;class2_ltz@4=3;class3_ltz@3=2,0.0085,100;010;001;000,100;010;001;000,4/4,1/0/0;0/1/0;0/0/1;0/0/0,1,none,4,4
NSpikeSynapseCount_Syn6_Off,0.0047,110;111;111;110,4/1/0;1/2/1;1/2/2;3/2/0,100;010;001;000,0/4,4,class1_ltz@1=4;class1_ltz@4=3;class2_ltz@2=2;class2_ltz@3=2;class2_ltz@4=2;class3_ltz@3=2,0.0085,100;000;001;000,100;010;001;000,3/4,1/0/0;0/0/0;0/0/1;0/0/0,1,none,4,4
NSpikeSynapseCount_Syn6_On,0.0047,110;111;111;110,4/1/0;1/2/1;1/1/2;1/2/0,100;010;001;000,0/4,4,class1_ltz@1=4;class2_ltz@2=2;class2_ltz@4=2;class3_ltz@3=2,0.0085,100;000;001;000,100;010;001;000,3/4,1/0/0;0/0/0;0/0/1;0/0/0,1,none,4,4
