Имя,SoftCold_case,has_case,Last SoftCold,Working,configs
EXP00_baseline,pa00_baseline,yes,GoldTest PASS,GoldTest,[Train](SelectivityPhaseA/EXP00_baseline/Train) · [Test](SelectivityPhaseA/EXP00_baseline/Test) · [C
EXP01_ltz_threshold_sweep,pa01_ltz_sweep,yes,GoldTest PASS,GoldTest,[Train](SelectivityPhaseA/EXP01_ltz_threshold_sweep/Train) · [Test](SelectivityPhaseA/EXP01_ltz_thre
EXP01_preinh_050,psi01_050,yes,GoldTest PASS,GoldTest,[Train](SelectivityPresynapticInhib/EXP01_preinh_050/Train) · [Test](SelectivityPresynapticInhib/EXP
EXP02_ltzone_average_mode,pa02_ltzone_avg,yes,GoldTest PASS,GoldTest,[Train](SelectivityPhaseA/EXP02_ltzone_average_mode/Train) · [Test](SelectivityPhaseA/EXP02_ltzone_a
EXP06_ltzone_integration,pa06_ltzone_int,yes,GoldTest PASS,GoldTest,[Train](SelectivityPhaseA/EXP06_ltzone_integration/Train) · [Test](SelectivityPhaseA/EXP06_ltzone_in
EXP14_preinh_260,psi14_260,yes,GoldTest PASS,GoldTest,[Train](SelectivityPresynapticInhib/EXP14_preinh_260/Train) · [Test](SelectivityPresynapticInhib/EXP
EXP15_preinh_270,psi15_270,yes,GoldTest PASS,GoldTest,[Train](SelectivityPresynapticInhib/EXP15_preinh_270/Train) · [Test](SelectivityPresynapticInhib/EXP
EXP21_span100ms_preinh250,psi21_100,yes,GoldTest PASS,GoldTest,[Train](SelectivityPresynapticInhib/EXP21_span100ms_preinh250/Train) · [Test](SelectivityPresynaptic
EXP31_span200ms_preinh250,psi31_200,yes,GoldTest PASS,GoldTest,[Train](SelectivityPresynapticInhib/EXP31_span200ms_preinh250/Train) · [Test](SelectivityPresynaptic
EXP32_span300ms_baseline,psi32_300,yes,GoldTest PASS,GoldTest,[Train](SelectivityPresynapticInhib/EXP32_span300ms_baseline/Train) · [Test](SelectivityPresynapticI
EXP33_span300ms_preinh250,psi33_300,yes,GoldTest PASS,GoldTest,[Train](SelectivityPresynapticInhib/EXP33_span300ms_preinh250/Train) · [Test](SelectivityPresynaptic
EXP34_span400ms_baseline,psi34_400,yes,GoldTest PASS,GoldTest,[Train](SelectivityPresynapticInhib/EXP34_span400ms_baseline/Train) · [Test](SelectivityPresynapticI
EXP35_span400ms_preinh250,psi35_400,yes,GoldTest PASS,GoldTest,[Train](SelectivityPresynapticInhib/EXP35_span400ms_preinh250/Train) · [Test](SelectivityPresynaptic
EXP_br480_nextseginh_tiprmin,br480_nextseg,yes,SoftCold FAIL,GoldTest,`posttune_verify --case br480_nextseg`
EXP_br480_preinh250_tiprmin,br480_preinh,yes,SoftCold FAIL,GoldTest,`posttune_verify --case br480_preinh`
EXP_br480_tiprmin,br480_tiprmin,yes,SoftCold FAIL,GoldTest,`posttune_verify --case br480_tiprmin`
EXP_br_span100_packA_gen_C1e9,"br100_keep,br100_search",yes,SoftCold FAIL,GoldTest,[клон search](SelectivityBranch/EXP_br_span100_packA_gen_C1e9_posttune_search) · [`bundle`](_repro/r
EXP_br_span100_packA_nextseginh_C1e9,br100_nextseg,yes,SoftCold FAIL,GoldTest,`posttune_verify --case br100_nextseg`
EXP_br_span100_packA_preinh_C1e9,br100_preinh,yes,SoftCold FAIL,GoldTest,`posttune_verify --case br100_preinh`
EXP_br_span100_packB_gen_C1e9,not_applicable,na,GoldTest PASS,MatrixClone,[Train](SelectivityBranch/EXP_br_span100_packB_gen_C1e9/Train) · [Test](SelectivityBranch/EXP_br_spa
EXP_br_span100_packB_nextseginh_C1e9,not_applicable,na,GoldTest PASS,MatrixClone,[Train](SelectivityBranch/EXP_br_span100_packB_nextseginh_C1e9/Train) · [Test](SelectivityBranch/EXP
EXP_br_span100_packB_preinh_C1e9,not_applicable,na,GoldTest PASS,MatrixClone,[Train](SelectivityBranch/EXP_br_span100_packB_preinh_C1e9/Train) · [Test](SelectivityBranch/EXP_br_
EXP_br_span100_packC_gen_C1e9,not_applicable,na,GoldTest PASS,MatrixClone,[Train](SelectivityBranch/EXP_br_span100_packC_gen_C1e9/Train) · [Test](SelectivityBranch/EXP_br_spa
EXP_br_span100_packC_nextseginh_C1e9,not_applicable,na,GoldTest PASS,MatrixClone,[Train](SelectivityBranch/EXP_br_span100_packC_nextseginh_C1e9/Train) · [Test](SelectivityBranch/EXP
EXP_br_span100_packC_preinh_C1e9,not_applicable,na,GoldTest PASS,MatrixClone,[Train](SelectivityBranch/EXP_br_span100_packC_preinh_C1e9/Train) · [Test](SelectivityBranch/EXP_br_
EXP_br_span25_packA_gen_C1e9,"br25_off,br25_on",yes,SoftCold+PostTuneOff FAIL,SkipTrainGold,[клон off](SelectivityBranch/EXP_br_span25_packA_gen_C1e9_posttune_off) · [`bundle`](_repro/runs/br2
EXP_br_span25_packA_nextseginh_C1e9,br25_nextseg,yes,SoftCold FAIL,GoldTest,`posttune_verify --case br25_nextseg`
EXP_br_span25_packA_preinh_C1e9,br25_preinh,yes,SoftCold FAIL (B_need1),GoldTest,`posttune_verify --case br25_preinh`
EXP_br_span25_packB_gen_C1e9,not_applicable,na,GoldTest PASS,MatrixClone,[Train](SelectivityBranch/EXP_br_span25_packB_gen_C1e9/Train) · [Test](SelectivityBranch/EXP_br_span
EXP_br_span25_packB_nextseginh_C1e9,not_applicable,na,GoldTest PASS,MatrixClone,[Train](SelectivityBranch/EXP_br_span25_packB_nextseginh_C1e9/Train) · [Test](SelectivityBranch/EXP_
EXP_br_span25_packB_preinh_C1e9,not_applicable,na,GoldTest PASS,MatrixClone,[Train](SelectivityBranch/EXP_br_span25_packB_preinh_C1e9/Train) · [Test](SelectivityBranch/EXP_br_s
EXP_br_span25_packC_gen_C1e9,not_applicable,na,GoldTest PASS,MatrixClone,[Train](SelectivityBranch/EXP_br_span25_packC_gen_C1e9/Train) · [Test](SelectivityBranch/EXP_br_span
EXP_br_span25_packC_nextseginh_C1e9,not_applicable,na,GoldTest PASS,MatrixClone,[Train](SelectivityBranch/EXP_br_span25_packC_nextseginh_C1e9/Train) · [Test](SelectivityBranch/EXP_
EXP_br_span25_packC_preinh_C1e9,not_applicable,na,GoldTest PASS,MatrixClone,[Train](SelectivityBranch/EXP_br_span25_packC_preinh_C1e9/Train) · [Test](SelectivityBranch/EXP_br_s
EXP_br_span25_tiprmin,not_applicable,na,GoldTest NOT_RETESTED,none,[корень](SelectivityBranch/EXP_br_span25_tiprmin)
EXP_br_span50_packA_gen_C1e9,br50_gen,yes,SoftCold FAIL,GoldTest,`posttune_verify --case br50_gen`
EXP_br_span50_packA_nextseginh_C1e9,br50_nextseg,yes,SoftCold FAIL,GoldTest,`posttune_verify --case br50_nextseg`
EXP_br_span50_packA_preinh_C1e9,br50_preinh,yes,SoftCold FAIL,GoldTest,`posttune_verify --case br50_preinh`
EXP_br_span50_packB_gen_C1e9,not_applicable,na,GoldTest PASS,MatrixClone,[Train](SelectivityBranch/EXP_br_span50_packB_gen_C1e9/Train) · [Test](SelectivityBranch/EXP_br_span
EXP_br_span50_packB_nextseginh_C1e9,not_applicable,na,GoldTest PASS,MatrixClone,[Train](SelectivityBranch/EXP_br_span50_packB_nextseginh_C1e9/Train) · [Test](SelectivityBranch/EXP_
EXP_br_span50_packB_preinh_C1e9,not_applicable,na,GoldTest PASS,MatrixClone,[Train](SelectivityBranch/EXP_br_span50_packB_preinh_C1e9/Train) · [Test](SelectivityBranch/EXP_br_s
EXP_br_span50_packC_gen_C1e9,not_applicable,na,GoldTest PASS,MatrixClone,[Train](SelectivityBranch/EXP_br_span50_packC_gen_C1e9/Train) · [Test](SelectivityBranch/EXP_br_span
EXP_br_span50_packC_nextseginh_C1e9,not_applicable,na,GoldTest PASS,MatrixClone,[Train](SelectivityBranch/EXP_br_span50_packC_nextseginh_C1e9/Train) · [Test](SelectivityBranch/EXP_
EXP_br_span50_packC_preinh_C1e9,not_applicable,na,GoldTest PASS,MatrixClone,[Train](SelectivityBranch/EXP_br_span50_packC_preinh_C1e9/Train) · [Test](SelectivityBranch/EXP_br_s
EXP_span100ms_fast_C1e9,fs100_gen,yes,GoldTest PASS,GoldTest,[Train](SelectivityFastSpan/EXP_span100ms_fast_C1e9/Train) · [Test](SelectivityFastSpan/EXP_span100m
EXP_span100ms_fast_preinh_C1e9,fs100_preinh,yes,GoldTest PASS,GoldTest,[Train](SelectivityFastSpan/EXP_span100ms_fast_preinh_C1e9/Train) · [Test](SelectivityFastSpan/EXP_s
EXP_span100ms_packA_gen,"asym100_gen,ltz100_gen",yes,SoftCold FAIL (B_need1),GoldTest,`posttune_verify --case asym100_gen`
EXP_span100ms_packA_preinh,"asym100_preinh,ltz100_preinh",yes,SoftCold FAIL (B_need1),GoldTest,`posttune_verify --case asym100_preinh`
EXP_span100ms_packB_gen,not_applicable,na,MatrixClone PASS,MatrixClone,[Train](SelectivityAsymRm/EXP_span100ms_packB_gen/Train) · [Test](SelectivityAsymRm/EXP_span100ms_pa
EXP_span100ms_packB_preinh_C1e9,not_applicable,na,MatrixClone PASS,MatrixClone,[Train](SelectivityAsymRm/EXP_span100ms_packB_preinh_C1e9/Train) · [Test](SelectivityAsymRm/EXP_span
EXP_span100ms_packC_gen,not_applicable,na,MatrixClone PASS,MatrixClone,[Train](SelectivityAsymRm/EXP_span100ms_packC_gen/Train) · [Test](SelectivityAsymRm/EXP_span100ms_pa
EXP_span100ms_packC_preinh_C1e9,not_applicable,na,MatrixClone PASS,MatrixClone,[Train](SelectivityAsymRm/EXP_span100ms_packC_preinh_C1e9/Train) · [Test](SelectivityAsymRm/EXP_span
EXP_span25ms_fast_C1e9,fs25_gen,yes,GoldTest PASS,GoldTest,[Train](SelectivityFastSpan/EXP_span25ms_fast_C1e9/Train) · [Test](SelectivityFastSpan/EXP_span25ms_
EXP_span25ms_fast_preinh_C1e9,fs25_preinh,yes,GoldTest PASS,GoldTest,[Train](SelectivityFastSpan/EXP_span25ms_fast_preinh_C1e9/Train) · [Test](SelectivityFastSpan/EXP_sp
EXP_span25ms_packA_gen,"asym25,ltz25_gen",yes,SoftCold FAIL (A_nonseparable),GoldTest,[posttune-клон](SelectivityAsymRm/EXP_span25ms_packA_gen_posttune) · [`bundle`](_repro/runs/asym25_2
EXP_span25ms_packA_preinh,"asym25_preinh,ltz25_preinh",yes,SoftCold FAIL (A_nonseparable),GoldTest,`posttune_verify --case asym25_preinh`
EXP_span25ms_packB_gen,not_applicable,na,MatrixClone PASS,MatrixClone,[Train](SelectivityAsymRm/EXP_span25ms_packB_gen/Train) · [Test](SelectivityAsymRm/EXP_span25ms_pack
EXP_span25ms_packB_preinh_C1e9,not_applicable,na,MatrixClone PASS,MatrixClone,[Train](SelectivityAsymRm/EXP_span25ms_packB_preinh_C1e9/Train) · [Test](SelectivityAsymRm/EXP_span2
EXP_span25ms_packC_gen,not_applicable,na,MatrixClone PASS,MatrixClone,[Train](SelectivityAsymRm/EXP_span25ms_packC_gen/Train) · [Test](SelectivityAsymRm/EXP_span25ms_pack
EXP_span25ms_packC_preinh_C1e9,not_applicable,na,MatrixClone PASS,MatrixClone,[Train](SelectivityAsymRm/EXP_span25ms_packC_preinh_C1e9/Train) · [Test](SelectivityAsymRm/EXP_span2
EXP_span50ms_fast_preinh_C1e9,fs50_preinh,yes,GoldTest PASS,GoldTest,[Train](SelectivityFastSpan/EXP_span50ms_fast_preinh_C1e9/Train) · [Test](SelectivityFastSpan/EXP_sp
EXP_span50ms_packA_gen,"asym50,ltz50_gen",yes,SoftCold FAIL (B_need1),GoldTest,[posttune-клон](SelectivityAsymRm/EXP_span50ms_packA_gen_posttune) · [`bundle`](_repro/runs/asym50_2
EXP_span50ms_packA_preinh,"asym50_preinh,ltz50_preinh",yes,SoftCold FAIL (B_need1),GoldTest,`posttune_verify --case asym50_preinh`
EXP_span50ms_packB_gen,not_applicable,na,MatrixClone PASS,MatrixClone,[Train](SelectivityAsymRm/EXP_span50ms_packB_gen/Train) · [Test](SelectivityAsymRm/EXP_span50ms_pack
EXP_span50ms_packB_preinh_C1e9,not_applicable,na,MatrixClone PASS,MatrixClone,[Train](SelectivityAsymRm/EXP_span50ms_packB_preinh_C1e9/Train) · [Test](SelectivityAsymRm/EXP_span5
EXP_span50ms_packC_gen,not_applicable,na,MatrixClone PASS,MatrixClone,[Train](SelectivityAsymRm/EXP_span50ms_packC_gen/Train) · [Test](SelectivityAsymRm/EXP_span50ms_pack
EXP_span50ms_packC_preinh_C1e9,not_applicable,na,MatrixClone PASS,MatrixClone,[Train](SelectivityAsymRm/EXP_span50ms_packC_preinh_C1e9/Train) · [Test](SelectivityAsymRm/EXP_span5
LtzCal/EXP_span100ms_packA_gen,"asym100_gen,ltz100_gen",yes,GoldTest PASS,GoldTest,[Train](SelectivityLtzCalibrate/AsymRmLtzCal/EXP_span100ms_packA_gen/Train) · [Test](SelectivityLtzC
LtzCal/EXP_span100ms_packA_preinh,"asym100_preinh,ltz100_preinh",yes,GoldTest PASS,GoldTest,[Train](SelectivityLtzCalibrate/AsymRmLtzCal/EXP_span100ms_packA_preinh/Train) · [Test](SelectivityL
LtzCal/EXP_span25ms_packA_gen,"asym25,ltz25_gen",yes,GoldTest PASS,GoldTest,[Train](SelectivityLtzCalibrate/AsymRmLtzCal/EXP_span25ms_packA_gen/Train) · [Test](SelectivityLtzCa
LtzCal/EXP_span25ms_packA_preinh,"asym25_preinh,ltz25_preinh",yes,GoldTest PASS,GoldTest,[Train](SelectivityLtzCalibrate/AsymRmLtzCal/EXP_span25ms_packA_preinh/Train) · [Test](SelectivityLt
LtzCal/EXP_span50ms_packA_gen,"asym50,ltz50_gen",yes,GoldTest PASS,GoldTest,[Train](SelectivityLtzCalibrate/AsymRmLtzCal/EXP_span50ms_packA_gen/Train) · [Test](SelectivityLtzCa
LtzCal/EXP_span50ms_packA_preinh,"asym50_preinh,ltz50_preinh",yes,GoldTest PASS,GoldTest,[Train](SelectivityLtzCalibrate/AsymRmLtzCal/EXP_span50ms_packA_preinh/Train) · [Test](SelectivityLt
Phase6/EXP_480_gen_thr_only,phase6_thr_only,yes,GoldTest PASS,GoldTest,[Train](SelectivityPhaseA/Phase6/EXP_480_gen_thr_only/Train) · [Test](SelectivityPhaseA/Phase6/EXP_4
Phase6/EXP_480_gen_tiprmin,phase6_480,yes,SoftCold FAIL (A_nonseparable),GoldTest,[posttune-клон](SelectivityPhaseA/Phase6/EXP_480_gen_posttune) · [`bundle`](_repro/runs/phase6_480_2
Phase6/EXP_480_ltzcal_twin_gen,phase6_ltzcal_twin,yes,GoldTest FAIL,none,[Train](SelectivityPhaseA/Phase6/EXP_480_ltzcal_twin_gen/Train) · [Test](SelectivityPhaseA/Phase6/EX
Phase6/EXP_480_preinh250_tiprmin,phase6_preinh250,yes,GoldTest PASS,GoldTest,[Train](SelectivityPhaseA/Phase6/EXP_480_preinh250_tiprmin/Train) · [Test](SelectivityPhaseA/Phase6/
TimeNeuronTimeLearner,tn_classic,yes,GoldTest PASS,GoldTest,[Train](TimeNeuronTimeLearner/Train) · [Test](TimeNeuronTimeLearner/Test) · [CSV](TimeNeuronTimeLear
TimeNeuronTimeLearnerBranch*,not_applicable,na,GoldTest NOT_RETESTED,none,[AUDIT_REPORT](AUDIT_REPORT.md)
…Branch_NextSegInh,not_applicable,na,GoldTest NOT_RETESTED,none,[PHASE7](SelectivityBranch/PHASE7_BRANCH_QUALITY.md)
…Branch_PreInh250,not_applicable,na,GoldTest NOT_RETESTED,none,[PHASE7](SelectivityBranch/PHASE7_BRANCH_QUALITY.md)
