model_time,"target_inh_channel_output"
0,1
0.00050000000000000001,1
0.001,1
0.0015,1
0.002,1
0.0025000000000000001,1
0.0030000000000000001,1
0.0035000000000000001,1
0.0040000000000000001,1
0.0044999999999999997,1
0.0050000000000000001,1
0.0054999999999999997,1
0.0060000000000000001,1
0.0064999999999999997,1
0.0070000000000000001,1
0.0074999999999999997,1
0.0080000000000000002,1
0.0085000000000000006,1
0.0089999999999999993,1
0.0094999999999999998,1
0.01,1
0.010500000000000001,1
0.010999999999999999,1
0.0115,1
0.012,1
0.012500000000000001,1
0.012999999999999999,1
0.0135,1
0.014,1
0.014500000000000001,1
0.014999999999999999,1
0.0155,1
0.016,1
0.016500000000000001,1
0.017000000000000001,1
0.017500000000000002,1
0.017999999999999999,1
0.018499999999999999,1
0.019,1
0.0195,1
0.02,1
0.020500000000000001,1
0.021000000000000001,1
0.021499999999999998,1
0.021999999999999999,1
0.022499999999999999,1
0.023,1
0.0235,1
0.024,1
0.024500000000000001,1
0.025000000000000001,1
0.025499999999999998,1
0.025999999999999999,1
0.026499999999999999,1
0.027,1
0.0275,1
0.028000000000000001,1
0.028500000000000001,1
0.029000000000000001,1
0.029499999999999998,1
0.029999999999999999,1
0.030499999999999999,1
0.031,1
0.0315,1
0.032000000000000001,1
0.032500000000000001,1
0.033000000000000002,1
0.033500000000000002,1
0.034000000000000002,1
0.034500000000000003,1
0.035000000000000003,1
0.035499999999999997,1
0.035999999999999997,1
0.036499999999999998,1
0.036999999999999998,1
0.037499999999999999,1
0.037999999999999999,1
0.0385,1
0.039,1
0.0395,1
0.040000000000000001,1
0.040500000000000001,1
0.041000000000000002,1
0.041500000000000002,1
0.042000000000000003,1
0.042500000000000003,1
0.042999999999999997,1
0.043499999999999997,1
0.043999999999999997,1
0.044499999999999998,1
0.044999999999999998,1
0.045499999999999999,1
0.045999999999999999,1
0.0465,1
0.047,1
0.047500000000000001,1
0.048000000000000001,1
0.048500000000000001,1
0.049000000000000002,1
0.049500000000000002,1
0.050000000000000003,1
0.050500000000000003,1
0.050999999999999997,1
0.051499999999999997,1
0.051999999999999998,1
0.052499999999999998,1
0.052999999999999999,1
0.053499999999999999,1
0.053999999999999999,1
0.0545,1
0.055,1
0.055500000000000001,1
0.056000000000000001,1
0.056500000000000002,1
0.057000000000000002,1
0.057500000000000002,1
0.058000000000000003,1
0.058500000000000003,1
0.058999999999999997,1
0.059499999999999997,1
0.059999999999999998,1
0.060499999999999998,1
0.060999999999999999,1
0.061499999999999999,1
0.062,1
0.0625,1
0.063,1
0.063500000000000001,1
0.064000000000000001,1
0.064500000000000002,1
0.065000000000000002,1
0.065500000000000003,1
0.066000000000000003,1
0.066500000000000004,1
0.067000000000000004,1
0.067500000000000004,1
0.068000000000000005,1
0.068500000000000005,1
0.069000000000000006,1
0.069500000000000006,1
0.070000000000000007,1
0.070499999999999993,1
0.070999999999999994,1
0.071499999999999994,1
0.071999999999999995,1
0.072499999999999995,1
0.072999999999999995,1
0.073499999999999996,1
0.073999999999999996,1
0.074499999999999997,1
0.074999999999999997,1
0.075499999999999998,1
0.075999999999999998,1
0.076499999999999999,1
0.076999999999999999,1
0.077499999999999999,1
0.078,1
0.0785,1
0.079000000000000001,1
0.079500000000000001,1
0.080000000000000002,1
0.080500000000000002,1
0.081000000000000003,1
0.081500000000000003,1
0.082000000000000003,1
0.082500000000000004,1
0.083000000000000004,1
0.083500000000000005,1
0.084000000000000005,1
0.084500000000000006,1
0.085000000000000006,1
0.085500000000000007,1
0.085999999999999993,1
0.086499999999999994,1
0.086999999999999994,1
0.087499999999999994,1
0.087999999999999995,1
0.088499999999999995,1
0.088999999999999996,1
0.089499999999999996,1
0.089999999999999997,1
0.090499999999999997,1
0.090999999999999998,1
0.091499999999999998,1
0.091999999999999998,1
0.092499999999999999,1
0.092999999999999999,1
0.0935,1
0.094,1
0.094500000000000001,1
0.095000000000000001,1
0.095500000000000002,1
0.096000000000000002,1
0.096500000000000002,1
0.097000000000000003,1
0.097500000000000003,1
0.098000000000000004,1
0.098500000000000004,1
0.099000000000000005,1
0.099500000000000005,1
0.10000000000000001,1
0.10050000000000001,1
0.10100000000000001,1
0.10150000000000001,1
0.10199999999999999,1
0.10249999999999999,1
0.10299999999999999,1
0.10349999999999999,1
0.104,1
0.1045,1
0.105,1
0.1055,1
0.106,1
0.1065,1
0.107,1
0.1075,1
0.108,1
0.1085,1
0.109,1
0.1095,1
0.11,1
0.1105,1
0.111,1
0.1115,1
0.112,1
0.1125,1
0.113,1
0.1135,1
0.114,1
0.1145,1
0.115,1
0.11550000000000001,1
0.11600000000000001,1
0.11650000000000001,1
0.11700000000000001,1
0.11749999999999999,1
0.11799999999999999,1
0.11849999999999999,1
0.11899999999999999,1
0.1195,1
0.12,1
0.1205,1
0.121,1
0.1215,1
0.122,1
0.1225,1
0.123,1
0.1235,1
0.124,1
0.1245,1
0.125,1
0.1255,1
0.126,1
0.1265,1
0.127,1
0.1275,0.99692401297998923
0.128,0.9923650692774858
0.1285,0.98857665303034947
0.129,0.98544989052491161
0.1295,0.98289196783964428
0.13,0.98082346245500129
0.1305,0.97917617984402539
0.13100000000000001,0.97789138835848355
0.13150000000000001,0.97691837032926498
0.13200000000000001,0.97621322579615422
0.13250000000000001,0.97573787929038158
0.13300000000000001,0.97545925077677653
0.13350000000000001,0.9753485600637507
0.13400000000000001,0.97538074032448874
0.13450000000000001,0.97553394129506688
0.13500000000000001,0.97578910656114537
0.13550000000000001,0.97612961236572671
0.13600000000000001,0.97654095775527128
0.13650000000000001,0.97701049777330096
0.13700000000000001,0.97752721291844802
0.13750000000000001,0.97808150929114102
0.13800000000000001,0.97866504482398775
0.13850000000000001,0.97927057777509774
0.13900000000000001,0.97989183429970383
0.13950000000000001,0.98052339243365161
0.14000000000000001,0.98116058024627195
0.14050000000000001,0.98179938626844288
0.14099999999999999,0.98243638058900273
0.14149999999999999,0.98306864525075144
0.14199999999999999,0.98369371277536888
0.14249999999999999,0.98430951181208948
0.14299999999999999,0.9849143190438574
0.14349999999999999,0.98550671660170885
0.14399999999999999,0.98608555433714717
0.14449999999999999,0.98664991638640531
0.14499999999999999,0.98719909153225527
0.14549999999999999,0.98773254693048684
0.14599999999999999,0.98824990482101738
0.14649999999999999,0.98875092188918967
0.14699999999999999,0.98923547098229725
0.14749999999999999,0.98970352492068558
0.14799999999999999,0.99015514217267897
0.14849999999999999,0.99059045418873115
0.14899999999999999,0.99100965421312137
0.14949999999999999,0.99141298741166772
0.14999999999999999,0.99180074217169123
0.15049999999999999,0.99217324244614369
0.151,0.99253084102769573
0.1515,0.99287391365088351
0.152,0.99320285383134232
0.1525,0.99351806836087442
0.153,0.99381997338575301
0.1535,0.99107756402968894
0.154,0.98685766273409148
0.1545,0.9833838326533092
0.155,0.98054965643051351
0.1555,0.97826444195124784
0.156,0.97645060936056993
0.1565,0.97504157265994451
0.157,0.97398001135473866
0.1575,0.97321645173894455
0.158,0.97270809553153836
0.1585,0.97241784730678504
0.159,0.97231350262940164
0.1595,0.97236706684117813
0.16,0.9725541806521304
0.1605,0.97285363351106202
0.161,0.97324694949730828
0.1615,0.97371803343380148
0.16200000000000001,0.9742528672567331
0.16250000000000001,0.9748392485292412
0.16300000000000001,0.97546656446250468
0.16350000000000001,0.97612559598914705
0.16400000000000001,0.97680834738387345
0.16450000000000001,0.97750789769348023
0.16500000000000001,0.97821827086062452
0.16550000000000001,0.9789343219325739
0.16600000000000001,0.97965163716073167
0.16650000000000001,0.9803664461372853
0.16700000000000001,0.98107554439626565
0.16750000000000001,0.98177622513904794
0.16800000000000001,0.98246621893796848
0.16850000000000001,0.98314364043353153
0.16900000000000001,0.98380694117644896
0.16950000000000001,0.98445486788016623
0.17000000000000001,0.98508642544634872
0.17050000000000001,0.98570084420807547
0.17100000000000001,0.98629755090568927
0.17150000000000001,0.98687614297038651
0.17199999999999999,0.98743636574234939
0.17249999999999999,0.98496710878873983
0.17299999999999999,0.98102374314284968
0.17349999999999999,0.97781477579525211
0.17399999999999999,0.9752341459123729
0.17449999999999999,0.97319154994213375
0.17499999999999999,0.97160981222049347
0.17549999999999999,0.97042275537709655
0.17599999999999999,0.96957346447304438
0.17649999999999999,0.96901286336879167
0.17699999999999999,0.96869854026318369
0.17749999999999999,0.96859377329517793
0.17799999999999999,0.96866671772652613
0.17849999999999999,0.96888972437222343
0.17899999999999999,0.96923876523285901
0.17949999999999999,0.96969294716289178
0.17999999999999999,0.97023409821758111
0.18049999999999999,0.97084641430977714
0.18099999999999999,0.97151615616456855
0.18149999999999999,0.97223138842748169
0.182,0.97298175426897637
0.1825,0.97375828001737397
0.183,0.97455320530789447
0.1835,0.97535983500650947
0.184,0.97617240979214626
0.1845,0.97698599278929799
0.185,0.97779637005872144
0.1855,0.97859996309505903
0.186,0.97939375176144106
0.1865,0.98017520632394139
0.187,0.98094222744232829
0.1875,0.98169309313518816
0.188,0.98242641187305424
0.1885,0.98314108106733955
0.189,0.98383625031944633
0.1895,0.98451128887645156
0.19,0.98516575680973928
0.1905,0.98579937949287122
0.191,0.98641202500651393
0.1915,0.98700368414270689
0.192,0.98757445271928201
0.1925,0.98812451594872819
0.193,0.98865413463500251
0.19350000000000001,0.98916363299733634
0.19400000000000001,0.98965338794250346
0.19450000000000001,0.99012381962673657
0.19500000000000001,0.99057538316586902
0.19550000000000001,0.99100856136765114
0.19600000000000001,0.99142385837380353
0.19650000000000001,0.99182179411145144
0.19700000000000001,0.99220289946432039
0.19750000000000001,0.99256771208363059
0.19800000000000001,0.99291677276714507
0.19850000000000001,0.99325062234242778
0.19900000000000001,0.99356979899715525
0.19950000000000001,0.99387483600539328
0.20000000000000001,0.99416625980418039
0.20050000000000001,0.99444458837961591
0.20100000000000001,0.99471032992600361
0.20150000000000001,0.99496398174549894
0.20200000000000001,0.99520602935920133
0.20250000000000001,0.99543694580376352
0.20300000000000001,0.99565719109039663
0.20349999999999999,0.99586721180566518
0.20399999999999999,0.99606744083572074
0.20449999999999999,0.99625829719764647
0.20499999999999999,0.99644018596339368
0.20549999999999999,0.9966134982634155
0.20599999999999999,0.99677861135855872
0.20649999999999999,0.99693588877007255
0.20699999999999999,0.99708568045876367
0.20749999999999999,0.99722832304536435
0.20799999999999999,0.99736414006511842
0.20849999999999999,0.99749344225041825
0.20899999999999999,0.99761652783607535
0.20949999999999999,0.99773368288246811
0.20999999999999999,0.99478342768479577
0.21049999999999999,0.99035038171810719
0.21099999999999999,0.98667859405762237
0.21149999999999999,0.98366014048094108
0.21199999999999999,0.9812030254194285
0.21249999999999999,0.97922853553569256
0.21299999999999999,0.97766909411037706
0.2135,0.97646651042789512
0.214,0.97557054275436839
0.2145,0.97493771184669276
0.215,0.97453031582566374
0.2155,0.97431560784224103
0.216,0.97426510610030836
0.2165,0.97435401208246619
0.217,0.97456071770723995
0.2175,0.97486638596027109
0.218,0.97525459253786906
0.2185,0.97571101840625862
0.219,0.97622318505587402
0.2195,0.97678022572520595
0.22,0.97737268706573788
0.2205,0.97799235668212958
0.221,0.97863211275928386
0.2215,0.97928579261858739
0.222,0.97994807755935309
0.2225,0.98061439176175802
0.223,0.98128081337283468
0.2235,0.98194399618191996
0.224,0.98260110052796035
0.22450000000000001,0.98324973227743218
0.22500000000000001,0.98388788887570311
0.22550000000000001,0.98451391161233537
0.22600000000000001,0.98512644335684085
0.22650000000000001,0.98572439111956611
0.22700000000000001,0.88603735602478118
0.22750000000000001,0.79139899819224691
0.22800000000000001,0.80176524002716776
0.22850000000000001,0.81161752868253556
0.22900000000000001,0.82098141791934109
0.22950000000000001,0.82988115601764012
0.23000000000000001,0.83833975993247711
0.23050000000000001,0.84637908396795092
0.23100000000000001,0.85401988355040381
0.23150000000000001,0.86128187460280936
0.23200000000000001,0.86818378895536497
0.23250000000000001,0.87474342617021383
0.23300000000000001,0.88097770210959681
0.23350000000000001,0.88690269453525938
0.23400000000000001,0.89253368599152427
0.23449999999999999,0.89788520419415208
0.23499999999999999,0.90297106012117556
0.23549999999999999,0.90780438397964658
0.23599999999999999,0.91239765920311378
0.23649999999999999,0.91676275461818912
0.23699999999999999,0.92091095490435515
0.23749999999999999,0.92485298945887862
0.23799999999999999,0.92859905976804025
0.23849999999999999,0.93215886537662285
0.23899999999999999,0.93554162853951361
0.23949999999999999,0.93875611763220079
0.23999999999999999,0.94181066939072544
0.24049999999999999,0.94471321004616926
0.24099999999999999,0.94747127541390275
0.24149999999999999,0.95009202999350606
0.24199999999999999,0.95258228513142051
0.24249999999999999,0.95494851629493704
0.24299999999999999,0.95719687950301402
0.24349999999999999,0.9593332269566045
0.24399999999999999,0.96136312190861595
0.2445,0.96329185281128948
0.245,0.96512444677665121
0.2455,0.96686568238371673
0.246,0.96852010186431592
0.2465,0.9700920226977201
0.247,0.97158554864268654
0.2475,0.97300458023407554
0.248,0.97435282476982665
0.2485,0.97563380581279957
0.249,0.97685087223077893
0.2495,0.97800720679680508
0.25,0.9791058343709228
0.2505,0.98014962968342256
0.251,0.98114132473869098
0.2515,0.98208351585787568
0.252,0.9829786703777037
0.2525,0.98382913302197472
0.253,0.98463713196146441
0.2535,0.98540478457723479
0.254,0.9861341029416375
0.2545,0.98682699903062243
0.255,0.98748528968032323
0.2555,0.98811070130027634
0.25600000000000001,0.98870487435504883
0.25650000000000001,0.88926882944716068
0.25700000000000001,0.79480471506681816
0.25750000000000001,0.80506435080013949
0.25800000000000001,0.81481101357300512
0.25850000000000001,0.82407035173445498
0.25900000000000001,0.83286673116134824
0.25950000000000001,0.84122329939971641
0.26000000000000001,0.84916204659549432
0.26050000000000001,0.85670386337577531
0.26100000000000001,0.86386859583357678
0.26150000000000001,0.87067509776137419
0.26200000000000001,0.87714128027132354
0.26250000000000001,0.88328415893314072
0.26300000000000001,0.88911989855400553
0.26350000000000001,0.89466385571859763
0.26400000000000001,0.89993061920143214
0.26450000000000001,0.90493404835802238
0.26500000000000001,0.90968730959604804
0.26550000000000001,0.91420291102262541
0.26600000000000001,0.9184927353589547
0.26650000000000001,0.92256807120904072
0.26700000000000002,0.9264396427648367
0.26750000000000002,0.93011763802603298
0.26800000000000002,0.93361173560879229
0.26850000000000002,0.93693113021401186
0.26900000000000002,0.94008455682215808
0.26950000000000002,0.94308031367836154
0.27000000000000002,0.94592628412827218
0.27050000000000002,0.94862995736214684
0.27100000000000002,0.95119844812176413
0.27150000000000002,0.95363851542203082
0.27200000000000002,0.95595658033654796
0.27250000000000002,0.95815874289394121
0.27300000000000002,0.96025079812941783
0.27350000000000002,0.96223825133378893
0.27400000000000002,0.96412633254008351
0.27450000000000002,0.96592001028587338
0.27500000000000002,0.96762400468752208
0.27550000000000002,0.96924279986075978
0.27600000000000002,0.97078065572026628
0.27650000000000002,0.97224161918930985
0.27700000000000002,0.97362953484893611
0.27750000000000002,0.97494805505472903
0.27800000000000002,0.97620064954776231
0.27850000000000003,0.97739061458502952
0.27900000000000003,0.97852108161337836
0.27950000000000003,0.97959502550977073
0.28000000000000003,0.98061527240955126
0.28050000000000003,0.98158450714332224
0.28100000000000003,0.9825052803019928
0.28149999999999997,0.98338001494859228
0.28199999999999997,0.98421101299450831
0.28249999999999997,0.98500046125692697
0.28299999999999997,0.88575043519142305
0.28349999999999997,0.79146291091007448
0.28399999999999997,0.80188976488720909
0.28449999999999998,0.81179527619785363
0.28499999999999998,0.82120551197432456
0.28549999999999998,0.83014523599209999
0.28599999999999998,0.8386379738377312
0.28649999999999998,0.84670607481834381
0.28699999999999998,0.85437077077565338
0.28749999999999998,0.86165223195927054
0.28799999999999998,0.86856962010633332
0.28849999999999998,0.87514113886715106
0.28899999999999998,0.88138408170956162
0.28949999999999998,0.88731487742806625
0.28999999999999998,0.89294913337750403
0.29049999999999998,0.89830167654504023
0.29099999999999998,0.90338659256855292
0.29149999999999998,0.90821726280409887
0.29199999999999998,0.91280639954000409
0.29249999999999998,0.91716607945024953
0.29299999999999998,0.92130777537518638
0.29349999999999998,0.92524238651321511
0.29399999999999998,0.92898026710288018
0.29449999999999998,0.93253125367085954
0.29499999999999998,0.9359046909175549
0.29549999999999998,0.93910945630840192
0.29599999999999999,0.94215398343561552
0.29649999999999999,0.94504628421184711
0.29699999999999999,0.94779396995415977
0.29749999999999999,0.95040427141380457
0.29799999999999999,0.95288405780450813
0.29849999999999999,0.95523985487934582
0.29899999999999999,0.95747786210377184
0.29949999999999999,0.95960396896999733
0.29999999999999999,0.96162377049565062
0.30049999999999999,0.96354258194750364
0.30099999999999999,0.96536545282901309
0.30149999999999999,0.96709718016848389
0.30199999999999999,0.9687423211428251
0.30249999999999999,0.97030520507011808
0.30299999999999999,0.9717899448025562
0.30349999999999999,0.97320044754973811
0.30399999999999999,0.97454042516079586
0.30449999999999999,0.975813403892417
0.30499999999999999,0.97409145419543375
0.30549999999999999,0.9708819421828635
0.30599999999999999,0.9649981020093481
0.30649999999999999,0.95820604897657546
0.307,0.95281935652306748
0.3075,0.94860993762447254
0.308,0.9453891534767126
0.3085,0.94300004510670787
0.309,0.94131129299271632
0.3095,0.94021248067384056
0.31,0.93961035118210079
0.3105,0.93942582572740552
0.311,0.93959161223561505
0.3115,0.94005027374019268
0.312,0.94075265782132445
0.3125,0.94165661143505264
0.313,0.94272592279394063
0.3135,0.94392944501733311
0.314,0.94524036618301244
0.3145,0.94663559799009556
0.315,0.94809526107224229
0.3155,0.94960224951088568
0.316,0.95114186060810479
0.3165,0.95270147872447297
0.317,0.95427030414599701
0.3175,0.95583911964979684
0.318,0.95740008879193061
0.31850000000000001,0.95894658102016617
0.31900000000000001,0.96047301957897158
0.31950000000000001,0.96197474886935952
0.32000000000000001,0.96344791848799061
0.32050000000000001,0.964889381625752
0.32100000000000001,0.96629660587748401
0.32150000000000001,0.96766759481857023
0.32200000000000001,0.9690008189540873
0.32250000000000001,0.97029515485266604
0.32300000000000001,0.87106202874983918
0.32350000000000001,0.77690616088494302
0.32400000000000001,0.78795083517412356
0.32450000000000001,0.79845039753648017
0.32500000000000001,0.80843195047304339
0.32550000000000001,0.81792117603153358
0.32600000000000001,0.82694242502756754
0.32650000000000001,0.83551879828588538
0.32700000000000001,0.84367222090319638
0.32750000000000001,0.85142351038605379
0.32800000000000001,0.85879243939212324
0.32850000000000001,0.86579779369760868
0.32900000000000001,0.87245742592433895
0.32950000000000002,0.87878830548450826
0.33000000000000002,0.88480656513713951
0.33050000000000002,0.89052754449617855
0.33100000000000002,0.89596583078420133
0.33150000000000002,0.90113529708674434
0.33200000000000002,0.90604913832916267
0.33250000000000002,0.91071990516977697
0.33300000000000002,0.91515953597911082
0.33350000000000002,0.91937938705460753
0.33400000000000002,0.92339026120279222
0.33450000000000002,0.92720243480595532
0.33500000000000002,0.9308256834776848
0.33550000000000002,0.9342693064006371
0.33600000000000002,0.93754214943053082
0.33650000000000002,0.94065262704224084
0.33700000000000002,0.94360874318686105
0.33750000000000002,0.94641811112252505
0.33800000000000002,0.94908797227648378
0.33850000000000002,0.95162521419131985
0.33900000000000002,0.95403638760412135
0.33950000000000002,0.95632772270387012
0.34000000000000002,0.95850514460913616
0.34050000000000002,0.96057428810535972
0.34100000000000003,0.96254051167848886
0.34150000000000003,0.96440891087948222
0.34200000000000003,0.96618433105214852
0.34250000000000003,0.96787137945494139
0.34300000000000003,0.96947443680564094
0.34350000000000003,0.97099766827630341
0.34399999999999997,0.97244503396443427
0.34449999999999997,0.97382029886502008
0.34499999999999997,0.9751270423668279
0.34549999999999997,0.97636866729523564
0.34599999999999997,0.97754840852278757
0.34649999999999997,0.97866934116766224
0.34699999999999998,0.97973438839929128
0.34749999999999998,0.98074632886947655
0.34799999999999998,0.98170780378650158
0.34849999999999998,0.98262132364893506
0.34899999999999998,0.98348927465505787
0.34949999999999998,0.98431392480312152
0.34999999999999998,0.98509742969695469
0.35049999999999998,0.9858418380707753
0.35099999999999998,0.9865490970464369
0.35149999999999998,0.98722105713573827
0.35199999999999998,0.98785947699985122
0.35249999999999998,0.98846602797737448
0.35299999999999998,0.98904229839199498
0.35349999999999998,0.9895897976502398
0.35399999999999998,0.99010996013931984
0.35449999999999998,0.99060414893460991
0.35499999999999998,0.99107365932586899
0.35549999999999998,0.99151972217088713
0.35599999999999998,0.99194350708484202
0.35649999999999998,0.99234612547326606
0.35699999999999998,0.99272863341615569
0.35749999999999998,0.99309203441040628
0.35799999999999998,0.99343728197741754
0.35849999999999999,0.99376528214239523
0.35899999999999999,0.99407689579156866
0.35949999999999999,0.99437294091324879
0.35999999999999999,0.9946541947283738
0.36049999999999999,0.99492139571592064
0.36099999999999999,0.99517524553830583
0.36149999999999999,0.99541641087165511
0.36199999999999999,0.99564552514558968
0.36249999999999999,0.99586319019695324
0.36299999999999999,0.99606997784169349
0.36349999999999999,0.99626643136890891
0.36399999999999999,0.9964530669608791
0.36449999999999999,0.99663037504271257
0.36499999999999999,0.9967988215650716
0.36549999999999999,0.99695884922326505
0.36599999999999999,0.99711087861584247
0.36649999999999999,0.99725530934566886
0.36699999999999999,0.99739252106631737
0.36749999999999999,0.99752287447647592
0.36799999999999999,0.99764671226493606
0.36849999999999999,0.9977643600086038
0.36899999999999999,0.99787612702585615
0.3695,0.99798230718745029
0.37,0.99808317968708771
0.3705,0.99817900977362917
0.371,0.99827004944686171
0.3715,0.99835653811862335
0.372,0.99843870324100303
0.3725,0.99851676090324992
0.373,0.99859091639894348
0.3735,0.99866136476490208
0.374,0.99872829129323293
0.3745,0.99879187201785746
0.375,0.9988522741767818
0.3755,0.99890965665131604
0.376,0.99896417038339114
0.3765,0.99901595877206062
0.377,0.99906515805022389
0.3775,0.99911189764255537
0.378,0.99915630050557491
0.3785,0.99919848345074824
0.379,0.99923855745146328
0.3795,0.99927662793468541
0.38,0.99931279505805404
0.3805,0.99934715397314744
0.38100000000000001,0.99937979507560404
0.38150000000000001,0.99941080424275597
0.38200000000000001,0.99944026305939671
0.38250000000000001,0.99946824903227605
0.38300000000000001,0.99949483579388243
0.38350000000000001,0.99952009329604874
0.38400000000000001,0.9995440879938885
0.38450000000000001,0.99956688302054453
0.38500000000000001,0.99958853835320916
0.38550000000000001,0.99960911097085114
0.38600000000000001,0.99962865500406362
0.38650000000000001,0.99964722187742527
0.38700000000000001,0.99966486044474978
0.38750000000000001,0.99968161711757764
0.38800000000000001,0.99969753598724842
0.38850000000000001,0.9997126589408728
0.38900000000000001,0.99972702577151051
0.38950000000000001,0.99974067428284252
0.39000000000000001,0.99975364038861225
0.39050000000000001,0.99976595820709813
0.39100000000000001,0.99977766015086444
0.39150000000000001,0.99978877701202729
0.39200000000000002,0.99979933804325871
0.39250000000000002,0.99980937103474299
0.39300000000000002,0.99981890238728643
0.39350000000000002,0.99982795718177297
0.39400000000000002,0.99983655924514869
0.39450000000000002,0.99984473121310802
0.39500000000000002,0.99985249458964665
0.39550000000000002,0.99985986980363806
0.39600000000000002,0.99986687626258186
0.39650000000000002,0.99987353240366517
0.39700000000000002,0.99987985574227256
0.39750000000000002,0.99988586291807002
0.39800000000000002,0.99989156973878612
0.39850000000000002,0.99989699122180409
0.39900000000000002,0.99990214163367519
0.39950000000000002,0.99990703452765628
0.40000000000000002,0.9999116827793717
0.40050000000000002,0.99991609862069131
0.40100000000000002,0.99992029367191593
0.40150000000000002,0.99992427897235325
0.40200000000000002,0.99992806500936537
0.40250000000000002,0.99993166174596382
0.40300000000000002,0.99993507864702558
0.40350000000000003,0.99993832470419819
0.40400000000000003,0.9999414084595597
0.40450000000000003,0.9999443380280959
0.40500000000000003,0.99994712111905382
0.40550000000000003,0.99994976505622757
0.40600000000000003,0.99995227679722998
0.40649999999999997,0.9999546629518008
0.40699999999999997,0.99995692979919981
0.40749999999999997,0.99995908330472993
0.40799999999999997,0.99996112913543456
0.40849999999999997,0.99996307267500983
0.40899999999999997,0.99996491903797158
0.40949999999999998,0.99996667308311404
0.40999999999999998,0.99996833942629526
0.41049999999999998,0.99996992245258376
0.41099999999999998,0.99997142632779745
0.41149999999999998,0.9999728550094662
0.41199999999999998,0.99997421225724559
0.41249999999999998,0.99997550164281079
0.41299999999999998,0.99997672655925496
0.41349999999999998,0.99997789023001848
0.41399999999999998,0.99997899571737114
0.41449999999999998,0.99998004593047085
0.41499999999999998,0.99998104363301876
0.41549999999999998,0.99998199145053213
0.41599999999999998,0.99998289187725342
0.41649999999999998,0.99998374728271378
0.41699999999999998,0.99998455991796886
0.41749999999999998,0.99998533192152206
0.41799999999999998,0.99998606532495249
0.41849999999999998,0.99998676205826076
0.41899999999999998,0.999987423954948
0.41949999999999998,0.99998805275684088
0.41999999999999998,0.9999886501186751
0.42049999999999998,0.99998921761244997
0.42099999999999999,0.9999897567315652
0.42149999999999999,0.99999026889475096
0.42199999999999999,0.99999075544980098
0.42249999999999999,0.99999121767711974
0.42299999999999999,0.99999165679309165
0.42349999999999999,0.99999207395328216
0.42399999999999999,0.99999247025547866
0.42449999999999999,0.99999284674257927
0.42499999999999999,0.99999320440533745
0.42549999999999999,0.999993544184969
0.42599999999999999,0.99999386697562909
0.42649999999999999,0.99999417362676535
0.42699999999999999,0.99999446494535305
0.42749999999999999,0.99999474169801872
0.42799999999999999,0.99999500461305779
0.42849999999999999,0.99999525438235093
0.42899999999999999,0.9999954916631848
0.42949999999999999,0.99999571707998181
0.42999999999999999,0.99999593122594332
0.43049999999999999,0.99999613466461068
0.43099999999999999,0.99999632793134829
0.43149999999999999,0.99999651153475222
0.432,0.99999668595798874
0.4325,0.99999685166006602
0.433,0.99999700907704181
0.4335,0.99999715862317085
0.434,0.99999730069199533
0.4345,0.99999743565738031
0.435,0.99999756387449756
0.4355,0.99999768568076031
0.436,0.99999780139671113
0.4365,0.99999791132686555
0.437,0.99999801576051328
0.4375,0.99999811497247948
0.438,0.99999820922384819
0.4385,0.99999829876264923
0.439,0.99999838382451089
0.4395,0.99999846463328002
0.44,0.99999854140161126
0.4405,0.99999861433152637
0.441,0.99999868361494615
0.4415,0.99999874943419531
0.442,0.99999881196248241
0.4425,0.9999988713643555
0.443,0.9999989277961352
0.44350000000000001,0.99999898140632615
0.44400000000000001,0.99999903233600773
0.44450000000000001,0.99999908071920551
0.44500000000000001,0.99999912668324353
0.44550000000000001,0.99999917034907981
0.44600000000000001,0.99999921183162443
0.44650000000000001,0.99999925124004196
0.44700000000000001,0.99999928867803878
0.44750000000000001,0.99999932424413585
0.44800000000000001,0.99999935803192819
0.44850000000000001,0.99999939013033101
0.44900000000000001,0.99999942062381375
0.44950000000000001,0.99999944959262244
0.45000000000000001,0.99999947711299075
0.45050000000000001,0.99999950325734066
0.45100000000000001,0.99999952809447312
0.45150000000000001,0.99999955168974908
0.45200000000000001,0.9999995741052613
0.45250000000000001,0.99999959539999794
0.45300000000000001,0.99999961562999773
0.45350000000000001,0.99999963484849752
0.45400000000000001,0.99999965310607242
0.45450000000000002,0.99999967045076854
0.45500000000000002,0.99999968692822994
0.45550000000000002,0.99999970258181825
0.45600000000000002,0.9999997174527272
0.45650000000000002,0.9999997315800907
0.45700000000000002,0.99999974500108602
0.45750000000000002,0.99999975775103156
0.45800000000000002,0.99999976986347983
0.45850000000000002,0.99999978137030576
0.45900000000000002,0.99999979230179037
0.45950000000000002,0.99999980268670075
0.46000000000000002,0.9999998125523657
0.46050000000000002,0.99999982192474735
0.46100000000000002,0.99999983082850996
0.46150000000000002,0.99999983928708436
0.46200000000000002,0.99999984732273006
0.46250000000000002,0.99999985495659349
0.46300000000000002,0.9999998622087638
0.46350000000000002,0.99999986909832561
0.46400000000000002,0.99999987564340931
0.46450000000000002,0.99999988186123878
0.46500000000000002,0.99999988776817683
0.46550000000000002,0.99999989337976802
0.46600000000000003,0.99999989871077966
0.46650000000000003,0.99999990377524062
0.46700000000000003,0.99999990858647858
0.46750000000000003,0.99999991315715464
0.46800000000000003,0.99999991749929695
0.46850000000000003,0.99999992162433204
0.46899999999999997,0.99999992554311545
0.46949999999999997,0.99999992926595971
0.46999999999999997,0.99999993280266175
0.47049999999999997,0.99999993616252869
0.47099999999999997,0.99999993935440223
0.47149999999999997,0.99999994238668211
0.47199999999999998,0.99999994526734803
0.47249999999999998,0.99999994800398062
0.47299999999999998,0.99999995060378155
0.47349999999999998,0.99999995307359246
0.47399999999999998,0.99999995541991282
0.47449999999999998,0.99999995764891714
0.47499999999999998,0.99999995976647127
0.47549999999999998,0.99999996177814776
0.47599999999999998,0.99999996368924038
0.47649999999999998,0.99999996550477832
0.47699999999999998,0.99999996722953943
0.47749999999999998,0.99999996886806242
0.47799999999999998,0.99999997042465927
0.47849999999999998,0.99999997190342627
0.47899999999999998,0.99999997330825496
0.47949999999999998,0.99999997464284218
0.47999999999999998,0.99999997591070011
0.48049999999999998,0.99999997711516508
0.48099999999999998,0.99999997825940679
0.48149999999999998,0.99999997934643647
0.48199999999999998,0.99999998037911464
0.48249999999999998,0.99999998136015888
0.48299999999999998,0.99999998229215092
0.48349999999999999,0.99999998317754335
0.48399999999999999,0.99999998401866619
0.48449999999999999,0.99999998481773289
0.48499999999999999,0.99999998557684622
0.48549999999999999,0.99999998629800391
0.48599999999999999,0.99999998698310366
0.48649999999999999,0.99999998763394848
0.48699999999999999,0.99999998825225112
0.48749999999999999,0.99999998883963859
0.48799999999999999,0.99999998939765666
0.48849999999999999,0.99999998992777384
0.48899999999999999,0.9999999904313851
0.48949999999999999,0.99999999090981584
0.48999999999999999,0.99999999136432505
0.49049999999999999,0.99999999179610877
0.49099999999999999,0.99999999220630331
0.49149999999999999,0.99999999259598815
0.49199999999999999,0.9999999929661888
0.49249999999999999,0.99999999331787937
0.49299999999999999,0.99999999365198544
0.49349999999999999,0.99999999396938621
0.49399999999999999,0.9999999942709169
0.4945,0.9999999945573711
0.495,0.99999999482950253
0.4955,0.99999999508802739
0.496,0.99999999533362605
0.4965,0.99999999556694474
0.497,0.99999999578859755
0.4975,0.99999999599916767
0.498,0.99999999619920932
0.4985,0.99999999638924886
0.499,0.99999999656978644
0.4995,0.99999999674129714
0.5,0.99999999690423225
0.50049999999999994,0.99999999705902065
0.501,0.99999999720606958
0.50149999999999995,0.99999999734576606
0.502,0.99999999747847779
0.50249999999999995,0.99999999760455394
0.503,0.99999999772432624
0.50349999999999995,0.99999999783810989
0.504,0.99999999794620442
0.50449999999999995,0.99999999804889417
0.505,0.99999999814644946
0.50549999999999995,0.999999998239127
0.50600000000000001,0.99999999832717068
0.50649999999999995,0.99999999841081211
0.50700000000000001,0.99999999849027155
0.50749999999999995,0.99999999856575794
0.50800000000000001,0.99999999863747002
0.50849999999999995,0.99999999870559653
0.50900000000000001,0.99999999877031676
0.50949999999999995,0.99999999883180091
0.51000000000000001,0.99999999889021085
0.51049999999999995,0.99999999894570035
0.51100000000000001,0.9999999989984153
0.51149999999999995,0.99999999904849457
0.51200000000000001,0.99999999909606985
0.51249999999999996,0.99999999914126636
0.51300000000000001,0.99999999918420301
0.51349999999999996,0.99999999922499283
0.51400000000000001,0.99999999926374317
0.51449999999999996,0.99999999930055605
0.51500000000000001,0.9999999993355283
0.51549999999999996,0.99999999936875184
0.51600000000000001,0.99999999940031425
0.51649999999999996,0.99999999943029849
0.51700000000000002,0.99999999945878359
0.51749999999999996,0.99999999948584439
0.51800000000000002,0.99999999951155216
0.51849999999999996,0.99999999953597452
0.51900000000000002,0.99999999955917585
0.51949999999999996,0.9999999995812171
0.52000000000000002,0.99999999960215624
0.52049999999999996,0.99999999962204844
0.52100000000000002,0.99999999964094599
0.52149999999999996,0.99999999965889874
0.52200000000000002,0.99999999967595377
0.52249999999999996,0.99999999969215603
0.52300000000000002,0.99999999970754827
0.52349999999999997,0.99999999972217091
0.52400000000000002,0.99999999973606235
0.52449999999999997,0.99999999974925924
0.52500000000000002,0.99999999976179632
0.52549999999999997,0.99999999977370646
0.52600000000000002,0.99999999978502119
0.52649999999999997,0.99999999979577014
0.52700000000000002,0.99999999980598164
0.52749999999999997,0.99999999981568255
0.52800000000000002,0.9999999998248984
0.52849999999999997,0.99999999983365351
0.52900000000000003,0.99999999984197085
0.52949999999999997,0.99999999984987231
0.53000000000000003,0.99999999985737875
0.53049999999999997,0.99999999986450983
0.53100000000000003,0.9999999998712843
0.53149999999999997,0.99999999987772004
0.53200000000000003,0.99999999988383403
0.53249999999999997,0.99999999988964239
0.53300000000000003,0.99999999989516031
0.53349999999999997,0.99999999990040234
0.53400000000000003,0.99999999990538224
0.53449999999999998,0.99999999991011312
0.53500000000000003,0.99999999991460742
0.53549999999999998,0.999999999918877
0.53600000000000003,0.9999999999229332
0.53649999999999998,0.99999999992678656
0.53700000000000003,0.99999999993044719
0.53749999999999998,0.99999999993392485
0.53800000000000003,0.99999999993722866
0.53849999999999998,0.99999999994036726
0.53900000000000003,0.99999999994334887
0.53949999999999998,0.99999999994618138
0.54000000000000004,0.99999999994887234
0.54049999999999998,0.99999999995142874
0.54100000000000004,0.99999999995385735
0.54149999999999998,0.99999999995616451
0.54200000000000004,0.99999999995835631
0.54249999999999998,0.99999999996043853
0.54300000000000004,0.99999999996241662
0.54349999999999998,0.99999999996429578
0.54400000000000004,0.99999999996608102
0.54449999999999998,0.999999999967777
0.54500000000000004,0.99999999996938815
0.54549999999999998,0.99999999997091871
0.54600000000000004,0.99999999997237277
0.54649999999999999,0.99999999997375411
0.54700000000000004,0.99999999997506639
0.54749999999999999,0.99999999997631306
0.54800000000000004,0.99999999997749744
0.54849999999999999,0.99999999997862254
0.54900000000000004,0.99999999997969147
0.54949999999999999,0.99999999998070688
0.55000000000000004,0.99999999998167155
0.55049999999999999,0.99999999998258793
0.55100000000000005,0.99999999998345857
0.55149999999999999,0.99999999998428568
0.55200000000000005,0.99999999998507139
0.55249999999999999,0.99999999998581779
0.55300000000000005,0.99999999998652689
0.55349999999999999,0.99999999998720057
0.55400000000000005,0.9999999999878405
0.55449999999999999,0.99999999998844846
0.55500000000000005,0.999999999989026
0.55549999999999999,0.99999999998957467
0.55600000000000005,0.99999999999009592
0.55649999999999999,0.99999999999059108
0.55700000000000005,0.99999999999106148
0.5575,0.99999999999150846
0.55800000000000005,0.99999999999193301
0.5585,0.99999999999233635
0.55900000000000005,0.99999999999271949
0.5595,0.99999999999308353
0.56000000000000005,0.99999999999342937
0.5605,0.99999999999375788
0.56100000000000005,0.99999999999406997
0.5615,0.99999999999436651
0.56200000000000006,0.99999999999464817
0.5625,0.99999999999491573
0.56299999999999994,0.99999999999516997
0.5635,0.99999999999541145
0.56399999999999995,0.99999999999564093
0.5645,0.99999999999585887
0.56499999999999995,0.99999999999606592
0.5655,0.99999999999626266
0.56599999999999995,0.99999999999644951
0.5665,0.99999999999662703
0.56699999999999995,0.99999999999679567
0.5675,0.99999999999695588
0.56799999999999995,0.99999999999710809
0.56850000000000001,0.99999999999725264
0.56899999999999995,0.99999999999738998
0.56950000000000001,0.99999999999752043
0.56999999999999995,0.99999999999764444
0.57050000000000001,0.99999999999776223
0.57099999999999995,0.99999999999787414
0.57150000000000001,0.99999999999798039
0.57199999999999995,0.99999999999808142
0.57250000000000001,0.99999999999817735
0.57299999999999995,0.9999999999982685
0.57350000000000001,0.99999999999835509
0.57399999999999995,0.99999999999843736
0.57450000000000001,0.99999999999851552
0.57499999999999996,0.99999999999858979
0.57550000000000001,0.99999999999866029
0.57599999999999996,0.99999999999872724
0.57650000000000001,0.99999999999879086
0.57699999999999996,0.99999999999885136
0.57750000000000001,0.99999999999890876
0.57799999999999996,0.99999999999896327
0.57850000000000001,0.99999999999901512
0.57899999999999996,0.99999999999906442
0.57950000000000002,0.99999999999911116
0.57999999999999996,0.99999999999915556
0.58050000000000002,0.99999999999919775
0.58099999999999996,0.99999999999923783
0.58150000000000002,0.99999999999927591
0.58199999999999996,0.99999999999931211
0.58250000000000002,0.99999999999934652
0.58299999999999996,0.99999999999937916
0.58350000000000002,0.99999999999941025
0.58399999999999996,0.99999999999943978
0.58450000000000002,0.99999999999946776
0.58499999999999996,0.9999999999994944
0.58550000000000002,0.99999999999951972
0.58599999999999997,0.9999999999995437
0.58650000000000002,0.99999999999956657
0.58699999999999997,0.99999999999958822
0.58750000000000002,0.99999999999960876
0.58799999999999997,0.9999999999996283
0.58850000000000002,0.99999999999964684
0.58899999999999997,0.99999999999966449
0.58950000000000002,0.99999999999968125
0.58999999999999997,0.99999999999969724
0.59050000000000002,0.99999999999971234
0.59099999999999997,0.99999999999972677
0.59150000000000003,0.99999999999974043
0.59199999999999997,0.99999999999975342
0.59250000000000003,0.99999999999976574
0.59299999999999997,0.99999999999977751
0.59350000000000003,0.99999999999978861
0.59399999999999997,0.99999999999979916
0.59450000000000003,0.99999999999980915
0.59499999999999997,0.9999999999998187
0.59550000000000003,0.9999999999998278
0.59599999999999997,0.99999999999983646
0.59650000000000003,0.99999999999984468
0.59699999999999998,0.99999999999985245
0.59750000000000003,0.99999999999985978
0.59799999999999998,0.99999999999986677
0.59850000000000003,0.99999999999987343
0.59899999999999998,0.99999999999987976
0.59950000000000003,0.99999999999988576
0.59999999999999998,0.99999999999989142
0.60050000000000003,0.99999999999989686
0.60099999999999998,0.99999999999990197
0.60150000000000003,0.99999999999990685
0.60199999999999998,0.99999999999991152
0.60250000000000004,0.99999999999991596
0.60299999999999998,0.99999999999992017
0.60350000000000004,0.99999999999992417
0.60399999999999998,0.99999999999992795
0.60450000000000004,0.9999999999999315
0.60499999999999998,0.99999999999993494
0.60550000000000004,0.99999999999993816
0.60599999999999998,0.99999999999994127
0.60650000000000004,0.99999999999994416
0.60699999999999998,0.99999999999994693
0.60750000000000004,0.9999999999999496
0.60799999999999998,0.99999999999995215
0.60850000000000004,0.99999999999995459
0.60899999999999999,0.99999999999995681
0.60950000000000004,0.99999999999995892
0.60999999999999999,0.99999999999996103
0.61050000000000004,0.99999999999996303
0.61099999999999999,0.99999999999996492
0.61150000000000004,0.99999999999996669
0.61199999999999999,0.99999999999996836
0.61250000000000004,0.99999999999996991
0.61299999999999999,0.99999999999997147
0.61350000000000005,0.99999999999997291
0.61399999999999999,0.99999999999997424
0.61450000000000005,0.99999999999997558
0.61499999999999999,0.9999999999999768
0.61550000000000005,0.99999999999997791
0.61599999999999999,0.99999999999997902
0.61650000000000005,0.99999999999998002
0.61699999999999999,0.99999999999998102
0.61750000000000005,0.99999999999998201
0.61799999999999999,0.9999999999999829
0.61850000000000005,0.99999999999998379
0.61899999999999999,0.99999999999998457
0.61950000000000005,0.99999999999998535
0.62,0.99999999999998612
0.62050000000000005,0.99999999999998679
0.621,0.99999999999998745
0.62150000000000005,0.99999999999998812
0.622,0.99999999999998868
0.62250000000000005,0.99999999999998923
0.623,0.99999999999998979
0.62350000000000005,0.99999999999999034
0.624,0.99999999999999079
0.62450000000000006,0.99999999999999123
0.625,0.99999999999999167
0.62549999999999994,0.99999999999999212
0.626,0.99999999999999256
0.62649999999999995,0.99999999999999289
0.627,0.99999999999999323
0.62749999999999995,0.99999999999999356
0.628,0.99999999999999389
0.62849999999999995,0.99999999999999423
0.629,0.99999999999999456
0.62949999999999995,0.99999999999999478
0.63,0.999999999999995
0.63049999999999995,0.99999999999999523
0.63100000000000001,0.99999999999999545
0.63149999999999995,0.99999999999999567
0.63200000000000001,0.99999999999999589
0.63249999999999995,0.99999999999999611
0.63300000000000001,0.99999999999999634
0.63349999999999995,0.99999999999999656
0.63400000000000001,0.99999999999999678
0.63449999999999995,0.99999999999999689
0.63500000000000001,0.999999999999997
0.63549999999999995,0.99999999999999711
0.63600000000000001,0.99999999999999722
0.63649999999999995,0.99999999999999734
0.63700000000000001,0.99999999999999745
0.63749999999999996,0.99999999999999756
0.63800000000000001,0.99999999999999767
0.63849999999999996,0.99999999999999778
0.63900000000000001,0.99999999999999789
0.63949999999999996,0.999999999999998
0.64000000000000001,0.99999999999999811
0.64049999999999996,0.99999999999999822
0.64100000000000001,0.99999999999999833
0.64149999999999996,0.99999999999999845
0.64200000000000002,0.99999999999999856
0.64249999999999996,0.99999999999999867
0.64300000000000002,0.99999999999999878
0.64349999999999996,0.99999999999999889
0.64400000000000002,0.999999999999999
0.64449999999999996,0.999999999999999
0.64500000000000002,0.999999999999999
0.64549999999999996,0.999999999999999
0.64600000000000002,0.999999999999999
0.64649999999999996,0.999999999999999
0.64700000000000002,0.999999999999999
0.64749999999999996,0.999999999999999
0.64800000000000002,0.999999999999999
0.64849999999999997,0.999999999999999
0.64900000000000002,0.999999999999999
0.64949999999999997,0.999999999999999
0.65000000000000002,0.999999999999999
0.65049999999999997,0.999999999999999
0.65100000000000002,0.999999999999999
0.65149999999999997,0.999999999999999
0.65200000000000002,0.999999999999999
0.65249999999999997,0.999999999999999
0.65300000000000002,0.999999999999999
0.65349999999999997,0.999999999999999
0.65400000000000003,0.999999999999999
0.65449999999999997,0.999999999999999
0.65500000000000003,0.999999999999999
0.65549999999999997,0.999999999999999
0.65600000000000003,0.999999999999999
0.65649999999999997,0.999999999999999
0.65700000000000003,0.999999999999999
0.65749999999999997,0.999999999999999
0.65800000000000003,0.999999999999999
0.65849999999999997,0.999999999999999
0.65900000000000003,0.999999999999999
0.65949999999999998,0.999999999999999
0.66000000000000003,0.999999999999999
0.66049999999999998,0.999999999999999
0.66100000000000003,0.999999999999999
0.66149999999999998,0.999999999999999
0.66200000000000003,0.999999999999999
0.66249999999999998,0.999999999999999
0.66300000000000003,0.999999999999999
0.66349999999999998,0.999999999999999
0.66400000000000003,0.999999999999999
0.66449999999999998,0.999999999999999
0.66500000000000004,0.999999999999999
0.66549999999999998,0.999999999999999
0.66600000000000004,0.999999999999999
0.66649999999999998,0.999999999999999
0.66700000000000004,0.999999999999999
0.66749999999999998,0.999999999999999
0.66800000000000004,0.999999999999999
0.66849999999999998,0.999999999999999
0.66900000000000004,0.999999999999999
0.66949999999999998,0.999999999999999
0.67000000000000004,0.999999999999999
0.67049999999999998,0.999999999999999
0.67100000000000004,0.999999999999999
0.67149999999999999,0.999999999999999
0.67200000000000004,0.999999999999999
0.67249999999999999,0.999999999999999
0.67300000000000004,0.999999999999999
0.67349999999999999,0.999999999999999
0.67400000000000004,0.999999999999999
0.67449999999999999,0.999999999999999
0.67500000000000004,0.999999999999999
0.67549999999999999,0.999999999999999
0.67600000000000005,0.999999999999999
0.67649999999999999,0.999999999999999
0.67700000000000005,0.999999999999999
0.67749999999999999,0.999999999999999
0.67800000000000005,0.999999999999999
0.67849999999999999,0.999999999999999
0.67900000000000005,0.999999999999999
0.67949999999999999,0.999999999999999
0.68000000000000005,0.999999999999999
0.68049999999999999,0.999999999999999
0.68100000000000005,0.999999999999999
0.68149999999999999,0.999999999999999
0.68200000000000005,0.999999999999999
0.6825,0.999999999999999
0.68300000000000005,0.999999999999999
0.6835,0.999999999999999
0.68400000000000005,0.999999999999999
0.6845,0.999999999999999
0.68500000000000005,0.999999999999999
0.6855,0.999999999999999
0.68600000000000005,0.999999999999999
0.6865,0.999999999999999
0.68700000000000006,0.999999999999999
0.6875,0.999999999999999
0.68799999999999994,0.999999999999999
0.6885,0.999999999999999
0.68899999999999995,0.999999999999999
0.6895,0.999999999999999
0.68999999999999995,0.999999999999999
0.6905,0.999999999999999
0.69099999999999995,0.999999999999999
0.6915,0.999999999999999
0.69199999999999995,0.999999999999999
0.6925,0.999999999999999
0.69299999999999995,0.999999999999999
0.69350000000000001,0.999999999999999
0.69399999999999995,0.999999999999999
0.69450000000000001,0.999999999999999
0.69499999999999995,0.999999999999999
0.69550000000000001,0.999999999999999
0.69599999999999995,0.999999999999999
0.69650000000000001,0.999999999999999
0.69699999999999995,0.999999999999999
0.69750000000000001,0.999999999999999
0.69799999999999995,0.999999999999999
0.69850000000000001,0.999999999999999
0.69899999999999995,0.999999999999999
0.69950000000000001,0.999999999999999
0.69999999999999996,0.999999999999999
0.70050000000000001,0.999999999999999
0.70099999999999996,0.999999999999999
0.70150000000000001,0.999999999999999
0.70199999999999996,0.999999999999999
0.70250000000000001,0.999999999999999
0.70299999999999996,0.999999999999999
0.70350000000000001,0.999999999999999
0.70399999999999996,0.999999999999999
0.70450000000000002,0.999999999999999
0.70499999999999996,0.999999999999999
0.70550000000000002,0.999999999999999
0.70599999999999996,0.999999999999999
0.70650000000000002,0.999999999999999
0.70699999999999996,0.999999999999999
0.70750000000000002,0.999999999999999
0.70799999999999996,0.999999999999999
0.70850000000000002,0.999999999999999
0.70899999999999996,0.999999999999999
0.70950000000000002,0.999999999999999
0.70999999999999996,0.999999999999999
0.71050000000000002,0.999999999999999
0.71099999999999997,0.999999999999999
0.71150000000000002,0.999999999999999
0.71199999999999997,0.999999999999999
0.71250000000000002,0.999999999999999
0.71299999999999997,0.999999999999999
0.71350000000000002,0.999999999999999
0.71399999999999997,0.999999999999999
0.71450000000000002,0.999999999999999
0.71499999999999997,0.999999999999999
0.71550000000000002,0.999999999999999
0.71599999999999997,0.999999999999999
0.71650000000000003,0.999999999999999
0.71699999999999997,0.999999999999999
0.71750000000000003,0.999999999999999
0.71799999999999997,0.999999999999999
0.71850000000000003,0.999999999999999
0.71899999999999997,0.999999999999999
0.71950000000000003,0.999999999999999
0.71999999999999997,0.999999999999999
0.72050000000000003,0.999999999999999
0.72099999999999997,0.999999999999999
0.72150000000000003,0.999999999999999
0.72199999999999998,0.999999999999999
0.72250000000000003,0.999999999999999
0.72299999999999998,0.999999999999999
0.72350000000000003,0.999999999999999
0.72399999999999998,0.999999999999999
0.72450000000000003,0.999999999999999
0.72499999999999998,0.999999999999999
0.72550000000000003,0.999999999999999
0.72599999999999998,0.999999999999999
0.72650000000000003,0.999999999999999
0.72699999999999998,0.999999999999999
0.72750000000000004,0.999999999999999
0.72799999999999998,0.999999999999999
0.72850000000000004,0.999999999999999
0.72899999999999998,0.999999999999999
0.72950000000000004,0.999999999999999
0.72999999999999998,0.999999999999999
0.73050000000000004,0.999999999999999
0.73099999999999998,0.999999999999999
0.73150000000000004,0.999999999999999
0.73199999999999998,0.999999999999999
0.73250000000000004,0.999999999999999
0.73299999999999998,0.999999999999999
0.73350000000000004,0.999999999999999
0.73399999999999999,0.999999999999999
0.73450000000000004,0.999999999999999
0.73499999999999999,0.999999999999999
0.73550000000000004,0.999999999999999
0.73599999999999999,0.999999999999999
0.73650000000000004,0.999999999999999
0.73699999999999999,0.999999999999999
0.73750000000000004,0.999999999999999
0.73799999999999999,0.999999999999999
0.73850000000000005,0.999999999999999
0.73899999999999999,0.999999999999999
0.73950000000000005,0.999999999999999
0.73999999999999999,0.999999999999999
0.74050000000000005,0.999999999999999
0.74099999999999999,0.999999999999999
0.74150000000000005,0.999999999999999
0.74199999999999999,0.999999999999999
0.74250000000000005,0.999999999999999
0.74299999999999999,0.999999999999999
0.74350000000000005,0.999999999999999
0.74399999999999999,0.999999999999999
0.74450000000000005,0.999999999999999
0.745,0.999999999999999
0.74550000000000005,0.999999999999999
0.746,0.999999999999999
0.74650000000000005,0.999999999999999
0.747,0.999999999999999
0.74750000000000005,0.999999999999999
0.748,0.999999999999999
0.74850000000000005,0.999999999999999
0.749,0.999999999999999
0.74950000000000006,0.999999999999999
0.75,0.999999999999999
0.75049999999999994,0.999999999999999
0.751,0.999999999999999
0.75149999999999995,0.999999999999999
0.752,0.999999999999999
0.75249999999999995,0.999999999999999
0.753,0.999999999999999
0.75349999999999995,0.999999999999999
0.754,0.999999999999999
0.75449999999999995,0.999999999999999
0.755,0.999999999999999
0.75549999999999995,0.999999999999999
0.75600000000000001,0.999999999999999
0.75649999999999995,0.999999999999999
0.75700000000000001,0.999999999999999
0.75749999999999995,0.999999999999999
0.75800000000000001,0.999999999999999
0.75849999999999995,0.999999999999999
0.75900000000000001,0.999999999999999
0.75949999999999995,0.999999999999999
0.76000000000000001,0.999999999999999
0.76049999999999995,0.999999999999999
0.76100000000000001,0.999999999999999
0.76149999999999995,0.999999999999999
0.76200000000000001,0.999999999999999
0.76249999999999996,0.999999999999999
0.76300000000000001,0.999999999999999
0.76349999999999996,0.999999999999999
0.76400000000000001,0.999999999999999
0.76449999999999996,0.999999999999999
0.76500000000000001,0.999999999999999
0.76549999999999996,0.999999999999999
0.76600000000000001,0.999999999999999
0.76649999999999996,0.999999999999999
0.76700000000000002,0.999999999999999
0.76749999999999996,0.999999999999999
0.76800000000000002,0.999999999999999
0.76849999999999996,0.999999999999999
0.76900000000000002,0.999999999999999
0.76949999999999996,0.999999999999999
0.77000000000000002,0.999999999999999
0.77049999999999996,0.999999999999999
0.77100000000000002,0.999999999999999
0.77149999999999996,0.999999999999999
0.77200000000000002,0.999999999999999
0.77249999999999996,0.999999999999999
0.77300000000000002,0.999999999999999
0.77349999999999997,0.999999999999999
0.77400000000000002,0.999999999999999
0.77449999999999997,0.999999999999999
0.77500000000000002,0.999999999999999
0.77549999999999997,0.999999999999999
0.77600000000000002,0.999999999999999
0.77649999999999997,0.999999999999999
0.77700000000000002,0.999999999999999
0.77749999999999997,0.999999999999999
0.77800000000000002,0.999999999999999
0.77849999999999997,0.999999999999999
0.77900000000000003,0.999999999999999
0.77949999999999997,0.999999999999999
0.78000000000000003,0.999999999999999
0.78049999999999997,0.999999999999999
0.78100000000000003,0.999999999999999
0.78149999999999997,0.999999999999999
0.78200000000000003,0.999999999999999
0.78249999999999997,0.999999999999999
0.78300000000000003,0.999999999999999
0.78349999999999997,0.999999999999999
0.78400000000000003,0.999999999999999
0.78449999999999998,0.999999999999999
0.78500000000000003,0.999999999999999
0.78549999999999998,0.999999999999999
0.78600000000000003,0.999999999999999
0.78649999999999998,0.999999999999999
0.78700000000000003,0.999999999999999
0.78749999999999998,0.999999999999999
0.78800000000000003,0.999999999999999
0.78849999999999998,0.999999999999999
0.78900000000000003,0.999999999999999
0.78949999999999998,0.999999999999999
0.79000000000000004,0.999999999999999
0.79049999999999998,0.999999999999999
0.79100000000000004,0.999999999999999
0.79149999999999998,0.999999999999999
0.79200000000000004,0.999999999999999
0.79249999999999998,0.999999999999999
0.79300000000000004,0.999999999999999
0.79349999999999998,0.999999999999999
0.79400000000000004,0.999999999999999
0.79449999999999998,0.999999999999999
0.79500000000000004,0.999999999999999
0.79549999999999998,0.999999999999999
0.79600000000000004,0.999999999999999
0.79649999999999999,0.999999999999999
0.79700000000000004,0.999999999999999
0.79749999999999999,0.999999999999999
0.79800000000000004,0.999999999999999
0.79849999999999999,0.999999999999999
0.79900000000000004,0.999999999999999
0.79949999999999999,0.999999999999999
0.80000000000000004,0.999999999999999
0.80049999999999999,0.999999999999999
0.80100000000000005,0.999999999999999
0.80149999999999999,0.999999999999999
0.80200000000000005,0.999999999999999
0.80249999999999999,0.999999999999999
0.80300000000000005,0.999999999999999
0.80349999999999999,0.999999999999999
0.80400000000000005,0.999999999999999
0.80449999999999999,0.999999999999999
0.80500000000000005,0.999999999999999
0.80549999999999999,0.999999999999999
0.80600000000000005,0.999999999999999
0.80649999999999999,0.999999999999999
0.80700000000000005,0.999999999999999
0.8075,0.999999999999999
0.80800000000000005,0.999999999999999
0.8085,0.999999999999999
0.80900000000000005,0.999999999999999
0.8095,0.999999999999999
0.81000000000000005,0.999999999999999
0.8105,0.999999999999999
0.81100000000000005,0.999999999999999
0.8115,0.999999999999999
0.81200000000000006,0.999999999999999
0.8125,0.999999999999999
0.81299999999999994,0.999999999999999
0.8135,0.999999999999999
0.81399999999999995,0.999999999999999
0.8145,0.999999999999999
0.81499999999999995,0.999999999999999
0.8155,0.999999999999999
0.81599999999999995,0.999999999999999
0.8165,0.999999999999999
0.81699999999999995,0.999999999999999
0.8175,0.999999999999999
0.81799999999999995,0.999999999999999
0.81850000000000001,0.999999999999999
0.81899999999999995,0.999999999999999
0.81950000000000001,0.999999999999999
0.81999999999999995,0.999999999999999
0.82050000000000001,0.999999999999999
0.82099999999999995,0.999999999999999
0.82150000000000001,0.999999999999999
0.82199999999999995,0.999999999999999
0.82250000000000001,0.999999999999999
0.82299999999999995,0.999999999999999
0.82350000000000001,0.999999999999999
0.82399999999999995,0.999999999999999
0.82450000000000001,0.999999999999999
0.82499999999999996,0.999999999999999
0.82550000000000001,0.999999999999999
0.82599999999999996,0.999999999999999
0.82650000000000001,0.999999999999999
0.82699999999999996,0.999999999999999
0.82750000000000001,0.999999999999999
0.82799999999999996,0.999999999999999
0.82850000000000001,0.999999999999999
0.82899999999999996,0.999999999999999
0.82950000000000002,0.999999999999999
0.82999999999999996,0.999999999999999
0.83050000000000002,0.999999999999999
0.83099999999999996,0.999999999999999
0.83150000000000002,0.999999999999999
0.83199999999999996,0.999999999999999
0.83250000000000002,0.999999999999999
0.83299999999999996,0.999999999999999
0.83350000000000002,0.999999999999999
0.83399999999999996,0.999999999999999
0.83450000000000002,0.999999999999999
0.83499999999999996,0.999999999999999
0.83550000000000002,0.999999999999999
0.83599999999999997,0.999999999999999
0.83650000000000002,0.999999999999999
0.83699999999999997,0.999999999999999
0.83750000000000002,0.999999999999999
0.83799999999999997,0.999999999999999
0.83850000000000002,0.999999999999999
0.83899999999999997,0.999999999999999
0.83950000000000002,0.999999999999999
0.83999999999999997,0.999999999999999
0.84050000000000002,0.999999999999999
0.84099999999999997,0.999999999999999
0.84150000000000003,0.999999999999999
0.84199999999999997,0.999999999999999
0.84250000000000003,0.999999999999999
0.84299999999999997,0.999999999999999
0.84350000000000003,0.999999999999999
0.84399999999999997,0.999999999999999
0.84450000000000003,0.999999999999999
0.84499999999999997,0.999999999999999
0.84550000000000003,0.999999999999999
0.84599999999999997,0.999999999999999
0.84650000000000003,0.999999999999999
0.84699999999999998,0.999999999999999
0.84750000000000003,0.999999999999999
0.84799999999999998,0.999999999999999
0.84850000000000003,0.999999999999999
0.84899999999999998,0.999999999999999
0.84950000000000003,0.999999999999999
0.84999999999999998,0.999999999999999
0.85050000000000003,0.999999999999999
0.85099999999999998,0.999999999999999
0.85150000000000003,0.999999999999999
0.85199999999999998,0.999999999999999
0.85250000000000004,0.999999999999999
0.85299999999999998,0.999999999999999
0.85350000000000004,0.999999999999999
0.85399999999999998,0.999999999999999
0.85450000000000004,0.999999999999999
0.85499999999999998,0.999999999999999
0.85550000000000004,0.999999999999999
0.85599999999999998,0.999999999999999
0.85650000000000004,0.999999999999999
0.85699999999999998,0.999999999999999
0.85750000000000004,0.999999999999999
0.85799999999999998,0.999999999999999
0.85850000000000004,0.999999999999999
0.85899999999999999,0.999999999999999
0.85950000000000004,0.999999999999999
0.85999999999999999,0.999999999999999
0.86050000000000004,0.999999999999999
0.86099999999999999,0.999999999999999
0.86150000000000004,0.999999999999999
0.86199999999999999,0.999999999999999
0.86250000000000004,0.999999999999999
0.86299999999999999,0.999999999999999
0.86350000000000005,0.999999999999999
0.86399999999999999,0.999999999999999
0.86450000000000005,0.999999999999999
0.86499999999999999,0.999999999999999
0.86550000000000005,0.999999999999999
0.86599999999999999,0.999999999999999
0.86650000000000005,0.999999999999999
0.86699999999999999,0.999999999999999
0.86750000000000005,0.999999999999999
0.86799999999999999,0.999999999999999
0.86850000000000005,0.999999999999999
0.86899999999999999,0.999999999999999
0.86950000000000005,0.999999999999999
0.87,0.999999999999999
0.87050000000000005,0.999999999999999
0.871,0.999999999999999
0.87150000000000005,0.999999999999999
0.872,0.999999999999999
0.87250000000000005,0.999999999999999
0.873,0.999999999999999
0.87350000000000005,0.999999999999999
0.874,0.999999999999999
0.87450000000000006,0.999999999999999
0.875,0.999999999999999
0.87549999999999994,0.999999999999999
0.876,0.999999999999999
0.87649999999999995,0.999999999999999
0.877,0.999999999999999
0.87749999999999995,0.999999999999999
0.878,0.999999999999999
0.87849999999999995,0.999999999999999
0.879,0.999999999999999
0.87949999999999995,0.999999999999999
0.88,0.999999999999999
0.88049999999999995,0.999999999999999
0.88100000000000001,0.999999999999999
0.88149999999999995,0.999999999999999
0.88200000000000001,0.999999999999999
0.88249999999999995,0.999999999999999
0.88300000000000001,0.999999999999999
0.88349999999999995,0.999999999999999
0.88400000000000001,0.999999999999999
0.88449999999999995,0.999999999999999
0.88500000000000001,0.999999999999999
0.88549999999999995,0.999999999999999
0.88600000000000001,0.999999999999999
0.88649999999999995,0.999999999999999
0.88700000000000001,0.999999999999999
0.88749999999999996,0.999999999999999
0.88800000000000001,0.999999999999999
0.88849999999999996,0.999999999999999
0.88900000000000001,0.999999999999999
0.88949999999999996,0.999999999999999
0.89000000000000001,0.999999999999999
0.89049999999999996,0.999999999999999
0.89100000000000001,0.999999999999999
0.89149999999999996,0.999999999999999
0.89200000000000002,0.999999999999999
0.89249999999999996,0.999999999999999
0.89300000000000002,0.999999999999999
0.89349999999999996,0.999999999999999
0.89400000000000002,0.999999999999999
0.89449999999999996,0.999999999999999
0.89500000000000002,0.999999999999999
0.89549999999999996,0.999999999999999
0.89600000000000002,0.999999999999999
0.89649999999999996,0.999999999999999
0.89700000000000002,0.999999999999999
0.89749999999999996,0.999999999999999
0.89800000000000002,0.999999999999999
0.89849999999999997,0.999999999999999
0.89900000000000002,0.999999999999999
0.89949999999999997,0.999999999999999
0.90000000000000002,0.999999999999999
0.90049999999999997,0.999999999999999
0.90100000000000002,0.999999999999999
0.90149999999999997,0.999999999999999
0.90200000000000002,0.999999999999999
0.90249999999999997,0.999999999999999
0.90300000000000002,0.999999999999999
0.90349999999999997,0.999999999999999
0.90400000000000003,0.999999999999999
0.90449999999999997,0.999999999999999
0.90500000000000003,0.999999999999999
0.90549999999999997,0.999999999999999
0.90600000000000003,0.999999999999999
0.90649999999999997,0.999999999999999
0.90700000000000003,0.999999999999999
0.90749999999999997,0.999999999999999
0.90800000000000003,0.999999999999999
0.90849999999999997,0.999999999999999
0.90900000000000003,0.999999999999999
0.90949999999999998,0.999999999999999
0.91000000000000003,0.999999999999999
0.91049999999999998,0.999999999999999
0.91100000000000003,0.999999999999999
0.91149999999999998,0.999999999999999
0.91200000000000003,0.999999999999999
0.91249999999999998,0.999999999999999
0.91300000000000003,0.999999999999999
0.91349999999999998,0.999999999999999
0.91400000000000003,0.999999999999999
0.91449999999999998,0.999999999999999
0.91500000000000004,0.999999999999999
0.91549999999999998,0.999999999999999
0.91600000000000004,0.999999999999999
0.91649999999999998,0.999999999999999
0.91700000000000004,0.999999999999999
0.91749999999999998,0.999999999999999
0.91800000000000004,0.999999999999999
0.91849999999999998,0.999999999999999
0.91900000000000004,0.999999999999999
0.91949999999999998,0.999999999999999
0.92000000000000004,0.999999999999999
0.92049999999999998,0.999999999999999
0.92100000000000004,0.999999999999999
0.92149999999999999,0.999999999999999
0.92200000000000004,0.999999999999999
0.92249999999999999,0.999999999999999
0.92300000000000004,0.999999999999999
0.92349999999999999,0.999999999999999
0.92400000000000004,0.999999999999999
0.92449999999999999,0.999999999999999
0.92500000000000004,0.999999999999999
0.92549999999999999,0.999999999999999
0.92600000000000005,0.999999999999999
0.92649999999999999,0.999999999999999
0.92700000000000005,0.999999999999999
0.92749999999999999,0.999999999999999
0.92800000000000005,0.999999999999999
0.92849999999999999,0.999999999999999
0.92900000000000005,0.999999999999999
0.92949999999999999,0.999999999999999
0.93000000000000005,0.999999999999999
0.93049999999999999,0.999999999999999
0.93100000000000005,0.999999999999999
0.93149999999999999,0.999999999999999
0.93200000000000005,0.999999999999999
0.9325,0.999999999999999
0.93300000000000005,0.999999999999999
0.9335,0.999999999999999
0.93400000000000005,0.999999999999999
0.9345,0.999999999999999
0.93500000000000005,0.999999999999999
0.9355,0.999999999999999
0.93600000000000005,0.999999999999999
0.9365,0.999999999999999
0.93700000000000006,0.999999999999999
0.9375,0.999999999999999
0.93799999999999994,0.999999999999999
0.9385,0.999999999999999
0.93899999999999995,0.999999999999999
0.9395,0.999999999999999
0.93999999999999995,0.999999999999999
0.9405,0.999999999999999
0.94099999999999995,0.999999999999999
0.9415,0.999999999999999
0.94199999999999995,0.999999999999999
0.9425,0.999999999999999
0.94299999999999995,0.999999999999999
0.94350000000000001,0.999999999999999
0.94399999999999995,0.999999999999999
0.94450000000000001,0.999999999999999
0.94499999999999995,0.999999999999999
0.94550000000000001,0.999999999999999
0.94599999999999995,0.999999999999999
0.94650000000000001,0.999999999999999
0.94699999999999995,0.999999999999999
0.94750000000000001,0.999999999999999
0.94799999999999995,0.999999999999999
0.94850000000000001,0.999999999999999
0.94899999999999995,0.999999999999999
0.94950000000000001,0.999999999999999
0.94999999999999996,0.999999999999999
0.95050000000000001,0.999999999999999
0.95099999999999996,0.999999999999999
0.95150000000000001,0.999999999999999
0.95199999999999996,0.999999999999999
0.95250000000000001,0.999999999999999
0.95299999999999996,0.999999999999999
0.95350000000000001,0.999999999999999
0.95399999999999996,0.999999999999999
0.95450000000000002,0.999999999999999
0.95499999999999996,0.999999999999999
0.95550000000000002,0.999999999999999
0.95599999999999996,0.999999999999999
0.95650000000000002,0.999999999999999
0.95699999999999996,0.999999999999999
0.95750000000000002,0.999999999999999
0.95799999999999996,0.999999999999999
0.95850000000000002,0.999999999999999
0.95899999999999996,0.999999999999999
0.95950000000000002,0.999999999999999
0.95999999999999996,0.999999999999999
0.96050000000000002,0.999999999999999
0.96099999999999997,0.999999999999999
0.96150000000000002,0.999999999999999
0.96199999999999997,0.999999999999999
0.96250000000000002,0.999999999999999
0.96299999999999997,0.999999999999999
0.96350000000000002,0.999999999999999
0.96399999999999997,0.999999999999999
0.96450000000000002,0.999999999999999
0.96499999999999997,0.999999999999999
0.96550000000000002,0.999999999999999
0.96599999999999997,0.999999999999999
0.96650000000000003,0.999999999999999
0.96699999999999997,0.999999999999999
0.96750000000000003,0.999999999999999
0.96799999999999997,0.999999999999999
0.96850000000000003,0.999999999999999
0.96899999999999997,0.999999999999999
0.96950000000000003,0.999999999999999
0.96999999999999997,0.999999999999999
0.97050000000000003,0.999999999999999
0.97099999999999997,0.999999999999999
0.97150000000000003,0.999999999999999
0.97199999999999998,0.999999999999999
0.97250000000000003,0.999999999999999
0.97299999999999998,0.999999999999999
0.97350000000000003,0.999999999999999
0.97399999999999998,0.999999999999999
0.97450000000000003,0.999999999999999
0.97499999999999998,0.999999999999999
0.97550000000000003,0.999999999999999
0.97599999999999998,0.999999999999999
0.97650000000000003,0.999999999999999
0.97699999999999998,0.999999999999999
0.97750000000000004,0.999999999999999
0.97799999999999998,0.999999999999999
0.97850000000000004,0.999999999999999
0.97899999999999998,0.999999999999999
0.97950000000000004,0.999999999999999
0.97999999999999998,0.999999999999999
0.98050000000000004,0.999999999999999
0.98099999999999998,0.999999999999999
0.98150000000000004,0.999999999999999
0.98199999999999998,0.999999999999999
0.98250000000000004,0.999999999999999
0.98299999999999998,0.999999999999999
0.98350000000000004,0.999999999999999
0.98399999999999999,0.999999999999999
0.98450000000000004,0.999999999999999
0.98499999999999999,0.999999999999999
0.98550000000000004,0.999999999999999
0.98599999999999999,0.999999999999999
0.98650000000000004,0.999999999999999
0.98699999999999999,0.999999999999999
0.98750000000000004,0.999999999999999
0.98799999999999999,0.999999999999999
0.98850000000000005,0.999999999999999
0.98899999999999999,0.999999999999999
0.98950000000000005,0.999999999999999
0.98999999999999999,0.999999999999999
0.99050000000000005,0.999999999999999
0.99099999999999999,0.999999999999999
0.99150000000000005,0.999999999999999
0.99199999999999999,0.999999999999999
0.99250000000000005,0.999999999999999
0.99299999999999999,0.999999999999999
0.99350000000000005,0.999999999999999
0.99399999999999999,0.999999999999999
0.99450000000000005,0.999999999999999
0.995,0.999999999999999
0.99550000000000005,0.999999999999999
0.996,0.999999999999999
0.99650000000000005,0.999999999999999
0.997,0.999999999999999
0.99750000000000005,0.999999999999999
0.998,0.999999999999999
0.99850000000000005,0.999999999999999
0.999,0.999999999999999
0.99950000000000006,0.999999999999999
