model_time,"target_inh_synapse_output"
0,0
0.00050000000000000001,0
0.001,0
0.0015,0
0.002,0
0.0025000000000000001,0
0.0030000000000000001,0
0.0035000000000000001,0
0.0040000000000000001,0
0.0044999999999999997,0
0.0050000000000000001,0
0.0054999999999999997,0
0.0060000000000000001,0
0.0064999999999999997,0
0.0070000000000000001,0
0.0074999999999999997,0
0.0080000000000000002,0
0.0085000000000000006,0
0.0089999999999999993,0
0.0094999999999999998,0
0.01,0
0.010500000000000001,0
0.010999999999999999,0
0.0115,0
0.012,0
0.012500000000000001,0
0.012999999999999999,0
0.0135,0
0.014,0
0.014500000000000001,0
0.014999999999999999,0
0.0155,0
0.016,0
0.016500000000000001,0
0.017000000000000001,0
0.017500000000000002,0
0.017999999999999999,0
0.018499999999999999,0
0.019,0
0.0195,0
0.02,0
0.020500000000000001,0
0.021000000000000001,0
0.021499999999999998,0
0.021999999999999999,0
0.022499999999999999,0
0.023,0
0.0235,0
0.024,0
0.024500000000000001,0
0.025000000000000001,0
0.025499999999999998,0
0.025999999999999999,0
0.026499999999999999,0
0.027,0
0.0275,0
0.028000000000000001,0
0.028500000000000001,0
0.029000000000000001,0
0.029499999999999998,0
0.029999999999999999,0
0.030499999999999999,0
0.031,0
0.0315,0
0.032000000000000001,0
0.032500000000000001,0
0.033000000000000002,0
0.033500000000000002,0
0.034000000000000002,0
0.034500000000000003,0
0.035000000000000003,0
0.035499999999999997,0
0.035999999999999997,0
0.036499999999999998,0
0.036999999999999998,0
0.037499999999999999,0
0.037999999999999999,0
0.0385,0
0.039,0
0.0395,0
0.040000000000000001,0
0.040500000000000001,0
0.041000000000000002,0
0.041500000000000002,0
0.042000000000000003,0
0.042500000000000003,0
0.042999999999999997,0
0.043499999999999997,0
0.043999999999999997,0
0.044499999999999998,0
0.044999999999999998,0
0.045499999999999999,0
0.045999999999999999,0
0.0465,0
0.047,0
0.047500000000000001,0
0.048000000000000001,0
0.048500000000000001,0
0.049000000000000002,0
0.049500000000000002,0
0.050000000000000003,0
0.050500000000000003,0
0.050999999999999997,0
0.051499999999999997,0
0.051999999999999998,0
0.052499999999999998,0
0.052999999999999999,0
0.053499999999999999,0
0.053999999999999999,0
0.0545,0
0.055,0
0.055500000000000001,0
0.056000000000000001,0
0.056500000000000002,0
0.057000000000000002,0
0.057500000000000002,0
0.058000000000000003,0
0.058500000000000003,0
0.058999999999999997,0
0.059499999999999997,0
0.059999999999999998,0
0.060499999999999998,0
0.060999999999999999,0
0.061499999999999999,0
0.062,0
0.0625,0
0.063,0
0.063500000000000001,0
0.064000000000000001,0
0.064500000000000002,0
0.065000000000000002,0
0.065500000000000003,0
0.066000000000000003,0
0.066500000000000004,0
0.067000000000000004,0
0.067500000000000004,0
0.068000000000000005,0
0.068500000000000005,0
0.069000000000000006,0
0.069500000000000006,0
0.070000000000000007,0
0.070499999999999993,0
0.070999999999999994,0
0.071499999999999994,0
0.071999999999999995,0
0.072499999999999995,0
0.072999999999999995,0
0.073499999999999996,0
0.073999999999999996,0
0.074499999999999997,0
0.074999999999999997,0
0.075499999999999998,0
0.075999999999999998,0
0.076499999999999999,0
0.076999999999999999,0
0.077499999999999999,0
0.078,0
0.0785,0
0.079000000000000001,0
0.079500000000000001,0
0.080000000000000002,0
0.080500000000000002,0
0.081000000000000003,0
0.081500000000000003,0
0.082000000000000003,0
0.082500000000000004,0
0.083000000000000004,0
0.083500000000000005,0
0.084000000000000005,0
0.084500000000000006,0
0.085000000000000006,0
0.085500000000000007,0
0.085999999999999993,0
0.086499999999999994,0
0.086999999999999994,0
0.087499999999999994,0
0.087999999999999995,0
0.088499999999999995,0
0.088999999999999996,0
0.089499999999999996,0
0.089999999999999997,0
0.090499999999999997,0
0.090999999999999998,0
0.091499999999999998,0
0.091999999999999998,0
0.092499999999999999,0
0.092999999999999999,0
0.0935,0
0.094,0
0.094500000000000001,0
0.095000000000000001,0
0.095500000000000002,0
0.096000000000000002,0
0.096500000000000002,0
0.097000000000000003,0
0.097500000000000003,0
0.098000000000000004,0
0.098500000000000004,0
0.099000000000000005,0
0.099500000000000005,0
0.10000000000000001,0
0.10050000000000001,0
0.10100000000000001,0
0.10150000000000001,0
0.10199999999999999,0
0.10249999999999999,0
0.10299999999999999,0
0.10349999999999999,0
0.104,0
0.1045,0
0.105,0
0.1055,0
0.106,0
0.1065,0
0.107,0
0.1075,0
0.108,0
0.1085,0
0.109,0
0.1095,0
0.11,0
0.1105,0
0.111,0
0.1115,0
0.112,0
0.1125,0
0.113,0
0.1135,0
0.114,0
0.1145,0
0.115,0
0.11550000000000001,0
0.11600000000000001,0
0.11650000000000001,0
0.11700000000000001,0
0.11749999999999999,0
0.11799999999999999,0
0.11849999999999999,0
0.11899999999999999,0
0.1195,0
0.12,0
0.1205,0
0.121,0
0.1215,0
0.122,0
0.1225,0
0.123,0
0.1235,0
0.124,0
0.1245,0
0.125,0
0.1255,0
0.126,0
0.1265,0
0.127,0
0.1275,0
0.128,0
0.1285,0
0.129,0
0.1295,0
0.13,0
0.1305,0
0.13100000000000001,0
0.13150000000000001,0
0.13200000000000001,0
0.13250000000000001,0
0.13300000000000001,0
0.13350000000000001,0
0.13400000000000001,0
0.13450000000000001,0
0.13500000000000001,0
0.13550000000000001,0
0.13600000000000001,0
0.13650000000000001,0
0.13700000000000001,0
0.13750000000000001,0
0.13800000000000001,0
0.13850000000000001,0
0.13900000000000001,0
0.13950000000000001,0
0.14000000000000001,0
0.14050000000000001,0
0.14099999999999999,0
0.14149999999999999,0
0.14199999999999999,0
0.14249999999999999,0
0.14299999999999999,0
0.14349999999999999,0
0.14399999999999999,0
0.14449999999999999,0
0.14499999999999999,0
0.14549999999999999,0
0.14599999999999999,0
0.14649999999999999,0
0.14699999999999999,0
0.14749999999999999,0
0.14799999999999999,0
0.14849999999999999,0
0.14899999999999999,0
0.14949999999999999,0
0.14999999999999999,0
0.15049999999999999,0
0.151,0
0.1515,0
0.152,0
0.1525,0
0.153,0
0.1535,0
0.154,0
0.1545,0
0.155,0
0.1555,0
0.156,0
0.1565,0
0.157,0
0.1575,0
0.158,0
0.1585,0
0.159,0
0.1595,0
0.16,0
0.1605,0
0.161,0
0.1615,0
0.16200000000000001,0
0.16250000000000001,0
0.16300000000000001,0
0.16350000000000001,0
0.16400000000000001,0
0.16450000000000001,0
0.16500000000000001,0
0.16550000000000001,0
0.16600000000000001,0
0.16650000000000001,0
0.16700000000000001,0
0.16750000000000001,0
0.16800000000000001,0
0.16850000000000001,0
0.16900000000000001,0
0.16950000000000001,0
0.17000000000000001,0
0.17050000000000001,0
0.17100000000000001,0
0.17150000000000001,0
0.17199999999999999,0
0.17249999999999999,5.813953488372093e-09
0.17299999999999999,8.72093023255814e-09
0.17349999999999999,7.8488372093023266e-09
0.17399999999999999,7.0639534883720935e-09
0.17449999999999999,6.3575581395348843e-09
0.17499999999999999,5.7218023255813956e-09
0.17549999999999999,5.1496220930232561e-09
0.17599999999999999,4.6346598837209306e-09
0.17649999999999999,4.1711938953488374e-09
0.17699999999999999,3.7540745058139537e-09
0.17749999999999999,3.3786670552325586e-09
0.17799999999999999,3.0408003497093029e-09
0.17849999999999999,2.7367203147383722e-09
0.17899999999999999,2.4630482832645352e-09
0.17949999999999999,2.2167434549380819e-09
0.17999999999999999,1.9950691094442734e-09
0.18049999999999999,1.7955621984998464e-09
0.18099999999999999,1.6160059786498615e-09
0.18149999999999999,1.4544053807848755e-09
0.182,1.308964842706388e-09
0.1825,1.1780683584357493e-09
0.183,1.0602615225921743e-09
0.1835,9.5423537033295701e-10
0.184,8.5881183329966124e-10
0.1845,7.7293064996969514e-10
0.185,6.9563758497272567e-10
0.1855,6.2607382647545309e-10
0.186,5.6346644382790772e-10
0.1865,5.0711979944511705e-10
0.187,4.564078195006053e-10
0.1875,4.1076703755054472e-10
0.188,3.6969033379549023e-10
0.1885,3.3272130041594122e-10
0.189,2.9944917037434711e-10
0.1895,2.6950425333691241e-10
0.19,2.4255382800322116e-10
0.1905,2.1829844520289902e-10
0.191,1.964686006826091e-10
0.1915,1.7682174061434819e-10
0.192,1.5913956655291335e-10
0.1925,1.4322560989762202e-10
0.193,1.2890304890785982e-10
0.19350000000000001,1.1601274401707382e-10
0.19400000000000001,1.0441146961536644e-10
0.19450000000000001,9.3970322653829798e-11
0.19500000000000001,8.4573290388446818e-11
0.19550000000000001,7.611596134960214e-11
0.19600000000000001,6.850436521464192e-11
0.19650000000000001,6.1653928693177723e-11
0.19700000000000001,5.5488535823859955e-11
0.19750000000000001,4.9939682241473952e-11
0.19800000000000001,4.4945714017326563e-11
0.19850000000000001,4.0451142615593906e-11
0.19900000000000001,3.6406028354034512e-11
0.19950000000000001,3.276542551863106e-11
0.20000000000000001,2.9488882966767955e-11
0.20050000000000001,2.6539994670091159e-11
0.20100000000000001,2.3885995203082042e-11
0.20150000000000001,2.149739568277384e-11
0.20200000000000001,1.9347656114496457e-11
0.20250000000000001,1.7412890503046812e-11
0.20300000000000001,1.5671601452742131e-11
0.20349999999999999,1.4104441307467917e-11
0.20399999999999999,1.2693997176721125e-11
0.20449999999999999,1.1424597459049012e-11
0.20499999999999999,1.0282137713144112e-11
0.20549999999999999,9.2539239418297001e-12
0.20599999999999999,8.3285315476467301e-12
0.20649999999999999,7.4956783928820572e-12
0.20699999999999999,6.7461105535938515e-12
0.20749999999999999,6.0714994982344664e-12
0.20799999999999999,5.4643495484110199e-12
0.20849999999999999,4.9179145935699178e-12
0.20899999999999999,4.4261231342129259e-12
0.20949999999999999,3.9835108207916333e-12
0.20999999999999999,5.8159452437824883e-09
0.21049999999999999,8.7219261102633376e-09
0.21099999999999999,7.8497334992370039e-09
0.21149999999999999,7.064760149313304e-09
0.21199999999999999,6.3582841343819741e-09
0.21249999999999999,5.7224557209437768e-09
0.21299999999999999,5.150210148849399e-09
0.2135,4.6351891339644592e-09
0.214,4.1716702205680138e-09
0.2145,3.7545031985112122e-09
0.215,3.3790528786600909e-09
0.2155,3.041147590794082e-09
0.216,2.7370328317146739e-09
0.2165,2.4633295485432066e-09
0.217,2.216996593688886e-09
0.2175,1.9952969343199976e-09
0.218,1.7957672408879976e-09
0.2185,1.616190516799198e-09
0.219,1.4545714651192781e-09
0.2195,1.3091143186073505e-09
0.22,1.1782028867466153e-09
0.2205,1.0603825980719537e-09
0.221,9.5434433826475823e-10
0.2215,8.589099044382824e-10
0.222,7.7301891399445424e-10
0.2225,6.957170225950088e-10
0.223,6.2614532033550786e-10
0.2235,5.6353078830195715e-10
0.224,5.0717770947176146e-10
0.22450000000000001,4.5645993852458533e-10
0.22500000000000001,4.108139446721268e-10
0.22550000000000001,3.6973255020491416e-10
0.22600000000000001,3.3275929518442272e-10
0.22650000000000001,2.9948336566598041e-10
0.22700000000000001,2.6953502909938242e-10
0.22750000000000001,2.4258152618944418e-10
0.22800000000000001,2.1832337357049975e-10
0.22850000000000001,1.9649103621344978e-10
0.22900000000000001,1.7684193259210479e-10
0.22950000000000001,1.591577393328943e-10
0.23000000000000001,1.4324196539960488e-10
0.23050000000000001,1.2891776885964439e-10
0.23100000000000001,1.1602599197367995e-10
0.23150000000000001,1.0442339277631197e-10
0.23200000000000001,9.3981053498680762e-11
0.23250000000000001,8.458294814881269e-11
0.23300000000000001,7.6124653333931413e-11
0.23350000000000001,6.8512188000538276e-11
0.23400000000000001,6.1660969200484444e-11
0.23449999999999999,5.5494872280436001e-11
0.23499999999999999,4.9945385052392396e-11
0.23549999999999999,4.4950846547153157e-11
0.23599999999999999,4.0455761892437845e-11
0.23649999999999999,3.6410185703194062e-11
0.23699999999999999,3.2769167132874659e-11
0.23749999999999999,2.9492250419587191e-11
0.23799999999999999,2.6543025377628472e-11
0.23849999999999999,2.3888722839865624e-11
0.23899999999999999,2.149985055587906e-11
0.23949999999999999,1.9349865500291154e-11
0.23999999999999999,1.741487895026204e-11
0.24049999999999999,1.5673391055235837e-11
0.24099999999999999,1.4106051949712253e-11
0.24149999999999999,1.2695446754741028e-11
0.24199999999999999,1.1425902079266926e-11
0.24249999999999999,1.0283311871340232e-11
0.24299999999999999,9.254980684206209e-12
0.24349999999999999,8.3294826157855889e-12
0.24399999999999999,7.4965343542070287e-12
0.2445,6.746880918786326e-12
0.245,6.0721928269076932e-12
0.2455,5.4649735442169242e-12
0.246,4.9184761897952312e-12
0.2465,4.4266285708157086e-12
0.247,3.9839657137341373e-12
0.2475,3.5855691423607241e-12
0.248,3.2270122281246518e-12
0.2485,2.904311005312187e-12
0.249,2.6138799047809679e-12
0.2495,2.3524919143028713e-12
0.25,2.1172427228725843e-12
0.2505,1.9055184505853257e-12
0.251,1.7149666055267931e-12
0.2515,1.5434699449741139e-12
0.252,1.3891229504767025e-12
0.2525,1.2502106554290323e-12
0.253,1.125189589886129e-12
0.2535,1.0126706308975162e-12
0.254,9.1140356780776452e-13
0.2545,8.2026321102698815e-13
0.255,7.3823688992428928e-13
0.2555,6.6441320093186038e-13
0.25600000000000001,5.9797188083867434e-13
0.25650000000000001,5.3817469275480691e-13
0.25700000000000001,4.8435722347932627e-13
0.25750000000000001,4.3592150113139368e-13
0.25800000000000001,3.9232935101825427e-13
0.25850000000000001,3.5309641591642883e-13
0.25900000000000001,3.1778677432478591e-13
0.25950000000000001,2.8600809689230735e-13
0.26000000000000001,2.574072872030766e-13
0.26050000000000001,2.3166655848276893e-13
0.26100000000000001,2.0849990263449203e-13
0.26150000000000001,1.8764991237104284e-13
0.26200000000000001,1.6888492113393856e-13
0.26250000000000001,1.519964290205447e-13
0.26300000000000001,1.3679678611849023e-13
0.26350000000000001,1.2311710750664122e-13
0.26400000000000001,1.1080539675597707e-13
0.26450000000000001,9.9724857080379379e-14
0.26500000000000001,8.9752371372341456e-14
0.26550000000000001,8.0777134235107304e-14
0.26600000000000001,7.269942081159657e-14
0.26650000000000001,6.5429478730436918e-14
0.26700000000000002,5.8886530857393224e-14
0.26750000000000002,5.2997877771653904e-14
0.26800000000000002,4.7698089994488517e-14
0.26850000000000002,4.2928280995039668e-14
0.26900000000000002,3.8635452895535699e-14
0.26950000000000002,3.4771907605982131e-14
0.27000000000000002,3.129471684538392e-14
0.27050000000000002,2.8165245160845529e-14
0.27100000000000002,2.5348720644760975e-14
0.27150000000000002,2.2813848580284874e-14
0.27200000000000002,2.0532463722256385e-14
0.27250000000000002,1.8479217350030748e-14
0.27300000000000002,1.6631295615027672e-14
0.27350000000000002,1.4968166053524904e-14
0.27400000000000002,1.3471349448172413e-14
0.27450000000000002,1.2124214503355174e-14
0.27500000000000002,1.0911793053019655e-14
0.27550000000000002,9.8206137477176891e-15
0.27600000000000002,8.838552372945921e-15
0.27650000000000002,7.9546971356513287e-15
0.27700000000000002,7.1592274220861962e-15
0.27750000000000002,6.4433046798775762e-15
0.27800000000000002,5.7989742118898185e-15
0.27850000000000003,5.2190767907008368e-15
0.27900000000000003,4.6971691116307529e-15
0.27950000000000003,4.2274522004676771e-15
0.28000000000000003,3.8047069804209094e-15
0.28050000000000003,3.4242362823788184e-15
0.28100000000000003,3.0818126541409366e-15
0.28149999999999997,2.773631388726843e-15
0.28199999999999997,2.4962682498541587e-15
0.28249999999999997,2.2466414248687425e-15
0.28299999999999997,2.0219772823818683e-15
0.28349999999999997,1.8197795541436815e-15
0.28399999999999997,1.6378015987293133e-15
0.28449999999999998,1.4740214388563818e-15
0.28499999999999998,1.3266192949707437e-15
0.28549999999999998,1.1939573654736692e-15
0.28599999999999998,1.0745616289263023e-15
0.28649999999999998,9.6710546603367213e-16
0.28699999999999998,8.703949194303049e-16
0.28749999999999998,7.833554274872744e-16
0.28799999999999998,7.0501988473854693e-16
0.28849999999999998,6.3451789626469223e-16
0.28899999999999998,5.7106610663822304e-16
0.28949999999999998,5.1395949597440076e-16
0.28999999999999998,4.6256354637696067e-16
0.29049999999999998,4.1630719173926462e-16
0.29099999999999998,3.7467647256533819e-16
0.29149999999999998,3.3720882530880436e-16
0.29199999999999998,3.0348794277792393e-16
0.29249999999999998,2.7313914850013151e-16
0.29299999999999998,2.4582523365011839e-16
0.29349999999999998,2.2124271028510654e-16
0.29399999999999998,1.991184392565959e-16
0.29449999999999998,1.792065953309363e-16
0.29499999999999998,1.6128593579784267e-16
0.29549999999999998,1.4515734221805841e-16
0.29599999999999999,1.3064160799625257e-16
0.29649999999999999,1.1757744719662731e-16
0.29699999999999999,1.058197024769646e-16
0.29749999999999999,9.5237732229268136e-17
0.29799999999999999,8.5713959006341319e-17
0.29849999999999999,7.7142563105707188e-17
0.29899999999999999,6.9428306795136459e-17
0.29949999999999999,6.2485476115622815e-17
0.29999999999999999,5.6236928504060534e-17
0.30049999999999999,5.061323565365448e-17
0.30099999999999999,4.5551912088289028e-17
0.30149999999999999,4.0996720879460125e-17
0.30199999999999999,3.6897048791514114e-17
0.30249999999999999,3.3207343912362703e-17
0.30299999999999999,2.9886609521126435e-17
0.30349999999999999,2.6897948569013787e-17
0.30399999999999999,2.4208153712112406e-17
0.30449999999999999,2.1787338340901163e-17
0.30499999999999999,1.9608604506811047e-17
0.30549999999999999,1.7647744056129942e-17
0.30599999999999999,5.8139534971959653e-09
0.30649999999999999,8.7209302369700749e-09
0.307,7.8488372132730682e-09
0.3075,7.0639534919457619e-09
0.308,6.357558142751185e-09
0.3085,5.721802328476067e-09
0.309,5.1496220956284606e-09
0.3095,4.6346598860656146e-09
0.31,4.1711938974590529e-09
0.3105,3.7540745077131472e-09
0.311,3.378667056941833e-09
0.3115,3.0408003512476495e-09
0.312,2.7367203161228847e-09
0.3125,2.4630482845105963e-09
0.313,2.2167434560595366e-09
0.3135,1.995069110453583e-09
0.314,1.7955621994082249e-09
0.3145,1.6160059794674024e-09
0.315,1.454405381520662e-09
0.3155,1.3089648433685957e-09
0.316,1.1780683590317363e-09
0.3165,1.0602615231285627e-09
0.317,9.5423537081570623e-10
0.3175,8.5881183373413569e-10
0.318,7.7293065036072213e-10
0.31850000000000001,6.9563758532464997e-10
0.31900000000000001,6.2607382679218499e-10
0.31950000000000001,5.6346644411296646e-10
0.32000000000000001,5.0711979970166991e-10
0.32050000000000001,4.564078197315029e-10
0.32100000000000001,4.107670377583526e-10
0.32150000000000001,3.6969033398251732e-10
0.32200000000000001,3.327213005842656e-10
0.32250000000000001,2.9944917052583903e-10
0.32300000000000001,2.695042534732551e-10
0.32350000000000001,2.4255382812592958e-10
0.32400000000000001,2.1829844531333665e-10
0.32450000000000001,1.9646860078200299e-10
0.32500000000000001,1.7682174070380268e-10
0.32550000000000001,1.5913956663342242e-10
0.32600000000000001,1.4322560997008017e-10
0.32650000000000001,1.2890304897307215e-10
0.32700000000000001,1.1601274407576493e-10
0.32750000000000001,1.0441146966818844e-10
0.32800000000000001,9.3970322701369587e-11
0.32850000000000001,8.4573290431232632e-11
0.32900000000000001,7.6115961388109362e-11
0.32950000000000002,6.8504365249298435e-11
0.33000000000000002,6.1653928724368597e-11
0.33050000000000002,5.5488535851931732e-11
0.33100000000000002,4.9939682266738555e-11
0.33150000000000002,4.4945714040064704e-11
0.33200000000000002,4.0451142636058231e-11
0.33250000000000002,3.6406028372452412e-11
0.33300000000000002,3.2765425535207172e-11
0.33350000000000002,2.9488882981686455e-11
0.33400000000000002,2.6539994683517806e-11
0.33450000000000002,2.3885995215166026e-11
0.33500000000000002,2.1497395693649423e-11
0.33550000000000002,1.9347656124284482e-11
0.33600000000000002,1.7412890511856034e-11
0.33650000000000002,1.5671601460670431e-11
0.33700000000000002,1.4104441314603387e-11
0.33750000000000002,1.2693997183143048e-11
0.33800000000000002,1.1424597464828743e-11
0.33850000000000002,1.028213771834587e-11
0.33900000000000002,9.2539239465112822e-12
0.33950000000000002,8.3285315518601555e-12
0.34000000000000002,7.4956783966741391e-12
0.34050000000000002,6.7461105570067252e-12
0.34100000000000003,6.071499501306053e-12
0.34150000000000003,5.4643495511754479e-12
0.34200000000000003,4.9179145960579034e-12
0.34250000000000003,4.4261231364521127e-12
0.34300000000000003,3.9835108228069014e-12
0.34350000000000003,3.5851597405262115e-12
0.34399999999999997,3.2266437664735905e-12
0.34449999999999997,2.903979389826231e-12
0.34499999999999997,2.6135814508436082e-12
0.34549999999999997,2.3522233057592472e-12
0.34599999999999997,2.1170009751833224e-12
0.34649999999999997,1.9053008776649902e-12
0.34699999999999998,1.7147707898984912e-12
0.34749999999999998,1.5432937109086421e-12
0.34799999999999998,1.3889643398177779e-12
0.34849999999999998,1.2500679058360001e-12
0.34899999999999998,1.1250611152524002e-12
0.34949999999999998,1.0125550037271599e-12
0.34999999999999998,9.1129950335444405e-13
0.35049999999999998,8.2016955301899948e-13
0.35099999999999998,7.3815259771709957e-13
0.35149999999999998,6.6433733794538966e-13
0.35199999999999998,5.9790360415085064e-13
0.35249999999999998,5.3811324373576564e-13
0.35299999999999998,4.8430191936218904e-13
0.35349999999999998,4.3587172742597016e-13
0.35399999999999998,3.9228455468337311e-13
0.35449999999999998,3.5305609921503582e-13
0.35499999999999998,3.1775048929353226e-13
0.35549999999999998,2.8597544036417901e-13
0.35599999999999998,2.5737789632776111e-13
0.35649999999999998,2.3164010669498502e-13
0.35699999999999998,2.084760960254865e-13
0.35749999999999998,1.8762848642293783e-13
0.35799999999999998,1.6886563778064404e-13
0.35849999999999999,1.5197907400257964e-13
0.35899999999999999,1.3678116660232166e-13
0.35949999999999999,1.231030499420895e-13
0.35999999999999999,1.1079274494788055e-13
0.36049999999999999,9.971347045309249e-14
0.36099999999999999,8.9742123407783237e-14
0.36149999999999999,8.0767911067004908e-14
0.36199999999999999,7.2691119960304422e-14
0.36249999999999999,6.5422007964273971e-14
0.36299999999999999,5.8879807167846579e-14
0.36349999999999999,5.2991826451061921e-14
0.36399999999999999,4.7692643805955723e-14
0.36449999999999999,4.2923379425360154e-14
0.36499999999999999,3.8631041482824138e-14
0.36549999999999999,3.4767937334541722e-14
0.36599999999999999,3.129114360108755e-14
0.36649999999999999,2.8162029240978797e-14
0.36699999999999999,2.5345826316880914e-14
0.36749999999999999,2.2811243685192825e-14
0.36799999999999999,2.0530119316673543e-14
0.36849999999999999,1.8477107385006188e-14
0.36899999999999999,1.6629396646505571e-14
0.3695,1.4966456981855012e-14
0.37,1.3469811283669512e-14
0.3705,1.2122830155302562e-14
0.371,1.0910547139772307e-14
0.3715,9.8194924257950756e-15
0.372,8.8375431832155681e-15
0.3725,7.9537888648940106e-15
0.373,7.1584099784046096e-15
0.3735,6.4425689805641494e-15
0.374,5.7983120825077342e-15
0.3745,5.2184808742569611e-15
0.375,4.6966327868312643e-15
0.3755,4.2269695081481382e-15
0.376,3.8042725573333245e-15
0.3765,3.4238453015999916e-15
0.377,3.0814607714399923e-15
0.3775,2.773314694295993e-15
0.378,2.4959832248663936e-15
0.3785,2.2463849023797543e-15
0.379,2.0217464121417791e-15
0.3795,1.8195717709276012e-15
0.38,1.637614593834841e-15
0.3805,1.4738531344513568e-15
0.38100000000000001,1.3264678210062211e-15
0.38150000000000001,1.193821038905599e-15
0.38200000000000001,1.074438935015039e-15
0.38250000000000001,9.669950415135352e-16
0.38300000000000001,8.7029553736218174e-16
0.38350000000000001,7.8326598362596349e-16
0.38400000000000001,7.0493938526336721e-16
0.38450000000000001,6.3444544673703051e-16
0.38500000000000001,5.7100090206332747e-16
0.38550000000000001,5.1390081185699472e-16
0.38600000000000001,4.6251073067129525e-16
0.38650000000000001,4.1625965760416573e-16
0.38700000000000001,3.7463369184374909e-16
0.38750000000000001,3.3717032265937421e-16
0.38800000000000001,3.0345329039343676e-16
0.38850000000000001,2.7310796135409309e-16
0.38900000000000001,2.4579716521868377e-16
0.38950000000000001,2.2121744869681541e-16
0.39000000000000001,1.9909570382713386e-16
0.39050000000000001,1.7918613344442047e-16
0.39100000000000001,1.6126752009997842e-16
0.39150000000000001,1.4514076808998058e-16
0.39200000000000002,1.3062669128098253e-16
0.39250000000000002,1.1756402215288429e-16
0.39300000000000002,1.0580761993759585e-16
0.39350000000000002,9.5226857943836264e-17
0.39400000000000002,8.570417214945264e-17
0.39450000000000002,7.7133754934507372e-17
0.39500000000000002,6.9420379441056631e-17
0.39550000000000002,6.2478341496950968e-17
0.39600000000000002,5.6230507347255869e-17
0.39650000000000002,5.060745661253028e-17
0.39700000000000002,4.5546710951277249e-17
0.39750000000000002,4.0992039856149523e-17
0.39800000000000002,3.6892835870534573e-17
0.39850000000000002,3.3203552283481117e-17
0.39900000000000002,2.9883197055133006e-17
0.39950000000000002,2.6894877349619702e-17
0.40000000000000002,2.4205389614657734e-17
0.40050000000000002,2.1784850653191964e-17
0.40100000000000002,1.9606365587872768e-17
0.40150000000000002,1.7645729029085491e-17
0.40200000000000002,1.5881156126176941e-17
0.40250000000000002,1.4293040513559248e-17
0.40300000000000002,1.2863736462203325e-17
0.40350000000000003,1.1577362815982991e-17
0.40400000000000003,1.0419626534384692e-17
0.40450000000000003,9.3776638809462227e-18
0.40500000000000003,8.4398974928516011e-18
0.40550000000000003,7.595907743566442e-18
0.40600000000000003,6.8363169692097972e-18
0.40649999999999997,6.1526852722888176e-18
0.40699999999999997,5.5374167450599352e-18
0.40749999999999997,4.9836750705539419e-18
0.40799999999999997,4.4853075634985479e-18
0.40849999999999997,4.0367768071486933e-18
0.40899999999999997,3.6330991264338234e-18
0.40949999999999998,3.2697892137904413e-18
0.40999999999999998,2.942810292411397e-18
0.41049999999999998,2.6485292631702572e-18
0.41099999999999998,2.3836763368532316e-18
0.41149999999999998,2.1453087031679084e-18
0.41199999999999998,1.9307778328511179e-18
0.41249999999999998,1.7377000495660058e-18
0.41299999999999998,1.5639300446094053e-18
0.41349999999999998,1.4075370401484647e-18
0.41399999999999998,1.2667833361336183e-18
0.41449999999999998,1.1401050025202566e-18
0.41499999999999998,1.0260945022682309e-18
0.41549999999999998,9.2348505204140789e-19
0.41599999999999998,8.3113654683726708e-19
0.41649999999999998,7.480228921535404e-19
0.41699999999999998,6.7322060293818644e-19
0.41749999999999998,6.0589854264436776e-19
0.41799999999999998,5.453086883799309e-19
0.41849999999999998,4.9077781954193786e-19
0.41899999999999998,4.4170003758774411e-19
0.41949999999999998,3.9753003382896972e-19
0.41999999999999998,3.5777703044607272e-19
0.42049999999999998,3.2199932740146545e-19
0.42099999999999999,2.8979939466131889e-19
0.42149999999999999,2.6081945519518696e-19
0.42199999999999999,2.3473750967566826e-19
0.42249999999999999,2.1126375870810143e-19
0.42299999999999999,1.9013738283729128e-19
0.42349999999999999,1.7112364455356216e-19
0.42399999999999999,1.5401128009820594e-19
0.42449999999999999,1.3861015208838534e-19
0.42499999999999999,1.2474913687954679e-19
0.42549999999999999,1.1227422319159212e-19
0.42599999999999999,1.010468008724329e-19
0.42649999999999999,9.0942120785189612e-20
0.42699999999999999,8.1847908706670649e-20
0.42749999999999999,7.3663117836003586e-20
0.42799999999999999,6.6296806052403223e-20
0.42849999999999999,5.9667125447162896e-20
0.42899999999999999,5.370041290244661e-20
0.42949999999999999,4.8330371612201944e-20
0.42999999999999999,4.3497334450981752e-20
0.43049999999999999,3.9147601005883577e-20
0.43099999999999999,3.5232840905295215e-20
0.43149999999999999,3.1709556814765697e-20
0.432,2.8538601133289131e-20
0.4325,2.5684741019960221e-20
0.433,2.3116266917964197e-20
0.4335,2.0804640226167779e-20
0.434,1.8724176203551001e-20
0.4345,1.68517585831959e-20
0.435,1.5166582724876309e-20
0.4355,1.364992445238868e-20
0.436,1.228493200714981e-20
0.4365,1.1056438806434828e-20
0.437,9.9507949257913464e-21
0.4375,8.9557154332122119e-21
0.438,8.0601438898909913e-21
0.4385,7.254129500901892e-21
0.439,6.5287165508117031e-21
0.4395,5.8758448957305327e-21
0.44,5.2882604061574798e-21
0.4405,4.7594343655417312e-21
0.441,4.2834909289875587e-21
0.4415,3.8551418360888028e-21
0.442,3.4696276524799225e-21
0.4425,3.1226648872319303e-21
0.443,2.8103983985087372e-21
0.44350000000000001,2.5293585586578635e-21
0.44400000000000001,2.2764227027920772e-21
0.44450000000000001,2.0487804325128694e-21
0.44500000000000001,1.8439023892615824e-21
0.44550000000000001,1.6595121503354241e-21
0.44600000000000001,1.4935609353018818e-21
0.44650000000000001,1.3442048417716936e-21
0.44700000000000001,1.2097843575945243e-21
0.44750000000000001,1.0888059218350718e-21
0.44800000000000001,9.7992532965156463e-22
0.44850000000000001,8.8193279668640815e-22
0.44900000000000001,7.9373951701776743e-22
0.44950000000000001,7.1436556531599071e-22
0.45000000000000001,6.4292900878439166e-22
0.45050000000000001,5.7863610790595246e-22
0.45100000000000001,5.2077249711535719e-22
0.45150000000000001,4.6869524740382154e-22
0.45200000000000001,4.2182572266343935e-22
0.45250000000000001,3.7964315039709539e-22
0.45300000000000001,3.4167883535738586e-22
0.45350000000000001,3.075109518216473e-22
0.45400000000000001,2.7675985663948257e-22
0.45450000000000002,2.4908387097553432e-22
0.45500000000000002,2.2417548387798088e-22
0.45550000000000002,2.017579354901828e-22
0.45600000000000002,1.8158214194116451e-22
0.45650000000000002,1.6342392774704806e-22
0.45700000000000002,1.4708153497234326e-22
0.45750000000000002,1.3237338147510893e-22
0.45800000000000002,1.1913604332759803e-22
0.45850000000000002,1.0722243899483822e-22
0.45900000000000002,9.6500195095354411e-23
0.45950000000000002,8.6850175585818975e-23
0.46000000000000002,7.8165158027237072e-23
0.46050000000000002,7.0348642224513361e-23
0.46100000000000002,6.3313778002062024e-23
0.46150000000000002,5.698240020185582e-23
0.46200000000000002,5.1284160181670238e-23
0.46250000000000002,4.6155744163503212e-23
0.46300000000000002,4.1540169747152886e-23
0.46350000000000002,3.7386152772437599e-23
0.46400000000000002,3.3647537495193837e-23
0.46450000000000002,3.028278374567446e-23
0.46500000000000002,2.7254505371107017e-23
0.46550000000000002,2.4529054833996311e-23
0.46600000000000003,2.207614935059668e-23
0.46650000000000003,1.9868534415537012e-23
0.46700000000000003,1.788168097398331e-23
0.46750000000000003,1.609351287658498e-23
0.46800000000000003,1.4484161588926481e-23
0.46850000000000003,1.3035745430033834e-23
0.46899999999999997,1.173217088703045e-23
0.46949999999999997,1.0558953798327405e-23
0.46999999999999997,9.5030584184946656e-24
0.47049999999999997,8.5527525766451991e-24
0.47099999999999997,7.6974773189806787e-24
0.47149999999999997,6.9277295870826109e-24
0.47199999999999998,6.2349566283743487e-24
0.47249999999999998,5.6114609655369139e-24
0.47299999999999998,5.0503148689832227e-24
0.47349999999999998,4.5452833820849005e-24
0.47399999999999998,4.0907550438764107e-24
0.47449999999999998,3.6816795394887689e-24
0.47499999999999998,3.3135115855398924e-24
0.47549999999999998,2.9821604269859032e-24
0.47599999999999998,2.6839443842873128e-24
0.47649999999999998,2.4155499458585815e-24
0.47699999999999998,2.1739949512727231e-24
0.47749999999999998,1.9565954561454508e-24
0.47799999999999998,1.760935910530906e-24
0.47849999999999998,1.5848423194778153e-24
0.47899999999999998,1.4263580875300339e-24
0.47949999999999998,1.2837222787770305e-24
0.47999999999999998,1.1553500508993275e-24
0.48049999999999998,1.0398150458093947e-24
0.48099999999999998,9.3583354122845517e-25
0.48149999999999998,8.422501871056098e-25
0.48199999999999998,7.5802516839504878e-25
0.48249999999999998,6.8222265155554395e-25
0.48299999999999998,6.1400038639998958e-25
0.48349999999999999,5.5260034775999068e-25
0.48399999999999999,4.9734031298399158e-25
0.48449999999999999,4.4760628168559239e-25
0.48499999999999999,4.0284565351703313e-25
0.48549999999999999,3.6256108816532978e-25
0.48599999999999999,3.2630497934879683e-25
0.48649999999999999,2.9367448141391718e-25
0.48699999999999999,2.6430703327252547e-25
0.48749999999999999,2.3787632994527291e-25
0.48799999999999999,2.1408869695074561e-25
0.48849999999999999,1.9267982725567108e-25
0.48899999999999999,1.7341184453010396e-25
0.48949999999999999,1.5607066007709355e-25
0.48999999999999999,1.4046359406938419e-25
0.49049999999999999,1.2641723466244576e-25
0.49099999999999999,1.137755111962012e-25
0.49149999999999999,1.0239796007658108e-25
0.49199999999999999,9.2158164068922969e-26
0.49249999999999999,8.2942347662030673e-26
0.49299999999999999,7.4648112895827608e-26
0.49349999999999999,6.7183301606244852e-26
0.49399999999999999,6.0464971445620366e-26
0.4945,5.4418474301058341e-26
0.495,4.8976626870952508e-26
0.4955,4.4078964183857253e-26
0.496,3.967106776547153e-26
0.4965,3.5703960988924381e-26
0.497,3.2133564890031942e-26
0.4975,2.8920208401028747e-26
0.498,2.6028187560925873e-26
0.4985,2.3425368804833283e-26
0.499,2.1082831924349956e-26
0.4995,1.8974548731914959e-26
0.5,1.7077093858723466e-26
0.50049999999999994,1.5369384472851117e-26
0.501,1.3832446025566006e-26
0.50149999999999995,1.2449201423009404e-26
0.502,1.1204281280708463e-26
0.50249999999999995,1.0083853152637616e-26
0.503,9.0754678373738558e-27
0.50349999999999995,8.1679210536364703e-27
0.504,7.3511289482728229e-27
0.50449999999999995,6.6160160534455401e-27
0.505,5.9544144481009863e-27
0.50549999999999995,5.3589730032908876e-27
0.50600000000000001,4.8230757029617986e-27
0.50649999999999995,4.3407681326656187e-27
0.50700000000000001,3.9066913193990566e-27
0.50749999999999995,3.516022187459151e-27
0.50800000000000001,3.1644199687132355e-27
0.50849999999999995,2.8479779718419118e-27
0.50900000000000001,2.563180174657721e-27
0.50949999999999995,2.3068621571919486e-27
0.51000000000000001,2.0761759414727539e-27
0.51049999999999995,1.8685583473254786e-27
0.51100000000000001,1.6817025125929309e-27
0.51149999999999995,1.5135322613336378e-27
0.51200000000000001,1.362179035200274e-27
0.51249999999999996,1.2259611316802466e-27
0.51300000000000001,1.1033650185122219e-27
0.51349999999999996,9.930285166609997e-28
0.51400000000000001,8.9372566499489962e-28
0.51449999999999996,8.0435309849540973e-28
0.51500000000000001,7.2391778864586875e-28
0.51549999999999996,6.5152600978128189e-28
0.51600000000000001,5.863734088031537e-28
0.51649999999999996,5.2773606792283834e-28
0.51700000000000002,4.7496246113055446e-28
0.51749999999999996,4.2746621501749901e-28
0.51800000000000002,3.8471959351574911e-28
0.51849999999999996,3.4624763416417422e-28
0.51900000000000002,3.1162287074775678e-28
0.51949999999999996,2.8046058367298108e-28
0.52000000000000002,2.5241452530568302e-28
0.52049999999999996,2.271730727751147e-28
0.52100000000000002,2.0445576549760326e-28
0.52149999999999996,1.8401018894784293e-28
0.52200000000000002,1.6560917005305862e-28
0.52249999999999996,1.4904825304775275e-28
0.52300000000000002,1.3414342774297747e-28
0.52349999999999997,1.2072908496867972e-28
0.52400000000000002,1.0865617647181177e-28
0.52449999999999997,9.7790558824630597e-29
0.52500000000000002,8.8011502942167536e-29
0.52549999999999997,7.9210352647950778e-29
0.52600000000000002,7.1289317383155704e-29
0.52649999999999997,6.4160385644840135e-29
0.52700000000000002,5.7744347080356118e-29
0.52749999999999997,5.1969912372320506e-29
0.52800000000000002,4.6772921135088455e-29
0.52849999999999997,4.2095629021579612e-29
0.52900000000000003,3.7886066119421652e-29
0.52949999999999997,3.4097459507479486e-29
0.53000000000000003,3.0687713556731534e-29
0.53049999999999997,2.7618942201058381e-29
0.53100000000000003,2.485704798095254e-29
0.53149999999999997,2.2371343182857284e-29
0.53200000000000003,2.0134208864571558e-29
0.53249999999999997,1.8120787978114402e-29
0.53300000000000003,1.6308709180302961e-29
0.53349999999999997,1.4677838262272664e-29
0.53400000000000003,1.3210054436045398e-29
0.53449999999999998,1.1889048992440857e-29
0.53500000000000003,1.070014409319677e-29
0.53549999999999998,9.6301296838770931e-30
0.53600000000000003,8.6671167154893835e-30
0.53649999999999998,7.8004050439404452e-30
0.53700000000000003,7.0203645395464001e-30
0.53749999999999998,6.31832808559176e-30
0.53800000000000003,5.6864952770325849e-30
0.53849999999999998,5.1178457493293268e-30
0.53900000000000003,4.6060611743963945e-30
0.53949999999999998,4.1454550569567549e-30
0.54000000000000004,3.7309095512610796e-30
0.54049999999999998,3.3578185961349719e-30
0.54100000000000004,3.0220367365214743e-30
0.54149999999999998,2.7198330628693267e-30
0.54200000000000004,2.4478497565823944e-30
0.54249999999999998,2.2030647809241549e-30
0.54300000000000004,1.9827583028317394e-30
0.54349999999999998,1.7844824725485655e-30
0.54400000000000004,1.6060342252937087e-30
0.54449999999999998,1.4454308027643381e-30
0.54500000000000004,1.3008877224879043e-30
0.54549999999999998,1.1707989502391139e-30
0.54600000000000004,1.0537190552152025e-30
0.54649999999999999,9.4834714969368222e-31
0.54700000000000004,8.5351243472431393e-31
0.54749999999999999,7.6816119125188268e-31
0.54800000000000004,6.9134507212669449e-31
0.54849999999999999,6.2221056491402496e-31
0.54900000000000004,5.5998950842262248e-31
0.54949999999999999,5.0399055758036024e-31
0.55000000000000004,4.5359150182232417e-31
0.55049999999999999,4.0823235164009173e-31
0.55100000000000005,3.6740911647608253e-31
0.55149999999999999,3.306682048284743e-31
0.55200000000000005,2.9760138434562686e-31
0.55249999999999999,2.6784124591106421e-31
0.55300000000000005,2.4105712131995777e-31
0.55349999999999999,2.1695140918796202e-31
0.55400000000000005,1.9525626826916578e-31
0.55449999999999999,1.757306414422492e-31
0.55500000000000005,1.5815757729802426e-31
0.55549999999999999,1.4234181956822183e-31
0.55600000000000005,1.2810763761139966e-31
0.55649999999999999,1.1529687385025968e-31
0.55700000000000005,1.0376718646523372e-31
0.5575,9.339046781871034e-32
0.55800000000000005,8.4051421036839317e-32
0.5585,7.5646278933155386e-32
0.55900000000000005,6.8081651039839846e-32
0.5595,6.127348593585586e-32
0.56000000000000005,5.5146137342270282e-32
0.5605,4.9631523608043253e-32
0.56100000000000005,4.4668371247238928e-32
0.5615,4.020153412251503e-32
0.56200000000000006,3.618138071026353e-32
0.5625,3.2563242639237178e-32
0.56299999999999994,2.9306918375313458e-32
0.5635,2.6376226537782117e-32
0.56399999999999995,2.3738603884003901e-32
0.5645,2.1364743495603513e-32
0.56499999999999995,1.9228269146043159e-32
0.5655,1.7305442231438844e-32
0.56599999999999995,1.5574898008294958e-32
0.5665,1.4017408207465464e-32
0.56699999999999995,1.2615667386718918e-32
0.5675,1.1354100648047024e-32
0.56799999999999995,1.0218690583242323e-32
0.56850000000000001,9.1968215249180901e-33
0.56899999999999995,8.2771393724262824e-33
0.56950000000000001,7.4494254351836538e-33
0.56999999999999995,6.7044828916652887e-33
0.57050000000000001,6.0340346024987602e-33
0.57099999999999995,5.4306311422488836e-33
0.57150000000000001,4.8875680280239956e-33
0.57199999999999995,4.3988112252215962e-33
0.57250000000000001,3.9589301026994364e-33
0.57299999999999995,3.5630370924294932e-33
0.57350000000000001,3.2067333831865442e-33
0.57399999999999995,2.8860600448678897e-33
0.57450000000000001,2.5974540403811008e-33
0.57499999999999996,2.3377086363429906e-33
0.57550000000000001,2.1039377727086914e-33
0.57599999999999996,1.8935439954378223e-33
0.57650000000000001,1.7041895958940402e-33
0.57699999999999996,1.5337706363046363e-33
0.57750000000000001,1.3803935726741728e-33
0.57799999999999996,1.2423542154067556e-33
0.57850000000000001,1.11811879386608e-33
0.57899999999999996,1.006306914479472e-33
0.57950000000000002,9.0567622303152497e-34
0.57999999999999996,8.1510860072837242e-34
0.58050000000000002,7.3359774065553518e-34
0.58099999999999996,6.6023796658998171e-34
0.58150000000000002,5.9421416993098349e-34
0.58199999999999996,5.3479275293788519e-34
0.58250000000000002,4.8131347764409669e-34
0.58299999999999996,4.3318212987968699e-34
0.58350000000000002,3.8986391689171831e-34
0.58399999999999996,3.5087752520254647e-34
0.58450000000000002,3.1578977268229186e-34
0.58499999999999996,2.8421079541406268e-34
0.58550000000000002,2.5578971587265638e-34
0.58599999999999997,2.3021074428539074e-34
0.58650000000000002,2.0718966985685167e-34
0.58699999999999997,1.8647070287116651e-34
0.58750000000000002,1.6782363258404987e-34
0.58799999999999997,1.5104126932564488e-34
0.58850000000000002,1.359371423930804e-34
0.58899999999999997,1.2234342815377235e-34
0.58950000000000002,1.101090853383951e-34
0.58999999999999997,9.9098176804555599e-35
0.59050000000000002,8.9188359124100039e-35
0.59099999999999997,8.0269523211690037e-35
0.59150000000000003,7.2242570890521031e-35
0.59199999999999997,6.5018313801468928e-35
0.59250000000000003,5.8516482421322027e-35
0.59299999999999997,5.2664834179189832e-35
0.59350000000000003,4.7398350761270845e-35
0.59399999999999997,4.265851568514376e-35
0.59450000000000003,3.8392664116629385e-35
0.59499999999999997,3.4553397704966443e-35
0.59550000000000003,3.1098057934469801e-35
0.59599999999999997,2.798825214102282e-35
0.59650000000000003,2.5189426926920538e-35
0.59699999999999998,2.2670484234228485e-35
0.59750000000000003,2.0403435810805635e-35
0.59799999999999998,1.8363092229725072e-35
0.59850000000000003,1.6526783006752563e-35
0.59899999999999998,1.4874104706077308e-35
0.59950000000000003,1.3386694235469576e-35
0.59999999999999998,1.2048024811922618e-35
0.60050000000000003,1.0843222330730358e-35
0.60099999999999998,9.7589000976573235e-36
0.60150000000000003,8.7830100878915914e-36
0.60199999999999998,7.904709079102432e-36
0.60250000000000004,7.114238171192189e-36
0.60299999999999998,6.4028143540729699e-36
0.60350000000000004,5.7625329186656727e-36
0.60399999999999998,5.1862796267991055e-36
0.60450000000000004,4.6676516641191953e-36
0.60499999999999998,4.2008864977072757e-36
0.60550000000000004,3.780797847936548e-36
0.60599999999999998,3.4027180631428927e-36
0.60650000000000004,3.0624462568286032e-36
0.60699999999999998,2.7562016311457428e-36
0.60750000000000004,2.4805814680311685e-36
0.60799999999999998,2.2325233212280519e-36
0.60850000000000004,2.0092709891052467e-36
0.60899999999999999,1.8083438901947218e-36
0.60950000000000004,1.6275095011752497e-36
0.60999999999999999,1.4647585510577247e-36
0.61050000000000004,1.3182826959519523e-36
0.61099999999999999,1.1864544263567571e-36
0.61150000000000004,1.0678089837210813e-36
0.61199999999999999,9.6102808534897322e-37
0.61250000000000004,8.6492527681407598e-37
0.61299999999999999,7.7843274913266824e-37
0.61350000000000005,7.0058947421940156e-37
0.61399999999999999,6.3053052679746138e-37
0.61450000000000005,5.6747747411771525e-37
0.61499999999999999,5.1072972670594368e-37
0.61550000000000005,4.5965675403534937e-37
0.61599999999999999,4.1369107863181444e-37
0.61650000000000005,3.7232197076863298e-37
0.61699999999999999,3.3508977369176972e-37
0.61750000000000005,3.0158079632259275e-37
0.61799999999999999,2.7142271669033345e-37
0.61850000000000005,2.4428044502130013e-37
0.61899999999999999,2.198524005191701e-37
0.61950000000000005,1.9786716046725307e-37
0.62,1.7808044442052777e-37
0.62050000000000005,1.6027239997847499e-37
0.621,1.442451599806275e-37
0.62150000000000005,1.2982064398256475e-37
0.622,1.1683857958430827e-37
0.62250000000000005,1.0515472162587745e-37
0.623,9.4639249463289693e-38
0.62350000000000005,8.5175324516960734e-38
0.624,7.665779206526467e-38
0.62450000000000006,6.8992012858738197e-38
0.625,6.2092811572864374e-38
0.62549999999999994,5.5883530415577939e-38
0.626,5.0295177374020144e-38
0.62649999999999995,4.526565963661813e-38
0.627,4.0739093672956318e-38
0.62749999999999995,3.6665184305660683e-38
0.628,3.2998665875094615e-38
0.62849999999999995,2.9698799287585156e-38
0.629,2.6728919358826641e-38
0.62949999999999995,2.4056027422943977e-38
0.63,2.1650424680649578e-38
0.63049999999999995,1.9485382212584622e-38
0.63100000000000001,1.753684399132616e-38
0.63149999999999995,1.5783159592193545e-38
0.63200000000000001,1.4204843632974191e-38
0.63249999999999995,1.2784359269676772e-38
0.63300000000000001,1.1505923342709092e-38
0.63349999999999995,1.0355331008438183e-38
0.63400000000000001,9.3197979075943652e-39
0.63449999999999995,8.3878181168349291e-39
0.63500000000000001,7.5490363051514353e-39
0.63549999999999995,6.7941326746362917e-39
0.63600000000000001,6.1147194071726633e-39
0.63649999999999995,5.5032474664553962e-39
0.63700000000000001,4.9529227198098563e-39
0.63749999999999996,4.457630447828871e-39
0.63800000000000001,4.0118674030459839e-39
0.63849999999999996,3.6106806627413858e-39
0.63900000000000001,3.2496125964672469e-39
0.63949999999999996,2.9246513368205222e-39
0.64000000000000001,2.63218620313847e-39
0.64049999999999996,2.3689675828246233e-39
0.64100000000000001,2.1320708245421609e-39
0.64149999999999996,1.9188637420879448e-39
0.64200000000000002,1.7269773678791506e-39
0.64249999999999996,1.5542796310912354e-39
0.64300000000000002,1.3988516679821118e-39
0.64349999999999996,1.2589665011839006e-39
0.64400000000000002,1.1330698510655106e-39
0.64449999999999996,1.0197628659589595e-39
0.64500000000000002,9.1778657936306348e-40
0.64549999999999996,8.260079214267571e-40
0.64600000000000002,7.4340712928408151e-40
0.64649999999999996,6.6906641635567335e-40
0.64700000000000002,6.0215977472010599e-40
0.64749999999999996,5.4194379724809544e-40
0.64800000000000002,4.8774941752328588e-40
0.64849999999999997,4.3897447577095731e-40
0.64900000000000002,3.9507702819386155e-40
0.64949999999999997,3.5556932537447534e-40
0.65000000000000002,3.2001239283702782e-40
0.65049999999999997,2.8801115355332501e-40
0.65100000000000002,2.5921003819799251e-40
0.65149999999999997,2.3328903437819324e-40
0.65200000000000002,2.0996013094037393e-40
0.65249999999999997,1.8896411784633653e-40
0.65300000000000002,1.7006770606170285e-40
0.65349999999999997,1.5306093545553258e-40
0.65400000000000003,1.3775484190997933e-40
0.65449999999999997,1.239793577189814e-40
0.65500000000000003,1.1158142194708325e-40
0.65549999999999997,1.0042327975237493e-40
0.65600000000000003,9.0380951777137421e-41
0.65649999999999997,8.1342856599423683e-41
0.65700000000000003,7.320857093948132e-41
0.65749999999999997,6.5887713845533188e-41
0.65800000000000003,5.9298942460979866e-41
0.65849999999999997,5.3369048214881882e-41
0.65900000000000003,4.8032143393393692e-41
0.65949999999999998,4.3228929054054328e-41
0.66000000000000003,3.8906036148648892e-41
0.66049999999999998,3.5015432533784005e-41
0.66100000000000003,3.1513889280405603e-41
0.66149999999999998,2.8362500352365045e-41
0.66200000000000003,2.552625031712854e-41
0.66249999999999998,2.2973625285415688e-41
0.66300000000000003,2.0676262756874115e-41
0.66349999999999998,1.8608636481186705e-41
0.66400000000000003,1.6747772833068034e-41
0.66449999999999998,1.5072995549761233e-41
0.66500000000000004,1.356569599478511e-41
0.66549999999999998,1.2209126395306599e-41
0.66600000000000004,1.0988213755775938e-41
0.66649999999999998,9.8893923801983436e-42
0.66700000000000004,8.9004531421785086e-42
0.66749999999999998,8.0104078279606576e-42
0.66800000000000004,7.2093670451645934e-42
0.66849999999999998,6.4884303406481337e-42
0.66900000000000004,5.8395873065833202e-42
0.66949999999999998,5.255628575924988e-42
0.67000000000000004,4.7300657183324894e-42
0.67049999999999998,4.2570591464992404e-42
0.67100000000000004,3.8313532318493164e-42
0.67149999999999999,3.4482179086643853e-42
0.67200000000000004,3.1033961177979468e-42
0.67249999999999999,2.7930565060181521e-42
0.67300000000000004,2.5137508554163366e-42
0.67349999999999999,2.262375769874703e-42
0.67400000000000004,2.0361381928872326e-42
0.67449999999999999,1.8325243735985095e-42
0.67500000000000004,1.6492719362386584e-42
0.67549999999999999,1.4843447426147925e-42
0.67600000000000005,1.3359102683533134e-42
0.67649999999999999,1.2023192415179821e-42
0.67700000000000005,1.0820873173661839e-42
0.67749999999999999,9.7387858562956553e-43
0.67800000000000005,8.7649072706660901e-43
0.67849999999999999,7.8884165435994803e-43
0.67900000000000005,7.0995748892395323e-43
0.67949999999999999,6.3896174003155794e-43
0.68000000000000005,5.7506556602840207e-43
0.68049999999999999,5.1755900942556189e-43
0.68100000000000005,4.6580310848300572e-43
0.68149999999999999,4.1922279763470515e-43
0.68200000000000005,3.7730051787123467e-43
0.6825,3.3957046608411121e-43
0.68300000000000005,3.0561341947570007e-43
0.6835,2.7505207752813005e-43
0.68400000000000005,2.4754686977531704e-43
0.6845,2.2279218279778535e-43
0.68500000000000005,2.0051296451800681e-43
0.6855,1.8046166806620611e-43
0.68600000000000005,1.6241550125958552e-43
0.6865,1.4617395113362695e-43
0.68700000000000006,1.3155655602026426e-43
0.6875,1.1840090041823783e-43
0.68799999999999994,1.0656081037641405e-43
0.6885,9.5904729338772655e-44
0.68899999999999995,8.6314256404895386e-44
0.6895,7.7682830764405843e-44
0.68999999999999995,6.9914547687965257e-44
0.6905,6.2923092919168736e-44
0.69099999999999995,5.6630783627251865e-44
0.6915,5.0967705264526674e-44
0.69199999999999995,4.5870934738074012e-44
0.6925,4.1283841264266613e-44
0.69299999999999995,3.7155457137839951e-44
0.69350000000000001,3.3439911424055961e-44
0.69399999999999995,3.0095920281650362e-44
0.69450000000000001,2.7086328253485328e-44
0.69499999999999995,2.4377695428136791e-44
0.69550000000000001,2.1939925885323116e-44
0.69599999999999995,1.9745933296790805e-44
0.69650000000000001,1.7771339967111725e-44
0.69699999999999995,1.5994205970400552e-44
0.69750000000000001,1.4394785373360497e-44
0.69799999999999995,1.2955306836024449e-44
0.69850000000000001,1.1659776152422003e-44
0.69899999999999995,1.0493798537179803e-44
0.69950000000000001,9.444418683461822e-45
0.69999999999999996,8.4999768151156403e-45
0.70050000000000001,7.6499791336040768e-45
0.70099999999999996,6.8849812202436691e-45
0.70150000000000001,6.1964830982193021e-45
0.70199999999999996,5.5768347883973715e-45
0.70250000000000001,5.0191513095576345e-45
0.70299999999999996,4.5172361786018707e-45
0.70350000000000001,4.0655125607416833e-45
0.70399999999999996,3.658961304667515e-45
0.70450000000000002,3.2930651742007635e-45
0.70499999999999996,2.9637586567806869e-45
0.70550000000000002,2.6673827911026188e-45
0.70599999999999996,2.4006445119923568e-45
0.70650000000000002,2.1605800607931212e-45
0.70699999999999996,1.944522054713809e-45
0.70750000000000002,1.7500698492424282e-45
0.70799999999999996,1.5750628643181853e-45
0.70850000000000002,1.4175565778863666e-45
0.70899999999999996,1.2758009200977301e-45
0.70950000000000002,1.1482208280879571e-45
0.70999999999999996,1.0333987452791614e-45
0.71050000000000002,9.3005887075124522e-46
0.71099999999999997,8.370529836761206e-46
0.71150000000000002,7.5334768530850856e-46
0.71199999999999997,6.7801291677765767e-46
0.71250000000000002,6.1021162509989192e-46
0.71299999999999997,5.4919046258990268e-46
0.71350000000000002,4.9427141633091247e-46
0.71399999999999997,4.4484427469782123e-46
0.71450000000000002,4.0035984722803908e-46
0.71499999999999997,3.6032386250523522e-46
0.71550000000000002,3.2429147625471169e-46
0.71599999999999997,2.9186232862924054e-46
0.71650000000000003,2.626760957663165e-46
0.71699999999999997,2.3640848618968481e-46
0.71750000000000003,2.1276763757071637e-46
0.71799999999999997,1.914908738136447e-46
0.71850000000000003,1.7234178643228022e-46
0.71899999999999997,1.5510760778905222e-46
0.71950000000000003,1.39596847010147e-46
0.71999999999999997,1.2563716230913229e-46
0.72050000000000003,1.1307344607821907e-46
0.72099999999999997,1.0176610147039716e-46
0.72150000000000003,9.1589491323357451e-47
0.72199999999999998,8.243054219102171e-47
0.72250000000000003,7.418748797191953e-47
0.72299999999999998,6.6768739174727576e-47
0.72350000000000003,6.0091865257254821e-47
0.72399999999999998,5.408267873152933e-47
0.72450000000000003,4.8674410858376403e-47
0.72499999999999998,4.3806969772538761e-47
0.72550000000000003,3.9426272795284883e-47
0.72599999999999998,3.5483645515756397e-47
0.72650000000000003,3.1935280964180755e-47
0.72699999999999998,2.8741752867762682e-47
0.72750000000000004,2.5867577580986412e-47
0.72799999999999998,2.3280819822887769e-47
0.72850000000000004,2.0952737840598993e-47
0.72899999999999998,1.8857464056539094e-47
0.72950000000000004,1.6971717650885184e-47
0.72999999999999998,1.5274545885796664e-47
0.73050000000000004,1.3747091297216998e-47
0.73099999999999998,1.2372382167495299e-47
0.73150000000000004,1.113514395074577e-47
0.73199999999999998,1.0021629555671192e-47
0.73250000000000004,9.019466600104073e-48
0.73299999999999998,8.1175199400936655e-48
0.73350000000000004,7.3057679460842995e-48
0.73399999999999999,6.5751911514758697e-48
0.73450000000000004,5.9176720363282822e-48
0.73499999999999999,5.3259048326954546e-48
0.73550000000000004,4.7933143494259089e-48
0.73599999999999999,4.3139829144833183e-48
0.73650000000000004,3.8825846230349864e-48
0.73699999999999999,3.4943261607314876e-48
0.73750000000000004,3.1448935446583386e-48
0.73799999999999999,2.8304041901925052e-48
0.73850000000000005,2.5473637711732544e-48
0.73899999999999999,2.2926273940559289e-48
0.73950000000000005,2.0633646546503361e-48
0.73999999999999999,1.8570281891853025e-48
0.74050000000000005,1.6713253702667723e-48
0.74099999999999999,1.5041928332400952e-48
0.74150000000000005,1.3537735499160854e-48
0.74199999999999999,1.2183961949244769e-48
0.74250000000000005,1.0965565754320291e-48
0.74299999999999999,9.8690091788882613e-49
0.74350000000000005,8.882108260999435e-49
0.74399999999999999,7.9938974348994916e-49
0.74450000000000005,7.1945076914095432e-49
0.745,6.4750569222685888e-49
0.74550000000000005,5.8275512300417305e-49
0.746,5.244796107037557e-49
0.74650000000000005,4.7203164963338017e-49
0.747,4.2482848467004209e-49
0.74750000000000005,3.8234563620303789e-49
0.748,3.4411107258273416e-49
0.74850000000000005,3.096999653244607e-49
0.749,2.787299687920146e-49
0.74950000000000006,2.5085697191281315e-49
0.75,2.2577127472153183e-49
0.75049999999999994,2.0319414724937867e-49
0.751,1.8287473252444077e-49
0.75149999999999995,1.645872592719967e-49
0.752,1.4812853334479703e-49
0.75249999999999995,1.3331568001031733e-49
0.753,1.199841120092856e-49
0.75349999999999995,1.0798570080835704e-49
0.754,9.7187130727521342e-50
0.75449999999999995,8.7468417654769193e-50
0.755,7.8721575889292274e-50
0.75549999999999995,7.0849418300363034e-50
0.75600000000000001,6.3764476470326735e-50
0.75649999999999995,5.7388028823294063e-50
0.75700000000000001,5.1649225940964657e-50
0.75749999999999995,4.6484303346868192e-50
0.75800000000000001,4.183587301218137e-50
0.75849999999999995,3.7652285710963232e-50
0.75900000000000001,3.3887057139866907e-50
0.75949999999999995,3.0498351425880218e-50
0.76000000000000001,2.7448516283292196e-50
0.76049999999999995,2.4703664654962975e-50
0.76100000000000001,2.2233298189466681e-50
0.76149999999999995,2.000996837052001e-50
0.76200000000000001,1.8008971533468009e-50
0.76249999999999996,1.6208074380121207e-50
0.76300000000000001,1.4587266942109087e-50
0.76349999999999996,1.3128540247898178e-50
0.76400000000000001,1.181568622310836e-50
0.76449999999999996,1.0634117600797522e-50
0.76500000000000001,9.5707058407177701e-51
0.76549999999999996,8.6136352566459918e-51
0.76600000000000001,7.7522717309813927e-51
0.76649999999999996,6.977044557883254e-51
0.76700000000000002,6.2793401020949283e-51
0.76749999999999996,5.6514060918854355e-51
0.76800000000000002,5.0862654826968924e-51
0.76849999999999996,4.5776389344272031e-51
0.76900000000000002,4.1198750409844831e-51
0.76949999999999996,3.7078875368860348e-51
0.77000000000000002,3.3370987831974315e-51
0.77049999999999996,3.0033889048776885e-51
0.77100000000000002,2.7030500143899198e-51
0.77149999999999996,2.4327450129509277e-51
0.77200000000000002,2.189470511655835e-51
0.77249999999999996,1.9705234604902513e-51
0.77300000000000002,1.7734711144412261e-51
0.77349999999999997,1.5961240029971037e-51
0.77400000000000002,1.4365116026973934e-51
0.77449999999999997,1.292860442427654e-51
0.77500000000000002,1.1635743981848885e-51
0.77549999999999997,1.0472169583663997e-51
0.77600000000000002,9.4249526252975976e-52
0.77649999999999997,8.4824573627678373e-52
0.77700000000000002,7.6342116264910527e-52
0.77749999999999997,6.8707904638419478e-52
0.77800000000000002,6.1837114174577528e-52
0.77849999999999997,5.5653402757119771e-52
0.77900000000000003,5.0088062481407799e-52
0.77949999999999997,4.5079256233267016e-52
0.78000000000000003,4.0571330609940318e-52
0.78049999999999997,3.6514197548946283e-52
0.78100000000000003,3.2862777794051656e-52
0.78149999999999997,2.957650001464649e-52
0.78200000000000003,2.661885001318184e-52
0.78249999999999997,2.3956965011863657e-52
0.78300000000000003,2.1561268510677288e-52
0.78349999999999997,1.9405141659609564e-52
0.78400000000000003,1.7464627493648607e-52
0.78449999999999998,1.5718164744283745e-52
0.78500000000000003,1.414634826985537e-52
0.78549999999999998,1.2731713442869835e-52
0.78600000000000003,1.1458542098582852e-52
0.78649999999999998,1.0312687888724567e-52
0.78700000000000003,9.2814190998521087e-53
0.78749999999999998,8.3532771898668984e-53
0.78800000000000003,7.5179494708802078e-53
0.78849999999999998,6.7661545237921862e-53
0.78900000000000003,6.0895390714129671e-53
0.78949999999999998,5.4805851642716709e-53
0.79000000000000004,4.9325266478445039e-53
0.79049999999999998,4.4392739830600531e-53
0.79100000000000004,3.995346584754048e-53
0.79149999999999998,3.5958119262786435e-53
0.79200000000000004,3.2362307336507794e-53
0.79249999999999998,2.9126076602857012e-53
0.79300000000000004,2.6213468942571312e-53
0.79349999999999998,2.359212204831418e-53
0.79400000000000004,2.1232909843482763e-53
0.79449999999999998,1.9109618859134489e-53
0.79500000000000004,1.719865697322104e-53
0.79549999999999998,1.5478791275898937e-53
0.79600000000000004,1.3930912148309043e-53
0.79649999999999999,1.2537820933478138e-53
0.79700000000000004,1.1284038840130325e-53
0.79749999999999999,1.0155634956117291e-53
0.79800000000000004,9.1400714605055627e-54
0.79849999999999999,8.2260643144550064e-54
0.79900000000000004,7.4034578830095067e-54
0.79949999999999999,6.6631120947085552e-54
0.80000000000000004,5.9968008852376996e-54
0.80049999999999999,5.3971207967139301e-54
0.80100000000000005,4.8574087170425368e-54
0.80149999999999999,4.3716678453382839e-54
0.80200000000000005,3.9345010608044554e-54
0.80249999999999999,3.5410509547240097e-54
0.80300000000000005,3.1869458592516086e-54
0.80349999999999999,2.8682512733264481e-54
0.80400000000000005,2.5814261459938035e-54
0.80449999999999999,2.3232835313944231e-54
0.80500000000000005,2.0909551782549808e-54
0.80549999999999999,1.8818596604294828e-54
0.80600000000000005,1.6936736943865347e-54
0.80649999999999999,1.5243063249478813e-54
0.80700000000000005,1.3718756924530931e-54
0.8075,1.2346881232077839e-54
0.80800000000000005,1.1112193108870055e-54
0.8085,1.0000973797983049e-54
0.80900000000000005,9.0008764181847437e-55
0.8095,8.1007887763662707e-55
0.81000000000000005,7.2907098987296423e-55
0.8105,6.5616389088566782e-55
0.81100000000000005,5.9054750179710104e-55
0.8115,5.3149275161739095e-55
0.81200000000000006,4.7834347645565189e-55
0.8125,4.3050912881008668e-55
0.81299999999999994,3.87458215929078e-55
0.8135,3.4871239433617018e-55
0.81399999999999995,3.138411549025532e-55
0.8145,2.8245703941229785e-55
0.81499999999999995,2.5421133547106807e-55
0.8155,2.2879020192396125e-55
0.81599999999999995,2.0591118173156513e-55
0.8165,1.8532006355840862e-55
0.81699999999999995,1.6678805720256778e-55
0.8175,1.5010925148231099e-55
0.81799999999999995,1.3509832633407988e-55
0.81850000000000001,1.215884937006719e-55
0.81899999999999995,1.094296443306047e-55
0.81950000000000001,9.8486679897544241e-56
0.81999999999999995,8.8638011907789819e-56
0.82050000000000001,7.9774210717010828e-56
0.82099999999999995,7.1796789645309747e-56
0.82150000000000001,6.4617110680778776e-56
0.82199999999999995,5.8155399612700901e-56
0.82250000000000001,5.2339859651430812e-56
0.82299999999999995,4.7105873686287726e-56
0.82350000000000001,4.2395286317658958e-56
0.82399999999999995,3.815575768589306e-56
0.82450000000000001,3.4340181917303749e-56
0.82499999999999996,3.0906163725573372e-56
0.82550000000000001,2.7815547353016038e-56
0.82599999999999996,2.5033992617714433e-56
0.82650000000000001,2.253059335594299e-56
0.82699999999999996,2.0277534020348691e-56
0.82750000000000001,1.8249780618313822e-56
0.82799999999999996,1.6424802556482439e-56
0.82850000000000001,1.4782322300834196e-56
0.82899999999999996,1.3304090070750774e-56
0.82950000000000002,1.1973681063675697e-56
0.82999999999999996,1.0776312957308128e-56
0.83050000000000002,9.6986816615773148e-57
0.83099999999999996,8.7288134954195834e-57
0.83150000000000002,7.8559321458776251e-57
0.83199999999999996,7.0703389312898623e-57
0.83250000000000002,6.3633050381608768e-57
0.83299999999999996,5.7269745343447897e-57
0.83350000000000002,5.1542770809103099e-57
0.83399999999999996,4.6388493728192795e-57
0.83450000000000002,4.1749644355373517e-57
0.83499999999999996,3.7574679919836162e-57
0.83550000000000002,3.3817211927852547e-57
0.83599999999999997,3.0435490735067294e-57
0.83650000000000002,2.7391941661560568e-57
0.83699999999999997,2.465274749540451e-57
0.83750000000000002,2.2187472745864058e-57
0.83799999999999997,1.9968725471277653e-57
0.83850000000000002,1.7971852924149886e-57
0.83899999999999997,1.6174667631734898e-57
0.83950000000000002,1.4557200868561405e-57
0.83999999999999997,1.3101480781705265e-57
0.84050000000000002,1.1791332703534738e-57
0.84099999999999997,1.0612199433181264e-57
0.84150000000000003,9.5509794898631375e-58
0.84199999999999997,8.5958815408768243e-58
0.84250000000000003,7.7362933867891412e-58
0.84299999999999997,6.9626640481102268e-58
0.84350000000000003,6.2663976432992034e-58
0.84399999999999997,5.6397578789692835e-58
0.84450000000000003,5.0757820910723548e-58
0.84499999999999997,4.5682038819651189e-58
0.84550000000000003,4.1113834937686073e-58
0.84599999999999997,3.7002451443917465e-58
0.84650000000000003,3.3302206299525719e-58
0.84699999999999998,2.9971985669573147e-58
0.84750000000000003,2.6974787102615835e-58
0.84799999999999998,2.427730839235425e-58
0.84850000000000003,2.1849577553118825e-58
0.84899999999999998,1.9664619797806941e-58
0.84950000000000003,1.7698157818026249e-58
0.84999999999999998,1.5928342036223623e-58
0.85050000000000003,1.4335507832601262e-58
0.85099999999999998,1.2901957049341135e-58
0.85150000000000003,1.161176134440702e-58
0.85199999999999998,1.0450585209966318e-58
0.85250000000000004,9.4055266889696868e-59
0.85299999999999998,8.4649740200727183e-59
0.85350000000000004,7.6184766180654463e-59
0.85399999999999998,6.8566289562589007e-59
0.85450000000000004,6.1709660606330115e-59
0.85499999999999998,5.5538694545697102e-59
0.85550000000000004,4.9984825091127386e-59
0.85599999999999998,4.4986342582014647e-59
0.85650000000000004,4.0487708323813186e-59
0.85699999999999998,3.6438937491431861e-59
0.85750000000000004,3.2795043742288676e-59
0.85799999999999998,2.9515539368059812e-59
0.85850000000000004,2.656398543125383e-59
0.85899999999999999,2.3907586888128445e-59
0.85950000000000004,2.1516828199315601e-59
0.85999999999999999,1.936514537938404e-59
0.86050000000000004,1.7428630841445637e-59
0.86099999999999999,1.5685767757301075e-59
0.86150000000000004,1.4117190981570968e-59
0.86199999999999999,1.2705471883413872e-59
0.86250000000000004,1.1434924695072484e-59
0.86299999999999999,1.0291432225565234e-59
0.86350000000000005,9.2622890030087121e-60
0.86399999999999999,8.3360601027078405e-60
0.86450000000000005,7.5024540924370574e-60
0.86499999999999999,6.7522086831933517e-60
0.86550000000000005,6.0769878148740167e-60
0.86599999999999999,5.4692890333866153e-60
0.86650000000000005,4.9223601300479536e-60
0.86699999999999999,4.4301241170431577e-60
0.86750000000000005,3.9871117053388416e-60
0.86799999999999999,3.5884005348049578e-60
0.86850000000000005,3.2295604813244619e-60
0.86899999999999999,2.9066044331920151e-60
0.86950000000000005,2.6159439898728138e-60
0.87,2.3543495908855324e-60
0.87050000000000005,2.1189146317969793e-60
0.871,1.9070231686172813e-60
0.87150000000000005,1.7163208517555533e-60
0.872,1.5446887665799982e-60
0.87250000000000005,1.3902198899219984e-60
0.873,1.2511979009297986e-60
0.87350000000000005,1.1260781108368187e-60
0.874,1.0134702997531367e-60
0.87450000000000006,9.1212326977782304e-61
0.875,8.2091094280004067e-61
0.87549999999999994,7.388198485200366e-61
0.876,6.6493786366803297e-61
0.87649999999999995,5.9844407730122973e-61
0.877,5.3859966957110674e-61
0.87749999999999995,4.8473970261399604e-61
0.878,4.3626573235259646e-61
0.87849999999999995,3.926391591173368e-61
0.879,3.5337524320560314e-61
0.87949999999999995,3.1803771888504282e-61
0.88,2.8623394699653853e-61
0.88049999999999995,2.576105522968847e-61
0.88100000000000001,2.3184949706719625e-61
0.88149999999999995,2.0866454736047662e-61
0.88200000000000001,1.8779809262442897e-61
0.88249999999999995,1.6901828336198605e-61
0.88300000000000001,1.5211645502578745e-61
0.88349999999999995,1.369048095232087e-61
0.88400000000000001,1.2321432857088783e-61
0.88449999999999995,1.1089289571379905e-61
0.88500000000000001,9.9803606142419141e-62
0.88549999999999995,8.9823245528177224e-62
0.88600000000000001,8.0840920975359501e-62
0.88649999999999995,7.2756828877823555e-62
0.88700000000000001,6.5481145990041198e-62
0.88749999999999996,5.8933031391037079e-62
0.88800000000000001,5.3039728251933372e-62
0.88849999999999996,4.7735755426740035e-62
0.88900000000000001,4.2962179884066026e-62
0.88949999999999996,3.8665961895659431e-62
0.89000000000000001,3.4799365706093483e-62
0.89049999999999996,3.1319429135484137e-62
0.89100000000000001,2.8187486221935723e-62
0.89149999999999996,2.5368737599742153e-62
0.89200000000000002,2.2831863839767935e-62
0.89249999999999996,2.0548677455791143e-62
0.89300000000000002,1.8493809710212029e-62
0.89349999999999996,1.6644428739190825e-62
0.89400000000000002,1.4979985865271741e-62
0.89449999999999996,1.3481987278744568e-62
0.89500000000000002,1.2133788550870111e-62
0.89549999999999996,1.0920409695783098e-62
0.89600000000000002,9.82836872620479e-63
0.89649999999999996,8.8455318535843112e-63
0.89700000000000002,7.960978668225879e-63
0.89749999999999996,7.1648808014032914e-63
0.89800000000000002,6.4483927212629621e-63
0.89849999999999997,5.8035534491366658e-63
0.89900000000000002,5.2231981042229998e-63
0.89949999999999997,4.7008782938007002e-63
0.90000000000000002,4.2307904644206298e-63
0.90049999999999997,3.8077114179785669e-63
0.90100000000000002,3.4269402761807103e-63
0.90149999999999997,3.0842462485626396e-63
0.90200000000000002,2.7758216237063754e-63
0.90249999999999997,2.4982394613357378e-63
0.90300000000000002,2.2484155152021641e-63
0.90349999999999997,2.0235739636819476e-63
0.90400000000000003,1.8212165673137529e-63
0.90449999999999997,1.6390949105823775e-63
0.90500000000000003,1.4751854195241399e-63
0.90549999999999997,1.327666877571726e-63
0.90600000000000003,1.1949001898145534e-63
0.90649999999999997,1.0754101708330979e-63
0.90700000000000003,9.6786915374978823e-64
0.90749999999999997,8.7108223837480935e-64
0.90800000000000003,7.8397401453732844e-64
0.90849999999999997,7.0557661308359567e-64
0.90900000000000003,6.3501895177523607e-64
0.90949999999999998,5.7151705659771251e-64
0.91000000000000003,5.1436535093794125e-64
0.91049999999999998,4.6292881584414714e-64
0.91100000000000003,4.1663593425973241e-64
0.91149999999999998,3.7497234083375916e-64
0.91200000000000003,3.3747510675038319e-64
0.91249999999999998,3.0372759607534489e-64
0.91300000000000003,2.7335483646781039e-64
0.91349999999999998,2.4601935282102937e-64
0.91400000000000003,2.2141741753892646e-64
0.91449999999999998,1.9927567578503378e-64
0.91500000000000004,1.7934810820653041e-64
0.91549999999999998,1.614132973858774e-64
0.91600000000000004,1.4527196764728965e-64
0.91649999999999998,1.3074477088256071e-64
0.91700000000000004,1.1767029379430463e-64
0.91749999999999998,1.0590326441487417e-64
0.91800000000000004,9.5312937973386764e-65
0.91849999999999998,8.5781644176048094e-65
0.91900000000000004,7.7203479758443273e-65
0.91949999999999998,6.9483131782598939e-65
0.92000000000000004,6.2534818604339046e-65
0.92049999999999998,5.6281336743905141e-65
0.92100000000000004,5.0653203069514622e-65
0.92149999999999999,4.5587882762563162e-65
0.92200000000000004,4.102909448630685e-65
0.92249999999999999,3.692618503767616e-65
0.92300000000000004,3.3233566533908543e-65
0.92349999999999999,2.9910209880517688e-65
0.92400000000000004,2.6919188892465918e-65
0.92449999999999999,2.4227270003219327e-65
0.92500000000000004,2.1804543002897395e-65
0.92549999999999999,1.9624088702607658e-65
0.92600000000000005,1.7661679832346892e-65
0.92649999999999999,1.5895511849112204e-65
0.92700000000000005,1.4305960664200984e-65
0.92749999999999999,1.2875364597780886e-65
0.92800000000000005,1.1587828138002797e-65
0.92849999999999999,1.0429045324202519e-65
0.92900000000000005,9.3861407917822657e-66
0.92949999999999999,8.4475267126040403e-66
0.93000000000000005,7.6027740413436355e-66
0.93049999999999999,6.8424966372092717e-66
0.93100000000000005,6.1582469734883441e-66
0.93149999999999999,5.5424222761395097e-66
0.93200000000000005,4.988180048525559e-66
0.9325,4.4893620436730029e-66
0.93300000000000005,4.0404258393057026e-66
0.9335,3.6363832553751322e-66
0.93400000000000005,3.2727449298376193e-66
0.9345,2.945470436853857e-66
0.93500000000000005,2.6509233931684713e-66
0.9355,2.3858310538516239e-66
0.93600000000000005,2.1472479484664617e-66
0.9365,1.9325231536198153e-66
0.93700000000000006,1.7392708382578339e-66
0.9375,1.5653437544320504e-66
0.93799999999999994,1.4088093789888453e-66
0.9385,1.267928441089961e-66
0.93899999999999995,1.1411355969809648e-66
0.9395,1.0270220372828684e-66
0.93999999999999995,9.2431983355458157e-67
0.9405,8.3188785019912345e-67
0.94099999999999995,7.4869906517921104e-67
0.9415,6.7382915866128989e-67
0.94199999999999995,6.0644624279516087e-67
0.9425,5.4580161851564475e-67
0.94299999999999995,4.9122145666408035e-67
0.94350000000000001,4.4209931099767231e-67
0.94399999999999995,3.9788937989790513e-67
0.94450000000000001,3.5810044190811461e-67
0.94499999999999995,3.222903977173031e-67
0.94550000000000001,2.9006135794557283e-67
0.94599999999999995,2.6105522215101554e-67
0.94650000000000001,2.3494969993591397e-67
0.94699999999999995,2.1145472994232256e-67
0.94750000000000001,1.9030925694809032e-67
0.94799999999999995,1.712783312532813e-67
0.94850000000000001,1.5415049812795315e-67
0.94899999999999995,1.3873544831515785e-67
0.94950000000000001,1.2486190348364206e-67
0.94999999999999996,1.1237571313527785e-67
0.95050000000000001,1.0113814182175008e-67
0.95099999999999996,9.1024327639575057e-68
0.95150000000000001,8.1921894875617566e-68
0.95199999999999996,7.37297053880558e-68
0.95250000000000001,6.6356734849250222e-68
0.95299999999999996,5.9721061364325196e-68
0.95350000000000001,5.3748955227892677e-68
0.95399999999999996,4.8374059705103406e-68
0.95450000000000002,4.3536653734593071e-68
0.95499999999999996,3.9182988361133762e-68
0.95550000000000002,3.5264689525020381e-68
0.95599999999999996,3.1738220572518344e-68
0.95650000000000002,2.8564398515266508e-68
0.95699999999999996,2.5707958663739858e-68
0.95750000000000002,2.3137162797365873e-68
0.95799999999999996,2.0823446517629286e-68
0.95850000000000002,1.8741101865866355e-68
0.95899999999999996,1.6866991679279718e-68
0.95950000000000002,1.5180292511351746e-68
0.95999999999999996,1.3662263260216571e-68
0.96050000000000002,1.2296036934194916e-68
0.96099999999999997,1.1066433240775423e-68
0.96150000000000002,9.9597899166978816e-69
0.96199999999999997,8.9638109250280934e-69
0.96250000000000002,8.0674298325252848e-69
0.96299999999999997,7.260686849272756e-69
0.96350000000000002,6.5346181643454796e-69
0.96399999999999997,5.8811563479109316e-69
0.96450000000000002,5.2930407131198387e-69
0.96499999999999997,4.7637366418078548e-69
0.96550000000000002,4.2873629776270688e-69
0.96599999999999997,3.8586266798643625e-69
0.96650000000000003,3.4727640118779259e-69
0.96699999999999997,3.1254876106901338e-69
0.96750000000000003,2.8129388496211206e-69
0.96799999999999997,2.5316449646590085e-69
0.96850000000000003,2.2784804681931074e-69
0.96899999999999997,2.0506324213737969e-69
0.96950000000000003,1.8455691792364171e-69
0.96999999999999997,1.6610122613127753e-69
0.97050000000000003,1.4949110351814977e-69
0.97099999999999997,1.3454199316633481e-69
0.97150000000000003,1.2108779384970131e-69
0.97199999999999998,1.0897901446473118e-69
0.97250000000000003,9.8081113018258063e-70
0.97299999999999998,8.8273001716432253e-70
0.97350000000000003,7.9445701544789031e-70
0.97399999999999998,7.1501131390310126e-70
0.97450000000000003,6.4351018251279117e-70
0.97499999999999998,5.7915916426151196e-70
0.97550000000000003,5.2124324783536079e-70
0.97599999999999998,4.6911892305182472e-70
0.97650000000000003,4.2220703074664221e-70
0.97699999999999998,3.7998632767197799e-70
0.97750000000000004,3.4198769490478016e-70
0.97799999999999998,3.077889254143022e-70
0.97850000000000004,2.7701003287287195e-70
0.97899999999999998,2.4930902958558475e-70
0.97950000000000004,2.2437812662702628e-70
0.97999999999999998,2.0194031396432366e-70
0.98050000000000004,1.8174628256789128e-70
0.98099999999999998,1.6357165431110217e-70
0.98150000000000004,1.4721448887999195e-70
0.98199999999999998,1.3249303999199275e-70
0.98250000000000004,1.1924373599279346e-70
0.98299999999999998,1.0731936239351413e-70
0.98350000000000004,9.6587426154162712e-71
0.98399999999999999,8.6928683538746448e-71
0.98450000000000004,7.8235815184871804e-71
0.98499999999999999,7.0412233666384619e-71
0.98550000000000004,6.3371010299746152e-71
0.98599999999999999,5.7033909269771537e-71
0.98650000000000004,5.1330518342794382e-71
0.98699999999999999,4.6197466508514948e-71
0.98750000000000004,4.1577719857663449e-71
0.98799999999999999,3.7419947871897112e-71
0.98850000000000005,3.3677953084707397e-71
0.98899999999999999,3.0310157776236661e-71
0.98950000000000005,2.7279141998612995e-71
0.98999999999999999,2.4551227798751693e-71
0.99050000000000005,2.2096105018876523e-71
0.99099999999999999,1.9886494516988871e-71
0.99150000000000005,1.7897845065289982e-71
0.99199999999999999,1.6108060558760984e-71
0.99250000000000005,1.4497254502884886e-71
0.99299999999999999,1.3047529052596398e-71
0.99350000000000005,1.1742776147336758e-71
0.99399999999999999,1.056849853260308e-71
0.99450000000000005,9.5116486793427734e-72
0.995,8.5604838114084963e-72
0.99550000000000005,7.7044354302676474e-72
0.996,6.9339918872408824e-72
0.99650000000000005,6.2405926985167942e-72
0.997,5.6165334286651149e-72
0.99750000000000005,5.0548800857986025e-72
0.998,4.5493920772187425e-72
0.99850000000000005,4.0944528694968681e-72
0.999,3.6850075825471809e-72
0.99950000000000006,3.3165068242924629e-72
