campaign,exp,trainer,mid_metric,recipe_tiprmin,recipe_c1e9_neuron,gate_n,ok_audit,acc_strict,mode,response_quality,last_pulse_ok,csv_complete,structural_fails,orphan_class,status,n_trials,has_train,has_test,has_learner
SelectivityAsymRm,SelectivityAsymRm/EXP_span100ms_packA_gen,TimeLearner,ltz_potential_max,1,1,8,1,8,selective,ok_single,1,1,,covered,PASS,8,1,1,1
SelectivityAsymRm,SelectivityAsymRm/EXP_span100ms_packA_gen_Dspan,TimeLearner,ltz_potential_max,0,0,5,0,1,fire_all,mixed,0,0,csv_n=5,diag,FAIL,5,1,1,1
SelectivityAsymRm,SelectivityAsymRm/EXP_span100ms_packA_preinh,TimeLearner,ltz_potential_max,1,1,8,1,8,selective,ok_single,1,1,,covered,PASS,8,1,1,1
SelectivityAsymRm,SelectivityAsymRm/EXP_span100ms_packB_gen,TimeLearner,ltz_potential_max,1,1,8,1,8,selective,ok_single,1,1,,covered,PASS,8,1,1,1
SelectivityAsymRm,SelectivityAsymRm/EXP_span100ms_packB_preinh,TimeLearner,ltz_potential_max,0,1,5,0,1,fire_all,per_stim,1,0,csv_n=5,orphan,FAIL,5,1,1,1
SelectivityAsymRm,SelectivityAsymRm/EXP_span100ms_packB_preinh_C1e9,TimeLearner,ltz_potential_max,1,1,8,1,8,selective,ok_single,1,1,,covered,PASS,8,1,1,1
SelectivityAsymRm,SelectivityAsymRm/EXP_span100ms_packC_gen,TimeLearner,ltz_potential_max,1,1,8,1,8,selective,ok_single,1,1,,covered,PASS,8,1,1,1
SelectivityAsymRm,SelectivityAsymRm/EXP_span100ms_packC_gen_ampaudit,TimeLearner,ltz_potential_max,0,0,6,0,1,fire_all,mixed,0,0,csv_n=6,diag,FAIL,6,1,1,1
SelectivityAsymRm,SelectivityAsymRm/EXP_span100ms_packC_preinh,TimeLearner,ltz_potential_max,0,1,6,0,1,fire_all,mixed,0,0,csv_n=6,orphan,FAIL,6,1,1,1
SelectivityAsymRm,SelectivityAsymRm/EXP_span100ms_packC_preinh_C1e9,TimeLearner,ltz_potential_max,1,1,8,1,8,selective,ok_single,1,1,,covered,PASS,8,1,1,1
SelectivityAsymRm,SelectivityAsymRm/EXP_span25ms_packA_gen,TimeLearner,ltz_potential_max,0,1,8,1,8,selective,ok_single,1,1,,orphan,PASS,8,1,1,1
SelectivityAsymRm,SelectivityAsymRm/EXP_span25ms_packA_preinh,TimeLearner,ltz_potential_max,0,1,8,1,8,selective,ok_single,1,1,,orphan,PASS,8,1,1,1
SelectivityAsymRm,SelectivityAsymRm/EXP_span25ms_packB_gen,TimeLearner,ltz_potential_max,0,1,8,1,8,selective,ok_single,1,1,,orphan,PASS,8,1,1,1
SelectivityAsymRm,SelectivityAsymRm/EXP_span25ms_packB_preinh,TimeLearner,ltz_potential_max,0,1,8,0,1,fire_all,per_stim,1,1,,orphan,PASS,8,1,1,1
SelectivityAsymRm,SelectivityAsymRm/EXP_span25ms_packB_preinh_C1e9,TimeLearner,ltz_potential_max,0,1,8,1,8,selective,ok_single,1,1,,orphan,PASS,8,1,1,1
SelectivityAsymRm,SelectivityAsymRm/EXP_span25ms_packC_gen,TimeLearner,ltz_potential_max,0,1,8,1,8,selective,ok_single,1,1,,orphan,PASS,8,1,1,1
SelectivityAsymRm,SelectivityAsymRm/EXP_span25ms_packC_preinh,TimeLearner,ltz_potential_max,0,1,8,0,1,fire_all,per_stim,1,1,,orphan,PASS,8,1,1,1
SelectivityAsymRm,SelectivityAsymRm/EXP_span25ms_packC_preinh_C1e9,TimeLearner,ltz_potential_max,0,1,8,1,8,selective,ok_single,1,1,,orphan,PASS,8,1,1,1
SelectivityAsymRm,SelectivityAsymRm/EXP_span50ms_packA_gen,TimeLearner,ltz_potential_max,1,1,8,1,8,selective,ok_single,1,1,,covered,PASS,8,1,1,1
SelectivityAsymRm,SelectivityAsymRm/EXP_span50ms_packA_gen_Dspan,TimeLearner,ltz_potential_max,0,0,8,0,1,fire_all,per_stim,0,1,,diag,PASS,8,1,1,1
SelectivityAsymRm,SelectivityAsymRm/EXP_span50ms_packA_preinh,TimeLearner,ltz_potential_max,1,1,8,1,8,selective,ok_single,1,1,,covered,PASS,8,1,1,1
SelectivityAsymRm,SelectivityAsymRm/EXP_span50ms_packB_gen,TimeLearner,ltz_potential_max,1,1,8,1,8,selective,ok_single,1,1,,covered,PASS,8,1,1,1
SelectivityAsymRm,SelectivityAsymRm/EXP_span50ms_packB_preinh,TimeLearner,ltz_potential_max,0,1,3,0,2,silent,ok_single,0,0,csv_n=3,orphan,FAIL,3,1,1,1
SelectivityAsymRm,SelectivityAsymRm/EXP_span50ms_packB_preinh_C1e9,TimeLearner,ltz_potential_max,1,1,8,1,8,selective,ok_single,1,1,,covered,PASS,8,1,1,1
SelectivityAsymRm,SelectivityAsymRm/EXP_span50ms_packC_gen,TimeLearner,ltz_potential_max,1,1,8,1,8,selective,ok_single,1,1,,covered,PASS,8,1,1,1
SelectivityAsymRm,SelectivityAsymRm/EXP_span50ms_packC_gen_ampaudit,TimeLearner,ltz_potential_max,0,0,4,0,1,fire_all,per_stim,0,0,csv_n=4,diag,FAIL,4,1,1,1
SelectivityAsymRm,SelectivityAsymRm/EXP_span50ms_packC_preinh,TimeLearner,ltz_potential_max,0,1,4,0,1,fire_all,per_stim,1,0,csv_n=4,orphan,FAIL,4,1,1,1
SelectivityAsymRm,SelectivityAsymRm/EXP_span50ms_packC_preinh_C1e9,TimeLearner,ltz_potential_max,1,1,8,1,8,selective,ok_single,1,1,,covered,PASS,8,1,1,1
SelectivityBranch,SelectivityBranch/EXP_br480_base_recalc,Branch,soma_amp_sum,0,0,8,0,4,selective,per_stim,1,1,,orphan,PASS,8,1,1,1
SelectivityBranch,SelectivityBranch/EXP_br480_diag_midthr,Branch,soma_amp_sum,0,0,8,0,1,fire_all,per_stim,1,1,,orphan,PASS,8,1,1,1
SelectivityBranch,SelectivityBranch/EXP_br480_diag_silent,Branch,soma_amp_sum,0,0,8,0,7,silent,ok_single,0,1,,orphan,PASS,8,1,1,1
SelectivityBranch,SelectivityBranch/EXP_br480_midthr,Branch,soma_amp_sum,0,0,8,0,4,selective,per_stim,1,1,,orphan,PASS,8,1,1,1
SelectivityBranch,SelectivityBranch/EXP_br480_nextseginh_tiprmin,Branch,soma_amp_sum,1,0,8,1,8,selective,ok_single,1,1,,covered,PASS,8,1,1,1
SelectivityBranch,SelectivityBranch/EXP_br480_preinh250_tiprmin,Branch,soma_amp_sum,1,0,8,1,7,selective,ok_single,1,1,,partial,PASS,8,1,1,1
SelectivityBranch,SelectivityBranch/EXP_br480_preinh250_tiprmin_phase10_tipr,Branch,soma_amp_sum,1,0,8,0,5,partial_FA,per_stim,1,1,,fail_probe,PASS,8,1,1,1
SelectivityBranch,SelectivityBranch/EXP_br480_preinh250_tiprmin_phase9_mid,Branch,soma_amp_sum,1,0,8,0,6,miss_target,ok_single,0,1,,fail_probe,PASS,8,1,1,1
SelectivityBranch,SelectivityBranch/EXP_br480_thr_only,Branch,soma_amp_sum,0,0,8,0,4,selective,per_stim,1,1,,orphan,PASS,8,1,1,1
SelectivityBranch,SelectivityBranch/EXP_br480_tiprmin,Branch,soma_amp_sum,1,0,8,1,8,selective,ok_single,1,1,,covered,PASS,8,1,1,1
SelectivityBranch,SelectivityBranch/EXP_br_span100_packA_gen_C1e9,Branch,soma_amp_sum,0,1,8,1,8,selective,ok_single,1,1,,orphan,PASS,8,1,1,1
SelectivityBranch,SelectivityBranch/EXP_br_span100_packA_gen_C1e9.bak_phase12_20260917T085236Z,Branch,soma_amp_sum,0,1,0,0,,,,0,0,no_results_csv,orphan,FAIL,,1,1,1
SelectivityBranch,SelectivityBranch/EXP_br_span100_packA_nextseginh_C1e9,Branch,soma_amp_sum,1,1,8,1,8,selective,ok_single,1,1,,covered,PASS,8,1,1,1
SelectivityBranch,SelectivityBranch/EXP_br_span100_packA_preinh_C1e9,Branch,soma_amp_sum,1,1,8,1,8,selective,ok_single,1,1,,covered,PASS,8,1,1,1
SelectivityBranch,SelectivityBranch/EXP_br_span100_packA_preinh_C1e9.bak_phase12_20260917T013410Z,Branch,soma_amp_sum,1,1,0,0,,,,0,0,no_results_csv,orphan,FAIL,,1,1,1
SelectivityBranch,SelectivityBranch/EXP_br_span100_packB_gen_C1e9,Branch,soma_amp_sum,0,1,8,1,8,selective,ok_single,1,1,,orphan,PASS,8,1,1,1
SelectivityBranch,SelectivityBranch/EXP_br_span100_packB_nextseginh_C1e9,Branch,soma_amp_sum,1,1,8,1,8,selective,ok_single,1,1,,covered,PASS,8,1,1,1
SelectivityBranch,SelectivityBranch/EXP_br_span100_packB_preinh_C1e9,Branch,soma_amp_sum,1,1,8,1,8,selective,ok_single,1,1,,covered,PASS,8,1,1,1
SelectivityBranch,SelectivityBranch/EXP_br_span100_packC_gen_C1e9,Branch,soma_amp_sum,0,1,8,1,8,selective,ok_single,1,1,,orphan,PASS,8,1,1,1
SelectivityBranch,SelectivityBranch/EXP_br_span100_packC_nextseginh_C1e9,Branch,soma_amp_sum,1,1,8,1,8,selective,ok_single,1,1,,covered,PASS,8,1,1,1
SelectivityBranch,SelectivityBranch/EXP_br_span100_packC_preinh_C1e9,Branch,soma_amp_sum,1,1,8,1,8,selective,ok_single,1,1,,covered,PASS,8,1,1,1
SelectivityBranch,SelectivityBranch/EXP_br_span25_packA_gen_C1e9,Branch,soma_amp_sum,1,1,8,1,8,selective,ok_single,1,1,,covered,PASS,8,1,1,1
SelectivityBranch,SelectivityBranch/EXP_br_span25_packA_nextseginh_C1e9,Branch,soma_amp_sum,1,1,8,1,8,selective,ok_single,1,1,,covered,PASS,8,1,1,1
SelectivityBranch,SelectivityBranch/EXP_br_span25_packA_nextseginh_C1e9.bak_phase12_20260917T032112Z,Branch,soma_amp_sum,1,1,0,0,,,,0,0,no_results_csv,orphan,FAIL,,1,1,1
SelectivityBranch,SelectivityBranch/EXP_br_span25_packA_preinh_C1e9,Branch,soma_amp_sum,1,1,8,1,8,selective,ok_single,1,1,,covered,PASS,8,1,1,1
SelectivityBranch,SelectivityBranch/EXP_br_span25_packA_preinh_C1e9.bak_phase12_20260916T213210Z,Branch,soma_amp_sum,1,1,0,0,,,,0,0,no_results_csv,orphan,FAIL,,1,1,1
SelectivityBranch,SelectivityBranch/EXP_br_span25_packB_gen_C1e9,Branch,soma_amp_sum,1,1,8,1,8,selective,ok_single,1,1,,covered,PASS,8,1,1,1
SelectivityBranch,SelectivityBranch/EXP_br_span25_packB_nextseginh_C1e9,Branch,soma_amp_sum,1,1,8,1,8,selective,ok_single,1,1,,covered,PASS,8,1,1,1
SelectivityBranch,SelectivityBranch/EXP_br_span25_packB_preinh_C1e9,Branch,soma_amp_sum,1,1,8,1,8,selective,ok_single,1,1,,covered,PASS,8,1,1,1
SelectivityBranch,SelectivityBranch/EXP_br_span25_packC_gen_C1e9,Branch,soma_amp_sum,1,1,8,1,8,selective,ok_single,1,1,,covered,PASS,8,1,1,1
SelectivityBranch,SelectivityBranch/EXP_br_span25_packC_nextseginh_C1e9,Branch,soma_amp_sum,1,1,8,1,8,selective,ok_single,1,1,,covered,PASS,8,1,1,1
SelectivityBranch,SelectivityBranch/EXP_br_span25_packC_preinh_C1e9,Branch,soma_amp_sum,1,1,8,1,8,selective,ok_single,1,1,,covered,PASS,8,1,1,1
SelectivityBranch,SelectivityBranch/EXP_br_span25_tiprmin,Branch,soma_amp_sum,1,0,8,0,3,partial_FA,mixed,1,1,,orphan,PASS,8,1,1,1
SelectivityBranch,SelectivityBranch/EXP_br_span50_packA_gen_C1e9,Branch,soma_amp_sum,1,1,8,1,8,selective,ok_single,1,1,,covered,PASS,8,1,1,1
SelectivityBranch,SelectivityBranch/EXP_br_span50_packA_gen_C1e9.bak_phase12_20260916T153532Z,Branch,soma_amp_sum,1,1,0,0,,,,0,0,no_results_csv,orphan,FAIL,,1,1,1
SelectivityBranch,SelectivityBranch/EXP_br_span50_packA_nextseginh_C1e9,Branch,soma_amp_sum,1,1,8,1,8,selective,ok_single,1,1,,covered,PASS,8,1,1,1
SelectivityBranch,SelectivityBranch/EXP_br_span50_packA_nextseginh_C1e9.bak_phase12_20260917T062720Z,Branch,soma_amp_sum,1,1,0,0,,,,0,0,no_results_csv,orphan,FAIL,,1,1,1
SelectivityBranch,SelectivityBranch/EXP_br_span50_packA_preinh_C1e9,Branch,soma_amp_sum,1,1,8,1,8,selective,ok_single,1,1,,covered,PASS,8,1,1,1
SelectivityBranch,SelectivityBranch/EXP_br_span50_packA_preinh_C1e9.bak_phase12_20260916T231722Z,Branch,soma_amp_sum,1,1,0,0,,,,0,0,no_results_csv,orphan,FAIL,,1,1,1
SelectivityBranch,SelectivityBranch/EXP_br_span50_packB_gen_C1e9,Branch,soma_amp_sum,1,1,8,1,8,selective,ok_single,1,1,,covered,PASS,8,1,1,1
SelectivityBranch,SelectivityBranch/EXP_br_span50_packB_nextseginh_C1e9,Branch,soma_amp_sum,1,1,8,1,8,selective,ok_single,1,1,,covered,PASS,8,1,1,1
SelectivityBranch,SelectivityBranch/EXP_br_span50_packB_preinh_C1e9,Branch,soma_amp_sum,1,1,8,1,8,selective,ok_single,1,1,,covered,PASS,8,1,1,1
SelectivityBranch,SelectivityBranch/EXP_br_span50_packC_gen_C1e9,Branch,soma_amp_sum,1,1,8,1,8,selective,ok_single,1,1,,covered,PASS,8,1,1,1
SelectivityBranch,SelectivityBranch/EXP_br_span50_packC_nextseginh_C1e9,Branch,soma_amp_sum,1,1,8,1,8,selective,ok_single,1,1,,covered,PASS,8,1,1,1
SelectivityBranch,SelectivityBranch/EXP_br_span50_packC_preinh_C1e9,Branch,soma_amp_sum,1,1,8,1,8,selective,ok_single,1,1,,covered,PASS,8,1,1,1
SelectivityFastResponse,SelectivityFastResponse/EXP00CtrlExp04,TimeLearner,ltz_potential_max,0,0,8,0,1,fire_all,per_stim,0,1,,orphan,PASS,8,1,1,1
SelectivityFastResponse,SelectivityFastResponse/EXPD001C1e9,TimeLearner,ltz_potential_max,0,0,8,0,7,silent,ok_single,0,1,,orphan,PASS,8,1,1,1
SelectivityFastResponse,SelectivityFastResponse/EXPD001C1e9_phase10_tiprmin,TimeLearner,ltz_potential_max,1,0,8,0,7,silent,ok_single,0,1,,fail_probe,PASS,8,1,1,1
SelectivityFastResponse,SelectivityFastResponse/EXPD001C25e11,TimeLearner,ltz_potential_max,0,0,8,0,1,fire_all,per_stim,0,1,,orphan,PASS,8,1,1,1
SelectivityFastResponse,SelectivityFastResponse/EXPD001C5e10,TimeLearner,ltz_potential_max,0,0,8,0,1,fire_all,per_stim,0,1,,orphan,PASS,8,1,1,1
SelectivityFastResponse,SelectivityFastResponse/EXPD002C1e9,TimeLearner,ltz_potential_max,0,0,8,0,7,silent,ok_single,0,1,,orphan,PASS,8,1,1,1
SelectivityFastResponse,SelectivityFastResponse/EXPD002C1e9_phase10_tiprmin,TimeLearner,ltz_potential_max,1,0,8,0,1,fire_all,per_stim,1,1,,fail_probe,PASS,8,1,1,1
SelectivityFastResponse,SelectivityFastResponse/EXPD002C25e11,TimeLearner,ltz_potential_max,0,0,8,0,1,fire_all,mixed,0,1,,orphan,PASS,8,1,1,1
SelectivityFastResponse,SelectivityFastResponse/EXPD002C5e10,TimeLearner,ltz_potential_max,0,0,8,0,1,fire_all,per_stim,0,1,,orphan,PASS,8,1,1,1
SelectivityFastResponse,SelectivityFastResponse/EXPD005C25e11,TimeLearner,ltz_potential_max,0,0,8,0,1,fire_all,per_stim,0,1,,orphan,PASS,8,1,1,1
SelectivityFastResponse,SelectivityFastResponse/EXPD005C5e10,TimeLearner,ltz_potential_max,0,0,8,0,1,fire_all,per_stim,0,1,,orphan,PASS,8,1,1,1
SelectivityFastSpan,SelectivityFastSpan/EXP_span100ms_fast,TimeLearner,ltz_potential_max,0,0,8,0,1,fire_all,per_stim,0,1,,orphan,PASS,8,1,1,1
SelectivityFastSpan,SelectivityFastSpan/EXP_span100ms_fast_C1e9,TimeLearner,ltz_potential_max,1,1,8,1,7,selective,ok_single,1,1,,partial,PASS,8,1,1,1
SelectivityFastSpan,SelectivityFastSpan/EXP_span100ms_fast_preinh,TimeLearner,ltz_potential_max,0,0,8,0,1,fire_all,mixed,0,1,,orphan,PASS,8,1,1,1
SelectivityFastSpan,SelectivityFastSpan/EXP_span100ms_fast_preinh_C1e9,TimeLearner,ltz_potential_max,1,1,8,1,8,selective,ok_single,1,1,,covered,PASS,8,1,1,1
SelectivityFastSpan,SelectivityFastSpan/EXP_span25ms_fast,TimeLearner,ltz_potential_max,0,0,8,0,1,fire_all,per_stim,0,1,,orphan,PASS,8,1,1,1
SelectivityFastSpan,SelectivityFastSpan/EXP_span25ms_fast_C1e9,TimeLearner,ltz_potential_max,1,1,8,1,8,selective,ok_single,1,1,,covered,PASS,8,1,1,1
SelectivityFastSpan,SelectivityFastSpan/EXP_span25ms_fast_preinh,TimeLearner,ltz_potential_max,0,0,8,0,1,fire_all,per_stim,0,1,,orphan,PASS,8,1,1,1
SelectivityFastSpan,SelectivityFastSpan/EXP_span25ms_fast_preinh_C1e9,TimeLearner,ltz_potential_max,1,1,8,1,8,selective,ok_single,1,1,,covered,PASS,8,1,1,1
SelectivityFastSpan,SelectivityFastSpan/EXP_span25ms_fast_preinh_ts10k,TimeLearner,ltz_potential_max,0,0,8,0,7,silent,ok_single,0,1,,orphan,PASS,8,1,1,1
SelectivityFastSpan,SelectivityFastSpan/EXP_span25ms_fast_ts10k,TimeLearner,ltz_potential_max,0,0,8,0,7,silent,ok_single,0,1,,orphan,PASS,8,1,1,1
SelectivityFastSpan,SelectivityFastSpan/EXP_span50ms_fast,TimeLearner,ltz_potential_max,0,0,8,0,1,fire_all,per_stim,0,1,,orphan,PASS,8,1,1,1
SelectivityFastSpan,SelectivityFastSpan/EXP_span50ms_fast_C1e9,TimeLearner,ltz_potential_max,1,1,8,1,5,partial_FA,ok_single,1,1,,partial,PASS,8,1,1,1
SelectivityFastSpan,SelectivityFastSpan/EXP_span50ms_fast_preinh,TimeLearner,ltz_potential_max,0,0,8,0,1,fire_all,per_stim,0,1,,orphan,PASS,8,1,1,1
SelectivityFastSpan,SelectivityFastSpan/EXP_span50ms_fast_preinh_C1e9,TimeLearner,ltz_potential_max,1,1,8,1,8,selective,ok_single,1,1,,covered,PASS,8,1,1,1
SelectivityLtzCalibrate,SelectivityLtzCalibrate/AsymRmLtzCal/EXP_span100ms_packA_gen,TimeLearner,ltz_potential_max,1,1,8,1,8,selective,ok_single,1,1,,covered,PASS,8,1,1,1
SelectivityLtzCalibrate,SelectivityLtzCalibrate/AsymRmLtzCal/EXP_span100ms_packA_preinh,TimeLearner,ltz_potential_max,1,1,8,1,8,selective,ok_single,1,1,,covered,PASS,8,1,1,1
SelectivityLtzCalibrate,SelectivityLtzCalibrate/AsymRmLtzCal/EXP_span25ms_packA_gen,TimeLearner,ltz_potential_max,0,1,8,1,8,selective,ok_single,1,1,,orphan,PASS,8,1,1,1
SelectivityLtzCalibrate,SelectivityLtzCalibrate/AsymRmLtzCal/EXP_span25ms_packA_preinh,TimeLearner,ltz_potential_max,0,1,8,1,8,selective,ok_single,1,1,,orphan,PASS,8,1,1,1
SelectivityLtzCalibrate,SelectivityLtzCalibrate/AsymRmLtzCal/EXP_span50ms_packA_gen,TimeLearner,ltz_potential_max,1,1,8,1,8,selective,ok_single,1,1,,covered,PASS,8,1,1,1
SelectivityLtzCalibrate,SelectivityLtzCalibrate/AsymRmLtzCal/EXP_span50ms_packA_preinh,TimeLearner,ltz_potential_max,1,1,8,1,8,selective,ok_single,1,1,,covered,PASS,8,1,1,1
SelectivityLtzCalibrate,SelectivityLtzCalibrate/AsymRmLtzCalBranch/EXP_branch_span100_packA_gen,Branch,soma_amp_sum,0,0,8,0,7,silent,ok_single,0,1,,stall,PASS,8,1,1,1
SelectivityLtzCalibrate,SelectivityLtzCalibrate/AsymRmLtzCalBranch/EXP_branch_span100_packA_preinh,Branch,soma_amp_sum,0,1,8,0,7,silent,ok_single,0,1,,stall,PASS,8,1,1,1
SelectivityLtzCalibrate,SelectivityLtzCalibrate/AsymRmLtzCalBranch/EXP_branch_span25_packA_gen,Branch,soma_amp_sum,0,0,8,0,7,silent,ok_single,0,1,,stall,PASS,8,1,1,1
SelectivityLtzCalibrate,SelectivityLtzCalibrate/AsymRmLtzCalBranch/EXP_branch_span25_packA_preinh,Branch,soma_amp_sum,0,1,8,0,7,silent,ok_single,0,1,,stall,PASS,8,1,1,1
SelectivityLtzCalibrate,SelectivityLtzCalibrate/AsymRmLtzCalBranch/EXP_branch_span50_packA_gen,Branch,soma_amp_sum,0,0,8,0,7,silent,ok_single,0,1,,stall,PASS,8,1,1,1
SelectivityLtzCalibrate,SelectivityLtzCalibrate/AsymRmLtzCalBranch/EXP_branch_span50_packA_preinh,Branch,soma_amp_sum,0,1,8,0,7,silent,ok_single,0,1,,stall,PASS,8,1,1,1
SelectivityLtzCalibrate,SelectivityLtzCalibrate/BranchFastSpan/EXP_branch_span100_gen,Branch,soma_amp_sum,0,0,8,0,1,fire_all,per_stim,1,1,,orphan,PASS,8,1,1,1
SelectivityLtzCalibrate,SelectivityLtzCalibrate/BranchFastSpan/EXP_branch_span25_gen,Branch,soma_amp_sum,0,0,8,0,1,fire_all,per_stim,1,1,,orphan,PASS,8,1,1,1
SelectivityLtzCalibrate,SelectivityLtzCalibrate/FastSpanLtzCal/EXP_span100ms_gen,TimeLearner,ltz_potential_max,0,0,8,0,1,fire_all,per_stim,0,1,,orphan,PASS,8,1,1,1
SelectivityLtzCalibrate,SelectivityLtzCalibrate/FastSpanLtzCal/EXP_span100ms_preinh25,TimeLearner,ltz_potential_max,0,0,8,0,1,fire_all,per_stim,0,1,,orphan,PASS,8,1,1,1
SelectivityLtzCalibrate,SelectivityLtzCalibrate/FastSpanLtzCal/EXP_span25ms_gen,TimeLearner,ltz_potential_max,0,0,8,0,1,fire_all,per_stim,0,1,,orphan,PASS,8,1,1,1
SelectivityLtzCalibrate,SelectivityLtzCalibrate/FastSpanLtzCal/EXP_span25ms_preinh25,TimeLearner,ltz_potential_max,0,0,8,0,1,fire_all,per_stim,0,1,,orphan,PASS,8,1,1,1
SelectivityLtzCalibrate,SelectivityLtzCalibrate/FastSpanLtzCal/EXP_span50ms_gen,TimeLearner,ltz_potential_max,0,0,8,0,1,fire_all,per_stim,0,1,,orphan,PASS,8,1,1,1
SelectivityLtzCalibrate,SelectivityLtzCalibrate/FastSpanLtzCal/EXP_span50ms_preinh25,TimeLearner,ltz_potential_max,0,0,8,0,1,fire_all,per_stim,0,1,,orphan,PASS,8,1,1,1
SelectivityLtzCalibrate,SelectivityLtzCalibrate/RegressionFull480/EXP_baseline_gen,TimeLearner,ltz_potential_max,0,0,5,0,1,fire_all,per_stim,0,0,csv_n=5,diag,FAIL,5,1,1,1
SelectivityLtzCalibrate,SelectivityLtzCalibrate/RegressionFull480/EXP_baseline_preinh25,TimeLearner,ltz_potential_max,0,0,5,0,1,fire_all,per_stim,0,0,csv_n=5,diag,FAIL,5,1,1,1
SelectivityLtzCalibrate,SelectivityLtzCalibrate/_smoke_sync/EXP00_smoke,TimeLearner,ltz_potential_max,0,0,7,0,4,partial_FA,ok_single,1,0,csv_n=7,diag,FAIL,7,1,1,1
SelectivityLtzCalibrate,SelectivityLtzCalibrate/_smoke_sync/EXP04_smoke,TimeLearner,ltz_potential_max,0,0,7,0,5,selective,ok_single,1,0,csv_n=7,diag,FAIL,7,1,1,1
SelectivityPhaseA,SelectivityPhaseA/EXP00_baseline,TimeLearner,ltz_potential_max,0,0,8,1,4,partial_FA,ok_single,1,1,,orphan,PASS,8,1,1,1
SelectivityPhaseA,SelectivityPhaseA/EXP01_ltz_threshold_sweep,TimeLearner,ltz_potential_max,0,0,8,1,6,selective,ok_single,1,1,,orphan,PASS,8,1,1,1
SelectivityPhaseA,SelectivityPhaseA/EXP02_ltzone_average_mode,TimeLearner,ltz_potential_max,0,0,8,1,4,partial_FA,ok_single,1,1,,orphan,PASS,8,1,1,1
SelectivityPhaseA,SelectivityPhaseA/EXP03_sync_tolerance_015,TimeLearner,ltz_potential_max,0,0,8,0,3,partial_FA,ok_single,1,1,,orphan,PASS,8,1,1,1
SelectivityPhaseA,SelectivityPhaseA/EXP04_sync_tolerance_010,TimeLearner,ltz_potential_max,0,0,8,1,4,partial_FA,ok_single,1,1,,orphan,PASS,8,1,1,1
SelectivityPhaseA,SelectivityPhaseA/EXP05_resistance_gain_025,TimeLearner,ltz_potential_max,0,0,8,1,4,partial_FA,ok_single,1,1,,orphan,PASS,8,1,1,1
SelectivityPhaseA,SelectivityPhaseA/EXP06_ltzone_integration,TimeLearner,ltz_potential_max,0,0,8,1,4,partial_FA,ok_single,1,1,,orphan,PASS,8,1,1,1
SelectivityPhaseA,SelectivityPhaseA/Phase6/EXP_480_gen_baseline,TimeLearner,ltz_potential_max,0,0,8,1,4,partial_FA,ok_single,1,1,,orphan,PASS,8,1,1,1
SelectivityPhaseA,SelectivityPhaseA/Phase6/EXP_480_gen_thr_only,TimeLearner,ltz_potential_max,0,0,8,1,7,selective,ok_single,1,1,,orphan,PASS,8,1,1,1
SelectivityPhaseA,SelectivityPhaseA/Phase6/EXP_480_gen_tiprmin,TimeLearner,ltz_potential_max,1,0,8,1,7,selective,ok_single,1,1,,partial,PASS,8,1,1,1
SelectivityPhaseA,SelectivityPhaseA/Phase6/EXP_480_gen_tiprmin_phase10_done_tipr,TimeLearner,ltz_potential_max,0,0,8,1,7,selective,ok_single,1,1,,fail_probe,PASS,8,1,1,1
SelectivityPhaseA,SelectivityPhaseA/Phase6/EXP_480_gen_tiprmin_phase9_foil6,TimeLearner,ltz_potential_max,1,0,8,1,7,selective,ok_single,1,1,,fail_probe,PASS,8,1,1,1
SelectivityPhaseA,SelectivityPhaseA/Phase6/EXP_480_ltzcal_twin_gen,TimeLearner,ltz_potential_max,1,0,8,1,7,selective,ok_single,1,1,,partial,PASS,8,1,1,1
SelectivityPhaseA,SelectivityPhaseA/Phase6/EXP_480_preinh250_tiprmin,TimeLearner,ltz_potential_max,1,0,8,1,7,selective,ok_single,1,1,,partial,PASS,8,1,1,1
SelectivityPresynapticInhib,SelectivityPresynapticInhib/EXP00_baseline,TimeLearner,ltz_potential_max,0,0,8,1,4,partial_FA,ok_single,1,1,,orphan,PASS,8,1,1,1
SelectivityPresynapticInhib,SelectivityPresynapticInhib/EXP00_baseline_autothr,TimeLearner,ltz_potential_max,0,0,8,1,4,partial_FA,ok_single,1,1,,orphan,PASS,8,1,1,1
SelectivityPresynapticInhib,SelectivityPresynapticInhib/EXP00_baseline_margprops,TimeLearner,ltz_potential_max,0,0,8,1,5,partial_FA,ok_single,1,1,,orphan,PASS,8,1,1,1
SelectivityPresynapticInhib,SelectivityPresynapticInhib/EXP01_preinh_050,TimeLearner,ltz_potential_max,0,0,8,1,4,partial_FA,ok_single,1,1,,orphan,PASS,8,1,1,1
SelectivityPresynapticInhib,SelectivityPresynapticInhib/EXP01_preinh_050_autothr,TimeLearner,ltz_potential_max,0,0,8,0,1,fire_all,per_stim,0,1,,orphan,PASS,8,1,1,1
SelectivityPresynapticInhib,SelectivityPresynapticInhib/EXP02_preinh_100,TimeLearner,ltz_potential_max,0,0,8,1,4,partial_FA,ok_single,1,1,,orphan,PASS,8,1,1,1
SelectivityPresynapticInhib,SelectivityPresynapticInhib/EXP02_preinh_100_autothr,TimeLearner,ltz_potential_max,0,0,8,0,1,fire_all,per_stim,0,1,,orphan,PASS,8,1,1,1
SelectivityPresynapticInhib,SelectivityPresynapticInhib/EXP02_preinh_100_gui_autothr,TimeLearner,ltz_potential_max,0,0,8,0,1,fire_all,per_stim,1,1,,orphan,PASS,8,1,1,1
SelectivityPresynapticInhib,SelectivityPresynapticInhib/EXP03_preinh_200,TimeLearner,ltz_potential_max,0,0,8,1,5,partial_FA,ok_single,1,1,,orphan,PASS,8,1,1,1
SelectivityPresynapticInhib,SelectivityPresynapticInhib/EXP03_preinh_200_autothr,TimeLearner,ltz_potential_max,0,0,8,0,1,fire_all,per_stim,0,1,,orphan,PASS,8,1,1,1
SelectivityPresynapticInhib,SelectivityPresynapticInhib/EXP04_preinh_250,TimeLearner,ltz_potential_max,0,0,8,1,6,selective,ok_single,1,1,,orphan,PASS,8,1,1,1
SelectivityPresynapticInhib,SelectivityPresynapticInhib/EXP04_preinh_250_margprops,TimeLearner,ltz_potential_max,0,0,8,1,6,selective,ok_single,1,1,,orphan,PASS,8,1,1,1
SelectivityPresynapticInhib,SelectivityPresynapticInhib/EXP04_preinh_250_recheck,TimeLearner,ltz_potential_max,0,0,8,1,6,selective,ok_single,1,1,,orphan,PASS,8,1,1,1
SelectivityPresynapticInhib,SelectivityPresynapticInhib/EXP05_preinh_300,TimeLearner,ltz_potential_max,0,0,8,1,5,partial_FA,ok_single,1,1,,orphan,PASS,8,1,1,1
SelectivityPresynapticInhib,SelectivityPresynapticInhib/EXP06_preinh_400,TimeLearner,ltz_potential_max,0,0,8,1,5,partial_FA,ok_single,1,1,,orphan,PASS,8,1,1,1
SelectivityPresynapticInhib,SelectivityPresynapticInhib/EXP07_preinh_500,TimeLearner,ltz_potential_max,0,0,8,1,5,partial_FA,ok_single,1,1,,orphan,PASS,8,1,1,1
SelectivityPresynapticInhib,SelectivityPresynapticInhib/EXP08_preinh_600,TimeLearner,ltz_potential_max,0,0,8,1,5,partial_FA,ok_single,1,1,,orphan,PASS,8,1,1,1
SelectivityPresynapticInhib,SelectivityPresynapticInhib/EXP09_preinh_1000,TimeLearner,ltz_potential_max,0,0,8,1,5,partial_FA,ok_single,1,1,,orphan,PASS,8,1,1,1
SelectivityPresynapticInhib,SelectivityPresynapticInhib/EXP10_preinh_180,TimeLearner,ltz_potential_max,0,0,8,1,5,partial_FA,ok_single,1,1,,orphan,PASS,8,1,1,1
SelectivityPresynapticInhib,SelectivityPresynapticInhib/EXP11_preinh_210,TimeLearner,ltz_potential_max,0,0,8,1,6,selective,ok_single,1,1,,orphan,PASS,8,1,1,1
SelectivityPresynapticInhib,SelectivityPresynapticInhib/EXP12_preinh_220,TimeLearner,ltz_potential_max,0,0,8,1,6,selective,ok_single,1,1,,orphan,PASS,8,1,1,1
SelectivityPresynapticInhib,SelectivityPresynapticInhib/EXP13_preinh_240,TimeLearner,ltz_potential_max,0,0,8,1,5,partial_FA,ok_single,1,1,,orphan,PASS,8,1,1,1
SelectivityPresynapticInhib,SelectivityPresynapticInhib/EXP14_preinh_260,TimeLearner,ltz_potential_max,0,0,8,1,6,selective,ok_single,1,1,,orphan,PASS,8,1,1,1
SelectivityPresynapticInhib,SelectivityPresynapticInhib/EXP15_preinh_270,TimeLearner,ltz_potential_max,0,0,8,1,5,partial_FA,ok_single,1,1,,orphan,PASS,8,1,1,1
SelectivityPresynapticInhib,SelectivityPresynapticInhib/EXP20_span100ms_baseline,TimeLearner,ltz_potential_max,0,0,8,0,2,partial_FA,ok_single,1,1,,orphan,PASS,8,1,1,1
SelectivityPresynapticInhib,SelectivityPresynapticInhib/EXP21_span100ms_preinh250,TimeLearner,ltz_potential_max,0,0,8,1,5,partial_FA,ok_single,1,1,,orphan,PASS,8,1,1,1
SelectivityPresynapticInhib,SelectivityPresynapticInhib/EXP22_span50ms_baseline,TimeLearner,ltz_potential_max,0,0,8,0,1,fire_all,ok_single,1,1,,orphan,PASS,8,1,1,1
SelectivityPresynapticInhib,SelectivityPresynapticInhib/EXP23_span50ms_preinh250,TimeLearner,ltz_potential_max,0,0,8,0,3,partial_FA,ok_single,1,1,,orphan,PASS,8,1,1,1
SelectivityPresynapticInhib,SelectivityPresynapticInhib/EXP24_span25ms_baseline,TimeLearner,ltz_potential_max,0,0,8,0,3,partial_FA,ok_single,1,1,,orphan,PASS,8,1,1,1
SelectivityPresynapticInhib,SelectivityPresynapticInhib/EXP25_span25ms_preinh250,TimeLearner,ltz_potential_max,0,0,8,0,1,fire_all,ok_single,1,1,,orphan,PASS,8,1,1,1
SelectivityPresynapticInhib,SelectivityPresynapticInhib/EXP26_span10ms_baseline,TimeLearner,ltz_potential_max,0,0,8,0,1,fire_all,ok_single,1,1,,orphan,PASS,8,1,1,1
SelectivityPresynapticInhib,SelectivityPresynapticInhib/EXP27_span10ms_preinh250,TimeLearner,ltz_potential_max,0,0,8,0,1,fire_all,ok_single,1,1,,orphan,PASS,8,1,1,1
SelectivityPresynapticInhib,SelectivityPresynapticInhib/EXP30_span200ms_baseline,TimeLearner,ltz_potential_max,0,0,8,0,3,partial_FA,ok_single,1,1,,orphan,PASS,8,1,1,1
SelectivityPresynapticInhib,SelectivityPresynapticInhib/EXP31_span200ms_preinh250,TimeLearner,ltz_potential_max,0,0,8,1,5,partial_FA,ok_single,1,1,,orphan,PASS,8,1,1,1
SelectivityPresynapticInhib,SelectivityPresynapticInhib/EXP32_span300ms_baseline,TimeLearner,ltz_potential_max,0,0,8,1,4,partial_FA,ok_single,1,1,,orphan,PASS,8,1,1,1
SelectivityPresynapticInhib,SelectivityPresynapticInhib/EXP33_span300ms_preinh250,TimeLearner,ltz_potential_max,0,0,8,1,4,partial_FA,ok_single,1,1,,orphan,PASS,8,1,1,1
SelectivityPresynapticInhib,SelectivityPresynapticInhib/EXP34_span400ms_baseline,TimeLearner,ltz_potential_max,0,0,8,1,4,partial_FA,ok_single,1,1,,orphan,PASS,8,1,1,1
SelectivityPresynapticInhib,SelectivityPresynapticInhib/EXP35_span400ms_preinh250,TimeLearner,ltz_potential_max,0,0,8,1,5,partial_FA,ok_single,1,1,,orphan,PASS,8,1,1,1
SelectivityPresynapticInhib,SelectivityPresynapticInhib/EXP_span100ms_preinh250_C1e9,TimeLearner,ltz_potential_max,1,0,8,1,6,selective,ok_single,1,1,,partial,PASS,8,1,1,1
SelectivityPresynapticInhib,SelectivityPresynapticInhib/EXP_span25ms_preinh250_C1e9,TimeLearner,ltz_potential_max,1,0,8,1,5,partial_FA,ok_single,1,1,,partial,PASS,8,1,1,1
SelectivityPresynapticInhib,SelectivityPresynapticInhib/EXP_span50ms_preinh250_C1e9,TimeLearner,ltz_potential_max,1,0,8,1,4,partial_FA,ok_single,1,1,,partial,PASS,8,1,1,1
TimeNeuronTimeLearner,TimeNeuronTimeLearner,TimeLearner,ltz_potential_max,0,0,8,1,4,partial_FA,ok_single,1,1,,orphan,PASS,8,1,1,1
TimeNeuronTimeLearnerBranch,TimeNeuronTimeLearnerBranch,Branch,soma_amp_sum,0,0,8,0,4,selective,per_stim,1,1,,legacy_demoted,PASS,8,1,1,1
TimeNeuronTimeLearnerBranch_NextSegInh,TimeNeuronTimeLearnerBranch_NextSegInh,Branch,soma_amp_sum,0,0,8,0,3,selective,per_stim,1,1,,legacy_demoted,PASS,8,1,1,1
TimeNeuronTimeLearnerBranch_PreInh250,TimeNeuronTimeLearnerBranch_PreInh250,Branch,soma_amp_sum,0,0,8,0,4,selective,per_stim,1,1,,legacy_demoted,PASS,8,1,1,1
