exp,n,ok_legacy,ok_strict,ok_audit,acc_legacy,acc_strict,fire_all_legacy,fire_all_strict,late_fp,late_fn,response_quality,n_burst,n_per_stim,max_spikes,mode_legacy,csv
SelectivityBranch/EXP_br_span25_packA_gen_C1e9/Test,8,1,1,1,8,8,0,0,0,0,ok_single,0,0,0,selective,SelectivityBranch/EXP_br_span25_packA_gen_C1e9/Test/SelectivityLog/results.csv
SelectivityBranch/EXP_br_span50_packA_gen_C1e9/Test,8,1,1,1,8,8,0,0,0,0,ok_single,0,0,0,selective,SelectivityBranch/EXP_br_span50_packA_gen_C1e9/Test/SelectivityLog/results.csv
SelectivityBranch/EXP_br_span100_packA_gen_C1e9/Test,8,1,1,1,8,8,0,0,0,0,ok_single,0,0,0,selective,SelectivityBranch/EXP_br_span100_packA_gen_C1e9/Test/SelectivityLog/results.csv
SelectivityBranch/EXP_br_span25_packA_preinh_C1e9/Test,8,1,1,1,8,8,0,0,0,0,ok_single,0,0,0,selective,SelectivityBranch/EXP_br_span25_packA_preinh_C1e9/Test/SelectivityLog/results.csv
SelectivityBranch/EXP_br_span50_packA_preinh_C1e9/Test,8,1,1,1,8,8,0,0,0,0,ok_single,0,0,0,selective,SelectivityBranch/EXP_br_span50_packA_preinh_C1e9/Test/SelectivityLog/results.csv
SelectivityBranch/EXP_br_span100_packA_preinh_C1e9/Test,8,1,1,1,8,8,0,0,0,0,ok_single,0,0,0,selective,SelectivityBranch/EXP_br_span100_packA_preinh_C1e9/Test/SelectivityLog/results.csv
SelectivityBranch/EXP_br_span25_packA_nextseginh_C1e9/Test,8,1,1,1,8,8,0,0,0,0,ok_single,0,0,0,selective,SelectivityBranch/EXP_br_span25_packA_nextseginh_C1e9/Test/SelectivityLog/results.csv
SelectivityBranch/EXP_br_span50_packA_nextseginh_C1e9/Test,8,1,1,1,8,8,0,0,0,0,ok_single,0,0,0,selective,SelectivityBranch/EXP_br_span50_packA_nextseginh_C1e9/Test/SelectivityLog/results.csv
SelectivityBranch/EXP_br_span100_packA_nextseginh_C1e9/Test,8,1,1,1,8,8,0,0,0,0,ok_single,0,0,0,selective,SelectivityBranch/EXP_br_span100_packA_nextseginh_C1e9/Test/SelectivityLog/results.csv
SelectivityBranch/EXP_br_span25_packB_gen_C1e9/Test,8,1,1,1,8,8,0,0,0,0,ok_single,0,0,0,selective,SelectivityBranch/EXP_br_span25_packB_gen_C1e9/Test/SelectivityLog/results.csv
SelectivityBranch/EXP_br_span25_packB_preinh_C1e9/Test,8,1,1,1,8,8,0,0,0,0,ok_single,0,0,0,selective,SelectivityBranch/EXP_br_span25_packB_preinh_C1e9/Test/SelectivityLog/results.csv
SelectivityBranch/EXP_br_span50_packB_gen_C1e9/Test,8,1,1,1,8,8,0,0,0,0,ok_single,0,0,0,selective,SelectivityBranch/EXP_br_span50_packB_gen_C1e9/Test/SelectivityLog/results.csv
SelectivityBranch/EXP_br_span50_packB_preinh_C1e9/Test,8,1,1,1,8,8,0,0,0,0,ok_single,0,0,0,selective,SelectivityBranch/EXP_br_span50_packB_preinh_C1e9/Test/SelectivityLog/results.csv
SelectivityBranch/EXP_br_span100_packB_gen_C1e9/Test,8,1,1,1,8,8,0,0,0,0,ok_single,0,0,0,selective,SelectivityBranch/EXP_br_span100_packB_gen_C1e9/Test/SelectivityLog/results.csv
SelectivityBranch/EXP_br_span100_packB_preinh_C1e9/Test,8,1,1,1,8,8,0,0,0,0,ok_single,0,0,0,selective,SelectivityBranch/EXP_br_span100_packB_preinh_C1e9/Test/SelectivityLog/results.csv
SelectivityBranch/EXP_br_span25_packC_gen_C1e9/Test,8,1,1,1,8,8,0,0,0,0,ok_single,0,0,0,selective,SelectivityBranch/EXP_br_span25_packC_gen_C1e9/Test/SelectivityLog/results.csv
SelectivityBranch/EXP_br_span25_packC_preinh_C1e9/Test,8,1,1,1,8,8,0,0,0,0,ok_single,0,0,0,selective,SelectivityBranch/EXP_br_span25_packC_preinh_C1e9/Test/SelectivityLog/results.csv
SelectivityBranch/EXP_br_span50_packC_gen_C1e9/Test,8,1,1,1,8,8,0,0,0,0,ok_single,0,0,0,selective,SelectivityBranch/EXP_br_span50_packC_gen_C1e9/Test/SelectivityLog/results.csv
SelectivityBranch/EXP_br_span50_packC_preinh_C1e9/Test,8,1,1,1,8,8,0,0,0,0,ok_single,0,0,0,selective,SelectivityBranch/EXP_br_span50_packC_preinh_C1e9/Test/SelectivityLog/results.csv
SelectivityBranch/EXP_br_span100_packC_gen_C1e9/Test,8,1,1,1,8,8,0,0,0,0,ok_single,0,0,0,selective,SelectivityBranch/EXP_br_span100_packC_gen_C1e9/Test/SelectivityLog/results.csv
SelectivityBranch/EXP_br_span100_packC_preinh_C1e9/Test,8,1,1,1,8,8,0,0,0,0,ok_single,0,0,0,selective,SelectivityBranch/EXP_br_span100_packC_preinh_C1e9/Test/SelectivityLog/results.csv
SelectivityBranch/EXP_br_span25_packB_nextseginh_C1e9/Test,8,1,1,1,8,8,0,0,0,0,ok_single,0,0,0,selective,SelectivityBranch/EXP_br_span25_packB_nextseginh_C1e9/Test/SelectivityLog/results.csv
SelectivityBranch/EXP_br_span50_packB_nextseginh_C1e9/Test,8,1,1,1,8,8,0,0,0,0,ok_single,0,0,0,selective,SelectivityBranch/EXP_br_span50_packB_nextseginh_C1e9/Test/SelectivityLog/results.csv
SelectivityBranch/EXP_br_span100_packB_nextseginh_C1e9/Test,8,1,1,1,8,8,0,0,0,0,ok_single,0,0,0,selective,SelectivityBranch/EXP_br_span100_packB_nextseginh_C1e9/Test/SelectivityLog/results.csv
SelectivityBranch/EXP_br_span25_packC_nextseginh_C1e9/Test,8,1,1,1,8,8,0,0,0,0,ok_single,0,0,0,selective,SelectivityBranch/EXP_br_span25_packC_nextseginh_C1e9/Test/SelectivityLog/results.csv
SelectivityBranch/EXP_br_span50_packC_nextseginh_C1e9/Test,8,1,1,1,8,8,0,0,0,0,ok_single,0,0,0,selective,SelectivityBranch/EXP_br_span50_packC_nextseginh_C1e9/Test/SelectivityLog/results.csv
SelectivityBranch/EXP_br_span100_packC_nextseginh_C1e9/Test,8,1,1,1,8,8,0,0,0,0,ok_single,0,0,0,selective,SelectivityBranch/EXP_br_span100_packC_nextseginh_C1e9/Test/SelectivityLog/results.csv
SelectivityBranch/EXP_br480_tiprmin/Test,8,1,1,1,8,8,0,0,0,0,ok_single,0,0,0,selective,SelectivityBranch/EXP_br480_tiprmin/Test/SelectivityLog/results.csv
SelectivityBranch/EXP_br480_nextseginh_tiprmin/Test,8,1,1,1,8,8,0,0,0,0,ok_single,0,0,0,selective,SelectivityBranch/EXP_br480_nextseginh_tiprmin/Test/SelectivityLog/results.csv
SelectivityBranch/EXP_br480_preinh250_tiprmin/Test,8,1,1,0,7,7,0,0,0,0,ok_single,0,0,0,selective,SelectivityBranch/EXP_br480_preinh250_tiprmin/Test/SelectivityLog/results.csv
SelectivityAsymRm/EXP_span25ms_packA_gen/Test,8,1,1,1,8,8,0,0,0,0,ok_single,0,0,0,selective,SelectivityAsymRm/EXP_span25ms_packA_gen/Test/SelectivityLog/results.csv
SelectivityAsymRm/EXP_span50ms_packA_gen/Test,8,1,1,1,8,8,0,0,0,0,ok_single,0,0,0,selective,SelectivityAsymRm/EXP_span50ms_packA_gen/Test/SelectivityLog/results.csv
SelectivityAsymRm/EXP_span25ms_packA_preinh/Test,8,1,1,1,8,8,0,0,0,0,ok_single,0,0,0,selective,SelectivityAsymRm/EXP_span25ms_packA_preinh/Test/SelectivityLog/results.csv
SelectivityAsymRm/EXP_span25ms_packB_gen/Test,8,1,1,1,8,8,0,0,0,0,ok_single,0,0,0,selective,SelectivityAsymRm/EXP_span25ms_packB_gen/Test/SelectivityLog/results.csv
SelectivityAsymRm/EXP_span25ms_packC_gen/Test,8,1,1,1,8,8,0,0,0,0,ok_single,0,0,0,selective,SelectivityAsymRm/EXP_span25ms_packC_gen/Test/SelectivityLog/results.csv
SelectivityAsymRm/EXP_span25ms_packB_preinh_C1e9/Test,8,1,1,1,8,8,0,0,0,0,ok_single,0,0,0,selective,SelectivityAsymRm/EXP_span25ms_packB_preinh_C1e9/Test/SelectivityLog/results.csv
SelectivityAsymRm/EXP_span25ms_packC_preinh_C1e9/Test,8,1,1,1,8,8,0,0,0,0,ok_single,0,0,0,selective,SelectivityAsymRm/EXP_span25ms_packC_preinh_C1e9/Test/SelectivityLog/results.csv
SelectivityAsymRm/EXP_span50ms_packA_preinh/Test,8,1,1,1,8,8,0,0,0,0,ok_single,0,0,0,selective,SelectivityAsymRm/EXP_span50ms_packA_preinh/Test/SelectivityLog/results.csv
SelectivityAsymRm/EXP_span50ms_packB_gen/Test,8,1,1,1,8,8,0,0,0,0,ok_single,0,0,0,selective,SelectivityAsymRm/EXP_span50ms_packB_gen/Test/SelectivityLog/results.csv
SelectivityAsymRm/EXP_span50ms_packC_gen/Test,8,1,1,1,8,8,0,0,0,0,ok_single,0,0,0,selective,SelectivityAsymRm/EXP_span50ms_packC_gen/Test/SelectivityLog/results.csv
SelectivityAsymRm/EXP_span50ms_packB_preinh_C1e9/Test,8,1,1,1,8,8,0,0,0,0,ok_single,0,0,0,selective,SelectivityAsymRm/EXP_span50ms_packB_preinh_C1e9/Test/SelectivityLog/results.csv
SelectivityAsymRm/EXP_span50ms_packC_preinh_C1e9/Test,8,1,1,1,8,8,0,0,0,0,ok_single,0,0,0,selective,SelectivityAsymRm/EXP_span50ms_packC_preinh_C1e9/Test/SelectivityLog/results.csv
SelectivityAsymRm/EXP_span100ms_packA_gen/Test,8,1,1,1,8,8,0,0,0,0,ok_single,0,0,0,selective,SelectivityAsymRm/EXP_span100ms_packA_gen/Test/SelectivityLog/results.csv
SelectivityAsymRm/EXP_span100ms_packA_preinh/Test,8,1,1,1,8,8,0,0,0,0,ok_single,0,0,0,selective,SelectivityAsymRm/EXP_span100ms_packA_preinh/Test/SelectivityLog/results.csv
SelectivityAsymRm/EXP_span100ms_packB_gen/Test,8,1,1,1,8,8,0,0,0,0,ok_single,0,0,0,selective,SelectivityAsymRm/EXP_span100ms_packB_gen/Test/SelectivityLog/results.csv
SelectivityAsymRm/EXP_span100ms_packC_gen/Test,8,1,1,1,8,8,0,0,0,0,ok_single,0,0,0,selective,SelectivityAsymRm/EXP_span100ms_packC_gen/Test/SelectivityLog/results.csv
SelectivityAsymRm/EXP_span100ms_packB_preinh_C1e9/Test,8,1,1,1,8,8,0,0,0,0,ok_single,0,0,0,selective,SelectivityAsymRm/EXP_span100ms_packB_preinh_C1e9/Test/SelectivityLog/results.csv
SelectivityAsymRm/EXP_span100ms_packC_preinh_C1e9/Test,8,1,1,1,8,8,0,0,0,0,ok_single,0,0,0,selective,SelectivityAsymRm/EXP_span100ms_packC_preinh_C1e9/Test/SelectivityLog/results.csv
SelectivityLtzCalibrate/AsymRmLtzCal/EXP_span25ms_packA_gen/Test,8,1,1,1,8,8,0,0,0,0,ok_single,0,0,0,selective,SelectivityLtzCalibrate/AsymRmLtzCal/EXP_span25ms_packA_gen/Test/SelectivityLog/results.csv
SelectivityLtzCalibrate/AsymRmLtzCal/EXP_span25ms_packA_preinh/Test,8,1,1,1,8,8,0,0,0,0,ok_single,0,0,0,selective,SelectivityLtzCalibrate/AsymRmLtzCal/EXP_span25ms_packA_preinh/Test/SelectivityLog/results.csv
SelectivityLtzCalibrate/AsymRmLtzCal/EXP_span50ms_packA_gen/Test,8,1,1,1,8,8,0,0,0,0,ok_single,0,0,0,selective,SelectivityLtzCalibrate/AsymRmLtzCal/EXP_span50ms_packA_gen/Test/SelectivityLog/results.csv
SelectivityLtzCalibrate/AsymRmLtzCal/EXP_span50ms_packA_preinh/Test,8,1,1,1,8,8,0,0,0,0,ok_single,0,0,0,selective,SelectivityLtzCalibrate/AsymRmLtzCal/EXP_span50ms_packA_preinh/Test/SelectivityLog/results.csv
SelectivityLtzCalibrate/AsymRmLtzCal/EXP_span100ms_packA_gen/Test,8,1,1,1,8,8,0,0,0,0,ok_single,0,0,0,selective,SelectivityLtzCalibrate/AsymRmLtzCal/EXP_span100ms_packA_gen/Test/SelectivityLog/results.csv
SelectivityLtzCalibrate/AsymRmLtzCal/EXP_span100ms_packA_preinh/Test,8,1,1,1,8,8,0,0,0,0,ok_single,0,0,0,selective,SelectivityLtzCalibrate/AsymRmLtzCal/EXP_span100ms_packA_preinh/Test/SelectivityLog/results.csv
SelectivityPhaseA/Phase6/EXP_480_gen_tiprmin/Test,8,1,1,0,7,7,0,0,0,0,ok_single,0,0,0,selective,SelectivityPhaseA/Phase6/EXP_480_gen_tiprmin/Test/SelectivityLog/results.csv
SelectivityPhaseA/Phase6/EXP_480_gen_thr_only/Test,8,1,1,0,7,7,0,0,0,0,ok_single,0,0,0,selective,SelectivityPhaseA/Phase6/EXP_480_gen_thr_only/Test/SelectivityLog/results.csv
SelectivityPhaseA/Phase6/EXP_480_preinh250_tiprmin/Test,8,1,1,0,7,7,0,0,0,0,ok_single,0,0,0,selective,SelectivityPhaseA/Phase6/EXP_480_preinh250_tiprmin/Test/SelectivityLog/results.csv
SelectivityPhaseA/Phase6/EXP_480_ltzcal_twin_gen/Test,8,0,0,0,2,1,0,1,0,0,mixed,0,0,0,partial_FA,SelectivityPhaseA/Phase6/EXP_480_ltzcal_twin_gen/Test/SelectivityLog/results.csv
SelectivityFastSpan/EXP_span25ms_fast_C1e9/Test,8,1,1,1,8,8,0,0,0,0,ok_single,0,0,0,selective,SelectivityFastSpan/EXP_span25ms_fast_C1e9/Test/SelectivityLog/results.csv
SelectivityFastSpan/EXP_span25ms_fast_preinh_C1e9/Test,8,1,1,1,8,8,0,0,0,0,ok_single,0,0,0,selective,SelectivityFastSpan/EXP_span25ms_fast_preinh_C1e9/Test/SelectivityLog/results.csv
SelectivityFastSpan/EXP_span50ms_fast_preinh_C1e9/Test,8,1,1,1,8,8,0,0,0,0,ok_single,0,0,0,selective,SelectivityFastSpan/EXP_span50ms_fast_preinh_C1e9/Test/SelectivityLog/results.csv
SelectivityFastSpan/EXP_span100ms_fast_C1e9/Test,8,1,1,0,7,7,0,0,0,0,ok_single,0,0,0,selective,SelectivityFastSpan/EXP_span100ms_fast_C1e9/Test/SelectivityLog/results.csv
SelectivityFastSpan/EXP_span100ms_fast_preinh_C1e9/Test,8,1,1,1,8,8,0,0,0,0,ok_single,0,0,0,selective,SelectivityFastSpan/EXP_span100ms_fast_preinh_C1e9/Test/SelectivityLog/results.csv
SelectivityPhaseA/EXP00_baseline/Test,8,1,1,0,4,4,0,0,0,0,ok_single,0,0,0,partial_FA,SelectivityPhaseA/EXP00_baseline/Test/SelectivityLog/results.csv
SelectivityPhaseA/EXP01_ltz_threshold_sweep/Test,8,1,1,0,6,6,0,0,0,0,ok_single,0,0,0,selective,SelectivityPhaseA/EXP01_ltz_threshold_sweep/Test/SelectivityLog/results.csv
SelectivityPhaseA/EXP02_ltzone_average_mode/Test,8,1,1,0,4,4,0,0,0,0,ok_single,0,0,0,partial_FA,SelectivityPhaseA/EXP02_ltzone_average_mode/Test/SelectivityLog/results.csv
SelectivityPhaseA/EXP06_ltzone_integration/Test,8,1,1,0,4,4,0,0,0,0,ok_single,0,0,0,partial_FA,SelectivityPhaseA/EXP06_ltzone_integration/Test/SelectivityLog/results.csv
TimeNeuronTimeLearner/Test,8,1,1,0,4,4,0,0,0,0,ok_single,0,0,0,partial_FA,TimeNeuronTimeLearner/Test/SelectivityLog/results.csv
SelectivityPresynapticInhib/EXP01_preinh_050/Test,8,1,1,0,4,4,0,0,0,0,ok_single,0,0,0,partial_FA,SelectivityPresynapticInhib/EXP01_preinh_050/Test/SelectivityLog/results.csv
SelectivityPresynapticInhib/EXP14_preinh_260/Test,8,1,1,0,6,6,0,0,0,0,ok_single,0,0,0,selective,SelectivityPresynapticInhib/EXP14_preinh_260/Test/SelectivityLog/results.csv
SelectivityPresynapticInhib/EXP15_preinh_270/Test,8,1,1,0,5,5,0,0,0,0,ok_single,0,0,0,partial_FA,SelectivityPresynapticInhib/EXP15_preinh_270/Test/SelectivityLog/results.csv
SelectivityPresynapticInhib/EXP21_span100ms_preinh250/Test,8,1,1,0,5,5,0,0,0,0,ok_single,0,0,0,partial_FA,SelectivityPresynapticInhib/EXP21_span100ms_preinh250/Test/SelectivityLog/results.csv
SelectivityPresynapticInhib/EXP31_span200ms_preinh250/Test,8,1,1,0,5,5,0,0,0,0,ok_single,0,0,0,partial_FA,SelectivityPresynapticInhib/EXP31_span200ms_preinh250/Test/SelectivityLog/results.csv
SelectivityPresynapticInhib/EXP32_span300ms_baseline/Test,8,1,1,0,4,4,0,0,0,0,ok_single,0,0,0,partial_FA,SelectivityPresynapticInhib/EXP32_span300ms_baseline/Test/SelectivityLog/results.csv
SelectivityPresynapticInhib/EXP33_span300ms_preinh250/Test,8,1,1,0,4,4,0,0,0,0,ok_single,0,0,0,partial_FA,SelectivityPresynapticInhib/EXP33_span300ms_preinh250/Test/SelectivityLog/results.csv
SelectivityPresynapticInhib/EXP34_span400ms_baseline/Test,8,1,1,0,4,4,0,0,0,0,ok_single,0,0,0,partial_FA,SelectivityPresynapticInhib/EXP34_span400ms_baseline/Test/SelectivityLog/results.csv
SelectivityPresynapticInhib/EXP35_span400ms_preinh250/Test,8,1,1,0,5,5,0,0,0,0,ok_single,0,0,0,partial_FA,SelectivityPresynapticInhib/EXP35_span400ms_preinh250/Test/SelectivityLog/results.csv
SelectivityFastSpan/EXP_span50ms_fast_C1e9/Test,8,1,1,0,5,5,0,0,0,0,ok_single,0,0,0,partial_FA,SelectivityFastSpan/EXP_span50ms_fast_C1e9/Test/SelectivityLog/results.csv
SelectivityPhaseA/EXP04_sync_tolerance_010/Test,8,1,1,0,4,4,0,0,0,0,ok_single,0,0,0,partial_FA,SelectivityPhaseA/EXP04_sync_tolerance_010/Test/SelectivityLog/results.csv
SelectivityPhaseA/EXP05_resistance_gain_025/Test,8,1,1,0,4,4,0,0,0,0,ok_single,0,0,0,partial_FA,SelectivityPhaseA/EXP05_resistance_gain_025/Test/SelectivityLog/results.csv
SelectivityPhaseA/Phase6/EXP_480_gen_baseline/Test,8,1,1,0,4,4,0,0,0,0,ok_single,0,0,0,partial_FA,SelectivityPhaseA/Phase6/EXP_480_gen_baseline/Test/SelectivityLog/results.csv
SelectivityPhaseA/Phase6/EXP_480_gen_tiprmin_phase10_done_tipr/Test,8,1,1,0,7,7,0,0,0,0,ok_single,0,0,0,selective,SelectivityPhaseA/Phase6/EXP_480_gen_tiprmin_phase10_done_tipr/Test/SelectivityLog/results.csv
SelectivityPhaseA/Phase6/EXP_480_gen_tiprmin_phase9_foil6/Test,8,1,1,0,7,7,0,0,0,0,ok_single,0,0,0,selective,SelectivityPhaseA/Phase6/EXP_480_gen_tiprmin_phase9_foil6/Test/SelectivityLog/results.csv
SelectivityPresynapticInhib/EXP00_baseline/Test,8,1,1,0,4,4,0,0,0,0,ok_single,0,0,0,partial_FA,SelectivityPresynapticInhib/EXP00_baseline/Test/SelectivityLog/results.csv
SelectivityPresynapticInhib/EXP00_baseline_autothr/Test,8,1,1,0,4,4,0,0,0,0,ok_single,0,0,0,partial_FA,SelectivityPresynapticInhib/EXP00_baseline_autothr/Test/SelectivityLog/results.csv
SelectivityPresynapticInhib/EXP00_baseline_margprops/Test,8,1,1,0,5,5,0,0,0,0,ok_single,0,0,0,partial_FA,SelectivityPresynapticInhib/EXP00_baseline_margprops/Test/SelectivityLog/results.csv
SelectivityPresynapticInhib/EXP02_preinh_100/Test,8,1,1,0,4,4,0,0,0,0,ok_single,0,0,0,partial_FA,SelectivityPresynapticInhib/EXP02_preinh_100/Test/SelectivityLog/results.csv
SelectivityPresynapticInhib/EXP03_preinh_200/Test,8,1,1,0,5,5,0,0,0,0,ok_single,0,0,0,partial_FA,SelectivityPresynapticInhib/EXP03_preinh_200/Test/SelectivityLog/results.csv
SelectivityPresynapticInhib/EXP04_preinh_250/Test,8,1,1,0,6,6,0,0,0,0,ok_single,0,0,0,selective,SelectivityPresynapticInhib/EXP04_preinh_250/Test/SelectivityLog/results.csv
SelectivityPresynapticInhib/EXP04_preinh_250_margprops/Test,8,1,1,0,6,6,0,0,0,0,ok_single,0,0,0,selective,SelectivityPresynapticInhib/EXP04_preinh_250_margprops/Test/SelectivityLog/results.csv
SelectivityPresynapticInhib/EXP04_preinh_250_recheck/Test,8,1,1,0,6,6,0,0,0,0,ok_single,0,0,0,selective,SelectivityPresynapticInhib/EXP04_preinh_250_recheck/Test/SelectivityLog/results.csv
SelectivityPresynapticInhib/EXP05_preinh_300/Test,8,1,1,0,5,5,0,0,0,0,ok_single,0,0,0,partial_FA,SelectivityPresynapticInhib/EXP05_preinh_300/Test/SelectivityLog/results.csv
SelectivityPresynapticInhib/EXP06_preinh_400/Test,8,1,1,0,5,5,0,0,0,0,ok_single,0,0,0,partial_FA,SelectivityPresynapticInhib/EXP06_preinh_400/Test/SelectivityLog/results.csv
SelectivityPresynapticInhib/EXP07_preinh_500/Test,8,1,1,0,5,5,0,0,0,0,ok_single,0,0,0,partial_FA,SelectivityPresynapticInhib/EXP07_preinh_500/Test/SelectivityLog/results.csv
SelectivityPresynapticInhib/EXP08_preinh_600/Test,8,1,1,0,5,5,0,0,0,0,ok_single,0,0,0,partial_FA,SelectivityPresynapticInhib/EXP08_preinh_600/Test/SelectivityLog/results.csv
SelectivityPresynapticInhib/EXP09_preinh_1000/Test,8,1,1,0,5,5,0,0,0,0,ok_single,0,0,0,partial_FA,SelectivityPresynapticInhib/EXP09_preinh_1000/Test/SelectivityLog/results.csv
SelectivityPresynapticInhib/EXP10_preinh_180/Test,8,1,1,0,5,5,0,0,0,0,ok_single,0,0,0,partial_FA,SelectivityPresynapticInhib/EXP10_preinh_180/Test/SelectivityLog/results.csv
SelectivityPresynapticInhib/EXP11_preinh_210/Test,8,1,1,0,6,6,0,0,0,0,ok_single,0,0,0,selective,SelectivityPresynapticInhib/EXP11_preinh_210/Test/SelectivityLog/results.csv
SelectivityPresynapticInhib/EXP12_preinh_220/Test,8,1,1,0,6,6,0,0,0,0,ok_single,0,0,0,selective,SelectivityPresynapticInhib/EXP12_preinh_220/Test/SelectivityLog/results.csv
SelectivityPresynapticInhib/EXP13_preinh_240/Test,8,1,1,0,5,5,0,0,0,0,ok_single,0,0,0,partial_FA,SelectivityPresynapticInhib/EXP13_preinh_240/Test/SelectivityLog/results.csv
SelectivityPresynapticInhib/EXP_span100ms_preinh250_C1e9/Test,8,1,1,0,6,5,0,0,0,0,ok_single,0,0,0,selective,SelectivityPresynapticInhib/EXP_span100ms_preinh250_C1e9/Test/SelectivityLog/results.csv
SelectivityPresynapticInhib/EXP_span25ms_preinh250_C1e9/Test,8,1,1,0,5,5,0,0,0,0,ok_single,0,0,0,partial_FA,SelectivityPresynapticInhib/EXP_span25ms_preinh250_C1e9/Test/SelectivityLog/results.csv
SelectivityPresynapticInhib/EXP_span50ms_preinh250_C1e9/Test,8,1,0,0,4,3,0,0,0,0,ok_single,0,0,0,partial_FA,SelectivityPresynapticInhib/EXP_span50ms_preinh250_C1e9/Test/SelectivityLog/results.csv
