project,period_seconds,output_rows,trace_windows,last_model_time,signals_monitored,primary_outputs,output_rows_compared,output_bits_match_trace,output_bits,primary_edge_counts_by_row,burst_windows,burst_signals,max_edges_any_signal_window,max_edges_primary_output_window,one_hot_rows,multi_bit_rows,no_response_rows,expected_bits,strict_correct_rows,strict_accuracy,threshold_pool
NSpikeClassifier_AllProbes_Off_Threshold00047_20260928,1.999500,4,4,8.099500,3,class1_ltz;class2_ltz;class3_ltz,4,4,110;111;111;110,4/1/0;1/4/1;1/4/2;3/3/0,1;2;3;4,class1_ltz@1=4;class1_ltz@4=3;class2_ltz@2=4;class2_ltz@3=4;class2_ltz@4=3;class3_ltz@3=2,4,4,0,4,0,100;010;001;000,0,0/4,00047
NSpikeClassifier_AllProbes_On_Threshold00047_20260928,1.999500,4,4,8.099500,3,class1_ltz;class2_ltz;class3_ltz,4,4,110;111;111;110,4/1/0;1/4/1;1/3/2;1/3/0,1;2;3;4,class1_ltz@1=4;class2_ltz@2=4;class2_ltz@3=3;class2_ltz@4=3;class3_ltz@3=2,4,4,0,4,0,100;010;001;000,0,0/4,00047
NSpikeClassifier_Iris10_Threshold00047_20260928,1.999500,10,10,20.999500,3,class1_ltz;class2_ltz;class3_ltz,10,10,110;110;110;011;011;111;011;111;111;111,4/1/0;4/1/0;4/1/0;0/4/1;0/4/1;1/3/2;0/4/2;1/3/2;1/3/2;1/3/2,1;2;3;4;5;6;7;8;9;10;11,class1_ltz@1=4;class1_ltz@2=4;class1_ltz@3=4;class2_ltz@4=4;class2_ltz@5=4;class2_ltz@6=3;class2_ltz@7=4;class2_ltz@8=3;class2_ltz@9=3;class2_ltz@10=3;class2_ltz@11=3;class3_ltz@6=2;class3_ltz@7=2;class3_ltz@8=2;class3_ltz@9=2;class3_ltz@10=2;class3_ltz@11=2,4,4,0,10,0,100;100;100;010;010;010;010;001;001;001,0,0/10,00047
NSpikeClassifier_Iris3Prototypes_Threshold00047_20260928,1.999500,3,3,6.999500,3,class1_ltz;class2_ltz;class3_ltz,3,3,110;111;111,4/1/0;1/4/1;1/3/2,1;2;3;4,class1_ltz@1=4;class2_ltz@2=4;class2_ltz@3=3;class2_ltz@4=3;class3_ltz@3=2;class3_ltz@4=2,4,4,0,3,0,100;010;001,0,0/3,00047
NSpikeClassifier_SyntheticOutputs_Off_Threshold00047_20260928,1.999500,4,4,8.099500,3,class1_ltz;class2_ltz;class3_ltz,4,4,110;111;111;110,4/1/0;1/4/1;1/4/2;3/3/0,1;2;3;4,class1_ltz@1=4;class1_ltz@4=3;class2_ltz@2=4;class2_ltz@3=4;class2_ltz@4=3;class3_ltz@3=2,4,4,0,4,0,100;010;001;000,0,0/4,00047
NSpikeClassifier_SyntheticOutputs_On_Threshold00047_20260928,1.999500,4,4,8.099500,3,class1_ltz;class2_ltz;class3_ltz,4,4,110;111;111;110,4/1/0;1/4/1;1/3/2;1/3/0,1;2;3;4,class1_ltz@1=4;class2_ltz@2=4;class2_ltz@3=3;class2_ltz@4=3;class3_ltz@3=2,4,4,0,4,0,100;010;001;000,0,0/4,00047
NSpikeDendriteLength_Long_D17_Off_Threshold00047_20260928,1.999500,4,4,8.099500,3,class1_ltz;class2_ltz;class3_ltz,4,4,110;111;111;110,4/1/0;1/4/1;1/4/2;3/3/0,1;2;3;4,class1_ltz@1=4;class1_ltz@4=3;class2_ltz@2=4;class2_ltz@3=4;class2_ltz@4=3;class3_ltz@3=2,4,4,0,4,0,100;010;001;000,0,0/4,00047
NSpikeDendriteLength_Long_D17_On_Threshold00047_20260928,1.999500,4,4,8.099500,3,class1_ltz;class2_ltz;class3_ltz,4,4,110;111;111;110,4/1/0;1/4/1;1/3/2;1/3/0,1;2;3;4,class1_ltz@1=4;class2_ltz@2=4;class2_ltz@3=3;class2_ltz@4=3;class3_ltz@3=2,4,4,0,4,0,100;010;001;000,0,0/4,00047
NSpikeDendriteLength_Medium_D8_Off_Threshold00047_20260928,1.999500,4,4,8.099500,3,class1_ltz;class2_ltz;class3_ltz,4,4,110;111;111;110,4/3/0;1/3/1;1/1/2;3/4/0,1;2;3;4,class1_ltz@1=4;class1_ltz@4=3;class2_ltz@1=3;class2_ltz@2=3;class2_ltz@4=4;class3_ltz@3=2,4,4,0,4,0,100;010;001;000,0,0/4,00047
NSpikeDendriteLength_Medium_D8_On_Threshold00047_20260928,1.999500,4,4,8.099500,3,class1_ltz;class2_ltz;class3_ltz,4,4,110;111;111;110,1/3/0;1/3/1;1/1/2;1/4/0,1;2;3;4,class2_ltz@1=3;class2_ltz@2=3;class2_ltz@4=4;class3_ltz@3=2,4,4,0,4,0,100;010;001;000,0,0/4,00047
NSpikeDendriteLength_Short_D3_Off_Threshold00047_20260928,1.999500,4,4,8.099500,3,class1_ltz;class2_ltz;class3_ltz,4,4,110;111;111;110,4/3/0;1/3/1;1/2/2;3/4/0,1;2;3;4,class1_ltz@1=4;class1_ltz@4=3;class2_ltz@1=3;class2_ltz@2=3;class2_ltz@3=2;class2_ltz@4=4;class3_ltz@3=2,4,4,0,4,0,100;010;001;000,0,0/4,00047
NSpikeDendriteLength_Short_D3_On_Threshold00047_20260928,1.999500,4,4,8.099500,3,class1_ltz;class2_ltz;class3_ltz,4,4,110;111;111;110,3/3/0;1/3/1;1/2/2;1/4/0,1;2;3;4,class1_ltz@1=3;class2_ltz@1=3;class2_ltz@2=3;class2_ltz@3=2;class2_ltz@4=4;class3_ltz@3=2,4,4,0,4,0,100;010;001;000,0,0/4,00047
NSpikeSynapseCount_Syn12_Off_Threshold00047_20260928,1.999500,4,4,8.099500,3,class1_ltz;class2_ltz;class3_ltz,4,4,110;111;111;110,4/1/0;1/3/1;1/2/2;3/2/0,1;2;3;4,class1_ltz@1=4;class1_ltz@4=3;class2_ltz@2=3;class2_ltz@3=2;class2_ltz@4=2;class3_ltz@3=2,4,4,0,4,0,100;010;001;000,0,0/4,00047
NSpikeSynapseCount_Syn12_On_Threshold00047_20260928,1.999500,4,4,8.099500,3,class1_ltz;class2_ltz;class3_ltz,4,4,110;111;111;110,4/1/0;1/3/1;1/2/2;1/2/0,1;2;3;4,class1_ltz@1=4;class2_ltz@2=3;class2_ltz@3=2;class2_ltz@4=2;class3_ltz@3=2,4,4,0,4,0,100;010;001;000,0,0/4,00047
NSpikeSynapseCount_Syn24_Off_Threshold00047_20260928,1.999500,4,4,8.099500,3,class1_ltz;class2_ltz;class3_ltz,4,4,110;111;111;110,4/1/0;1/3/1;1/3/2;3/3/0,1;2;3;4,class1_ltz@1=4;class1_ltz@4=3;class2_ltz@2=3;class2_ltz@3=3;class2_ltz@4=3;class3_ltz@3=2,4,4,0,4,0,100;010;001;000,0,0/4,00047
NSpikeSynapseCount_Syn24_On_Threshold00047_20260928,1.999500,4,4,8.099500,3,class1_ltz;class2_ltz;class3_ltz,4,4,110;111;111;010,4/1/0;1/3/1;1/2/2;0/3/0,1;2;3;4,class1_ltz@1=4;class2_ltz@2=3;class2_ltz@3=2;class2_ltz@4=3;class3_ltz@3=2,4,4,1,3,0,100;010;001;000,0,0/4,00047
NSpikeSynapseCount_Syn37_Off_Threshold00047_20260928,1.999500,4,4,8.099500,3,class1_ltz;class2_ltz;class3_ltz,4,4,110;111;111;110,4/1/0;1/4/1;1/4/2;3/3/0,1;2;3;4,class1_ltz@1=4;class1_ltz@4=3;class2_ltz@2=4;class2_ltz@3=4;class2_ltz@4=3;class3_ltz@3=2,4,4,0,4,0,100;010;001;000,0,0/4,00047
NSpikeSynapseCount_Syn37_On_Threshold00047_20260928,1.999500,4,4,8.099500,3,class1_ltz;class2_ltz;class3_ltz,4,4,110;111;111;110,4/1/0;1/4/1;1/3/2;1/3/0,1;2;3;4,class1_ltz@1=4;class2_ltz@2=4;class2_ltz@3=3;class2_ltz@4=3;class3_ltz@3=2,4,4,0,4,0,100;010;001;000,0,0/4,00047
NSpikeSynapseCount_Syn6_Off_Threshold00047_20260928,1.999500,4,4,8.099500,3,class1_ltz;class2_ltz;class3_ltz,4,4,110;111;111;110,4/1/0;1/2/1;1/2/2;3/2/0,1;2;3;4,class1_ltz@1=4;class1_ltz@4=3;class2_ltz@2=2;class2_ltz@3=2;class2_ltz@4=2;class3_ltz@3=2,4,4,0,4,0,100;010;001;000,0,0/4,00047
NSpikeSynapseCount_Syn6_On_Threshold00047_20260928,1.999500,4,4,8.099500,3,class1_ltz;class2_ltz;class3_ltz,4,4,110;111;111;110,4/1/0;1/2/1;1/1/2;1/2/0,1;2;3;4,class1_ltz@1=4;class2_ltz@2=2;class2_ltz@4=2;class3_ltz@3=2,4,4,0,4,0,100;010;001;000,0,0/4,00047
