model_time,"target_soma_sum_potential"
0,0
0.00050000000000000001,0
0.001,0
0.0015,0
0.002,0
0.0025000000000000001,0
0.0030000000000000001,0
0.0035000000000000001,0
0.0040000000000000001,0
0.0044999999999999997,0
0.0050000000000000001,0
0.0054999999999999997,0
0.0060000000000000001,0
0.0064999999999999997,0
0.0070000000000000001,0
0.0074999999999999997,0
0.0080000000000000002,0
0.0085000000000000006,0
0.0089999999999999993,0
0.0094999999999999998,0
0.01,0
0.010500000000000001,0
0.010999999999999999,0
0.0115,0
0.012,0
0.012500000000000001,0
0.012999999999999999,0
0.0135,0
0.014,0
0.014500000000000001,0
0.014999999999999999,0
0.0155,0
0.016,0
0.016500000000000001,0
0.017000000000000001,0
0.017500000000000002,0
0.017999999999999999,0
0.018499999999999999,0
0.019,0
0.0195,0
0.02,0
0.020500000000000001,0
0.021000000000000001,0
0.021499999999999998,0
0.021999999999999999,0
0.022499999999999999,0
0.023,0
0.0235,0
0.024,0
0.024500000000000001,0
0.025000000000000001,0
0.025499999999999998,0
0.025999999999999999,0
0.026499999999999999,0
0.027,0
0.0275,0
0.028000000000000001,0
0.028500000000000001,0
0.029000000000000001,0
0.029499999999999998,0
0.029999999999999999,0
0.030499999999999999,0
0.031,0
0.0315,0
0.032000000000000001,0
0.032500000000000001,0
0.033000000000000002,0
0.033500000000000002,0
0.034000000000000002,0
0.034500000000000003,0
0.035000000000000003,0
0.035499999999999997,0
0.035999999999999997,0
0.036499999999999998,0
0.036999999999999998,0
0.037499999999999999,0
0.037999999999999999,0
0.0385,0
0.039,0
0.0395,0
0.040000000000000001,0
0.040500000000000001,0
0.041000000000000002,0
0.041500000000000002,0
0.042000000000000003,0
0.042500000000000003,0
0.042999999999999997,0
0.043499999999999997,0
0.043999999999999997,0
0.044499999999999998,0
0.044999999999999998,0
0.045499999999999999,0
0.045999999999999999,0
0.0465,0
0.047,0
0.047500000000000001,0
0.048000000000000001,0
0.048500000000000001,0
0.049000000000000002,0
0.049500000000000002,0
0.050000000000000003,0
0.050500000000000003,0
0.050999999999999997,0
0.051499999999999997,0
0.051999999999999998,0
0.052499999999999998,0
0.052999999999999999,0
0.053499999999999999,0
0.053999999999999999,0
0.0545,0
0.055,0
0.055500000000000001,0
0.056000000000000001,0
0.056500000000000002,0
0.057000000000000002,0
0.057500000000000002,0
0.058000000000000003,0
0.058500000000000003,0
0.058999999999999997,0
0.059499999999999997,0
0.059999999999999998,0
0.060499999999999998,0
0.060999999999999999,0
0.061499999999999999,0
0.062,0
0.0625,0
0.063,0
0.063500000000000001,0
0.064000000000000001,0
0.064500000000000002,0
0.065000000000000002,0
0.065500000000000003,0
0.066000000000000003,0
0.066500000000000004,0
0.067000000000000004,0
0.067500000000000004,0
0.068000000000000005,0
0.068500000000000005,0
0.069000000000000006,0
0.069500000000000006,0
0.070000000000000007,0
0.070499999999999993,0
0.070999999999999994,0
0.071499999999999994,0
0.071999999999999995,0
0.072499999999999995,0
0.072999999999999995,0
0.073499999999999996,0
0.073999999999999996,0
0.074499999999999997,0
0.074999999999999997,0
0.075499999999999998,0
0.075999999999999998,0
0.076499999999999999,0
0.076999999999999999,0
0.077499999999999999,0
0.078,0
0.0785,0
0.079000000000000001,0
0.079500000000000001,0
0.080000000000000002,0
0.080500000000000002,0
0.081000000000000003,0
0.081500000000000003,0
0.082000000000000003,0
0.082500000000000004,0
0.083000000000000004,0
0.083500000000000005,0
0.084000000000000005,0
0.084500000000000006,0
0.085000000000000006,0
0.085500000000000007,0
0.085999999999999993,0
0.086499999999999994,0
0.086999999999999994,0
0.087499999999999994,0
0.087999999999999995,0
0.088499999999999995,0
0.088999999999999996,0
0.089499999999999996,0
0.089999999999999997,0
0.090499999999999997,0
0.090999999999999998,0
0.091499999999999998,0
0.091999999999999998,0
0.092499999999999999,0
0.092999999999999999,0
0.0935,0
0.094,0
0.094500000000000001,0
0.095000000000000001,0
0.095500000000000002,0
0.096000000000000002,0
0.096500000000000002,0
0.097000000000000003,0
0.097500000000000003,0
0.098000000000000004,0
0.098500000000000004,0
0.099000000000000005,0
0.099500000000000005,0
0.10000000000000001,0
0.10050000000000001,0
0.10100000000000001,0
0.10150000000000001,0
0.10199999999999999,0
0.10249999999999999,0
0.10299999999999999,0
0.10349999999999999,0
0.104,0
0.1045,0
0.105,0
0.1055,0
0.106,0
0.1065,0
0.107,0
0.1075,0
0.108,0
0.1085,0
0.109,0
0.1095,0
0.11,0
0.1105,0
0.111,0
0.1115,0
0.112,0
0.1125,0
0.113,0
0.1135,0
0.114,0
0.1145,0
0.115,0
0.11550000000000001,0
0.11600000000000001,0
0.11650000000000001,0
0.11700000000000001,0
0.11749999999999999,0
0.11799999999999999,0
0.11849999999999999,0
0.11899999999999999,0
0.1195,0
0.12,0
0.1205,0
0.121,0
0.1215,0
0.122,0
0.1225,0
0.123,0
0.1235,0
0.124,0
0.1245,0
0.125,0
0.1255,0
0.126,0
0.1265,0
0.127,0
0.1275,-0.0030759870200107731
0.128,-0.0076349307225141994
0.1285,-0.011423346969650527
0.129,-0.014550109475088391
0.1295,-0.017108032160355724
0.13,-0.019176537544998706
0.1305,-0.020823820155974615
0.13100000000000001,-0.022108611641516451
0.13150000000000001,-0.023081629670735015
0.13200000000000001,-0.023786774203845784
0.13250000000000001,-0.024262120709618418
0.13300000000000001,-0.024540749223223468
0.13350000000000001,-0.024651439936249298
0.13400000000000001,-0.024619259675511262
0.13450000000000001,-0.024466058704933125
0.13500000000000001,-0.02421089343885463
0.13550000000000001,-0.023870387634273293
0.13600000000000001,-0.023459042244728723
0.13650000000000001,-0.022989502226699043
0.13700000000000001,-0.022472787081551981
0.13750000000000001,-0.021918490708858984
0.13800000000000001,-0.021334955176012249
0.13850000000000001,-0.020729422224902261
0.13900000000000001,-0.020108165700296166
0.13950000000000001,-0.019476607566348392
0.14000000000000001,-0.018839419753728048
0.14050000000000001,-0.018200613731557125
0.14099999999999999,-0.017563619410997267
0.14149999999999999,-0.016931354749248562
0.14199999999999999,-0.016306287224631122
0.14249999999999999,-0.015690488187910523
0.14299999999999999,-0.0150856809561426
0.14349999999999999,-0.014493283398291146
0.14399999999999999,-0.013914445662852826
0.14449999999999999,-0.013350083613594688
0.14499999999999999,-0.012800908467744732
0.14549999999999999,-0.012267453069513157
0.14599999999999999,-0.011750095178982622
0.14649999999999999,-0.011249078110810329
0.14699999999999999,-0.010764529017702751
0.14749999999999999,-0.010296475079314416
0.14799999999999999,-0.0098448578273210297
0.14849999999999999,-0.009409545811268849
0.14899999999999999,-0.0089903457868786285
0.14949999999999999,-0.0085870125883322768
0.14999999999999999,-0.0081992578283087703
0.15049999999999999,-0.0078267575538563117
0.151,-0.0074691589723042684
0.1515,-0.0071260863491164894
0.152,-0.0067971461686576751
0.1525,-0.0064819316391255821
0.153,-0.0061800266142469917
0.1535,-0.0089224359703110601
0.154,-0.013142337265908521
0.1545,-0.016616167346690802
0.155,-0.019450343569486495
0.1555,-0.021735558048752157
0.156,-0.023549390639430068
0.1565,-0.024958427340055489
0.157,-0.026019988645261338
0.1575,-0.026783548261055445
0.158,-0.027291904468461636
0.1585,-0.027582152693214956
0.159,-0.027686497370598362
0.1595,-0.027632933158821871
0.16,-0.027445819347869604
0.1605,-0.027146366488937979
0.161,-0.026753050502691722
0.1615,-0.026281966566198522
0.16200000000000001,-0.025747132743266898
0.16250000000000001,-0.025160751470758802
0.16300000000000001,-0.024533435537495318
0.16350000000000001,-0.023874404010852945
0.16400000000000001,-0.023191652616126546
0.16450000000000001,-0.022492102306519768
0.16500000000000001,-0.021781729139375483
0.16550000000000001,-0.021065678067426097
0.16600000000000001,-0.02034836283926833
0.16650000000000001,-0.019633553862714703
0.16700000000000001,-0.018924455603734347
0.16750000000000001,-0.018223774860952058
0.16800000000000001,-0.017533781062031517
0.16850000000000001,-0.016856359566468471
0.16900000000000001,-0.016193058823551043
0.16950000000000001,-0.015545132119833771
0.17000000000000001,-0.014913574553651276
0.17050000000000001,-0.014299155791924534
0.17100000000000001,-0.013702449094310731
0.17150000000000001,-0.013123857029613495
0.17199999999999999,-0.012563634257650613
0.17249999999999999,-0.015032891211260169
0.17299999999999999,-0.01897625685715032
0.17349999999999999,-0.022185224204747889
0.17399999999999999,-0.024765854087627104
0.17449999999999999,-0.026808450057866251
0.17499999999999999,-0.028390187779506526
0.17549999999999999,-0.029577244622903454
0.17599999999999999,-0.030426535526955623
0.17649999999999999,-0.030987136631208334
0.17699999999999999,-0.031301459736816306
0.17749999999999999,-0.031406226704822071
0.17799999999999999,-0.031333282273473873
0.17849999999999999,-0.031110275627776574
0.17899999999999999,-0.030761234767140988
0.17949999999999999,-0.030307052837108217
0.17999999999999999,-0.029765901782418891
0.18049999999999999,-0.029153585690222861
0.18099999999999999,-0.028483843835431455
0.18149999999999999,-0.027768611572518309
0.182,-0.027018245731023627
0.1825,-0.026241719982626033
0.183,-0.025446794692105534
0.1835,-0.024640164993490532
0.184,-0.023827590207853744
0.1845,-0.023014007210702014
0.185,-0.022203629941278558
0.1855,-0.021400036904940967
0.186,-0.020606248238558944
0.1865,-0.019824793676058605
0.187,-0.019057772557671715
0.1875,-0.018306906864811845
0.188,-0.017573588126945761
0.1885,-0.016858918932660449
0.189,-0.016163749680553674
0.1895,-0.015488711123548438
0.19,-0.014834243190260721
0.1905,-0.014200620507128781
0.191,-0.013587974993486074
0.1915,-0.012996315857293106
0.192,-0.012425547280717986
0.1925,-0.011875484051271812
0.193,-0.011345865364997487
0.19350000000000001,-0.01083636700266366
0.19400000000000001,-0.01034661205749654
0.19450000000000001,-0.0098761803732634323
0.19500000000000001,-0.0094246168341309833
0.19550000000000001,-0.0089914386323488582
0.19600000000000001,-0.0085761416261964651
0.19650000000000001,-0.008178205888548562
0.19700000000000001,-0.007797100535679613
0.19750000000000001,-0.0074322879163694067
0.19800000000000001,-0.0070832272328549273
0.19850000000000001,-0.0067493776575722197
0.19900000000000001,-0.0064302010028447487
0.19950000000000001,-0.0061251639946067193
0.20000000000000001,-0.0058337401958196144
0.20050000000000001,-0.0055554116203840875
0.20100000000000001,-0.0052896700739963887
0.20150000000000001,-0.0050360182545010623
0.20200000000000001,-0.0047939706407986726
0.20250000000000001,-0.0045630541962364823
0.20300000000000001,-0.0043428089096033684
0.20349999999999999,-0.0041327881943348244
0.20399999999999999,-0.003932559164279259
0.20449999999999999,-0.0037417028023535304
0.20499999999999999,-0.0035598140366063236
0.20549999999999999,-0.0033865017365845018
0.20599999999999999,-0.0032213886414412807
0.20649999999999999,-0.0030641112299274464
0.20699999999999999,-0.0029143195412363321
0.20749999999999999,-0.002771676954635649
0.20799999999999999,-0.0026358599348815792
0.20849999999999999,-0.0025065577495817504
0.20899999999999999,0.00069251485608612384
0.20949999999999999,0.0053686136049823086
0.20999999999999999,0.0062067746544463009
0.21049999999999999,0.0049004911931955775
0.21099999999999999,0.0037866262179780952
0.21149999999999999,0.0028366780259397872
0.21199999999999999,0.0020268455754031134
0.21249999999999999,0.0013371471772090082
0.21299999999999999,0.00075072378111207261
0.2135,0.0002532846317409021
0.214,-0.0001673365360131962
0.2145,-0.00052153893008377583
0.215,-0.00081824423808696256
0.2155,-0.0010651324822477104
0.216,-0.0012688351947585108
0.2165,-0.0014350944786791775
0.217,-0.0015688946584867525
0.2175,-0.0016745717950001904
0.218,-0.0017559052354318982
0.2185,-0.0018161945121893952
0.219,-0.0018583242352669949
0.2195,-0.0018848190987817981
0.22,-0.0018978907093598618
0.2205,-0.0018994776175742523
0.221,-0.0018912796743677518
0.2215,-0.0018747876276845599
0.222,-0.0018513087090897828
0.2225,-0.0018219888272447138
0.223,-0.0017878318779167568
0.2235,-0.0017497165934489134
0.224,0.0012935081912331947
0.22450000000000001,0.0057883775214736533
0.22500000000000001,0.0095331259179797234
0.22550000000000001,0.012633898033694746
0.22600000000000001,0.01518102366723606
0.22650000000000001,0.017251686252125698
0.22700000000000001,-0.18672537925633859
0.22750000000000001,-0.3796644480925051
0.22800000000000001,-0.3577165434088132
0.22850000000000001,-0.3372206950467378
0.22900000000000001,-0.31805850665856239
0.22950000000000001,-0.30012398552814401
0.23000000000000001,-0.28332190764697196
0.23050000000000001,-0.26756643979613071
0.23100000000000001,-0.25277997265161067
0.23150000000000001,-0.23889212801720705
0.23200000000000001,-0.22583891042778825
0.23250000000000001,-0.21356197900433527
0.23300000000000001,-0.20200801991920825
0.23350000000000001,-0.19112820340264203
0.23400000000000001,-0.18087771208588177
0.23449999999999999,-0.17121532978360787
0.23499999999999999,-0.16210308168496512
0.23549999999999999,-0.15350591843921113
0.23599999999999999,-0.14539143785944186
0.23649999999999999,-0.13772963898149637
0.23699999999999999,-0.13049270404870528
0.23749999999999999,-0.12365480468120049
0.23799999999999999,-0.11719192905854237
0.23849999999999999,-0.10770284778141925
0.23899999999999999,-0.096952530225787537
0.23949999999999999,-0.087378644219952006
0.23999999999999999,-0.07883651099975697
0.24049999999999999,-0.071202033127201636
0.24099999999999999,-0.06436827382595034
0.24149999999999999,-0.058242689543238191
0.24199999999999999,-0.05274487637661518
0.24249999999999999,-0.047804723468576449
0.24299999999999999,-0.04336089079133465
0.24349999999999999,-0.039359547101551762
0.24399999999999999,-0.035753317802616258
0.2445,-0.032500403137037726
0.245,-0.029563835363907831
0.2455,-0.026910849957849425
0.246,-0.024512350841233599
0.2465,-0.022342453561882358
0.247,-0.020378093402309672
0.2475,-0.01859868784115104
0.248,-0.01698584472508069
0.2485,-0.015523109058858231
0.249,-0.014195742565635605
0.2495,-0.012990531173697861
0.25,-0.011895616399382747
0.2505,-0.010900347257968512
0.251,-0.0099951498753324541
0.2515,-0.0091714124171345945
0.252,-0.0084213833180976083
0.2525,-0.0046828819518413001
0.253,0.00046321981054620043
0.2535,0.0047857660401628976
0.254,0.0083997748429679442
0.2545,0.011403253774104893
0.255,0.013880054260352437
0.2555,0.015902179033198571
0.25600000000000001,0.017531659593521987
0.25650000000000001,-0.18557865511404925
0.25700000000000001,-0.37789979501545645
0.25750000000000001,-0.35653281413862958
0.25800000000000001,-0.3365242902754273
0.25850000000000001,-0.31776981638370594
0.25900000000000001,-0.30017520478668058
0.25950000000000001,-0.28365522205202076
0.26000000000000001,-0.26813251257348325
0.26050000000000001,-0.25353667855449391
0.26100000000000001,-0.23980349023137237
0.26150000000000001,-0.22687420504307809
0.26200000000000001,-0.2146949783363824
0.26250000000000001,-0.20321635130540472
0.26300000000000001,-0.18872866801578791
0.26350000000000001,-0.1731613154949222
0.26400000000000001,-0.15912291224807829
0.26450000000000001,-0.14643313013511738
0.26500000000000001,-0.13493722744841619
0.26550000000000001,-0.12450174263033664
0.26600000000000001,-0.11501102262448937
0.26650000000000001,-0.10636440528462776
0.26700000000000002,-0.098473917911927167
0.26750000000000002,-0.087788107509252589
0.26800000000000002,-0.076136804076208708
0.26850000000000002,-0.065962540665470804
0.26900000000000002,-0.057063990888141292
0.26950000000000002,-0.049271281734729944
0.27000000000000002,-0.042440270043781592
0.27050000000000002,-0.036448007982538555
0.27100000000000002,-0.031189123408513764
0.27150000000000002,-0.026572909731659711
0.27200000000000002,-0.022520970105157634
0.27250000000000002,-0.018965297777025936
0.27300000000000002,-0.015846701942879515
0.27350000000000002,-0.013113509055100447
0.27400000000000002,-0.010720485110576328
0.27450000000000002,-0.008627936278492343
0.27500000000000002,-0.0068009542948089807
0.27550000000000002,-0.0052087800352870195
0.27600000000000002,-0.0038242640938396244
0.27650000000000002,-0.0026234074145490283
0.27700000000000002,-0.001584968334720771
0.27750000000000002,-0.00069012500352216843
0.27800000000000002,7.7815794876645583e-05
0.27850000000000003,0.00073367074235419771
0.27900000000000003,0.0012905990280721591
0.27950000000000003,0.0017602932919429382
0.28000000000000003,0.0021531465824669027
0.28050000000000003,0.0054761934696287984
0.28100000000000003,0.010181234334831424
0.28149999999999997,0.014079431899692851
0.28199999999999997,0.01728559411577546
0.28249999999999997,0.01989739128602741
0.28299999999999997,-0.18425240145466992
0.28349999999999997,-0.37728945830170824
0.28399999999999997,-0.35488927131220771
0.28449999999999998,-0.33403194942961723
0.28499999999999998,-0.31458542302872117
0.28549999999999998,-0.29643211499299316
0.28599999999999998,-0.27946695344120132
0.28649999999999998,-0.26359570809513511
0.28699999999999998,-0.24873359038857301
0.28749999999999998,-0.23480406965194289
0.28799999999999998,-0.22173786723294686
0.28849999999999998,-0.20947209787363752
0.28899999999999998,-0.1979495335394944
0.28949999999999998,-0.18711796954741111
0.28999999999999998,-0.17692967654085201
0.29049999999999998,-0.16734092482025331
0.29099999999999998,-0.15831156991474771
0.29149999999999998,-0.14980469020056975
0.29199999999999998,-0.14178626892734003
0.29249999999999998,-0.13422491428004835
0.29299999999999998,-0.12709161213998477
0.29349999999999998,-0.12035950705770659
0.29399999999999998,-0.11400370765139201
0.29449999999999998,-0.10463473754711339
0.29499999999999998,-0.094010340050466712
0.29549999999999998,-0.08455874784374795
0.29599999999999999,-0.076135133288916967
0.29649999999999999,-0.068615316370227997
0.29699999999999999,-0.061892327064683395
0.29749999999999999,-0.055873625327500731
0.29799999999999999,-0.05047883814732157
0.29849999999999999,-0.045637905922719324
0.29899999999999999,-0.041289554965745379
0.29949999999999999,-0.037380031463329577
0.29999999999999999,-0.033862046305367821
0.30049999999999999,-0.030693890960209136
0.30099999999999999,-0.027838692873801252
0.30149999999999999,-0.025263785296396279
0.30199999999999999,-0.022940171449980618
0.30249999999999999,-0.020842066875048193
0.30299999999999999,-0.018946506887682402
0.30349999999999999,-0.017233008526270632
0.30399999999999999,-0.015683278315062221
0.30449999999999999,-0.014280958728773108
0.30499999999999999,-0.015942686985676469
0.30549999999999999,-0.019151159673445384
0.30599999999999999,-0.025084399960508819
0.30649999999999999,-0.03196860422433323
0.307,-0.037483442125959443
0.3075,-0.03879519637030282
0.308,-0.037676557655861087
0.3085,-0.036516602858697733
0.309,-0.035332213169400384
0.3095,-0.034136546016328428
0.31,-0.032939874088468213
0.3105,-0.028527708347383607
0.311,-0.022662222881907002
0.3115,-0.017674903285364252
0.312,-0.013430369807911346
0.3125,-0.0098168731773446982
0.313,-0.0067415778379908975
0.3135,-0.0041268967861700645
0.314,-0.0019076220049633053
0.3145,-2.8661665286144888e-05
0.315,0.0015567564285293711
0.3155,0.0028885205834419114
0.316,0.0040007898728510183
0.3165,0.0049229284153964326
0.317,0.0056802658289419883
0.3175,0.0062947197803033816
0.318,0.0067853085144501391
0.31850000000000001,0.0071685751310279766
0.31900000000000001,0.0074589406931294677
0.31950000000000001,0.0076689996466916543
0.32000000000000001,0.0078097682361577547
0.32050000000000001,0.0078908944283639926
0.32100000000000001,0.0079208361565753505
0.32150000000000001,0.010816911335413626
0.32200000000000001,0.015076178041143251
0.32250000000000001,0.018570564248264088
0.32300000000000001,-0.18723038654079605
0.32350000000000001,-0.38142804227014571
0.32400000000000001,-0.3578661285876128
0.32450000000000001,-0.33603459099014199
0.32500000000000001,-0.31577223411250832
0.32550000000000001,-0.29693719987921041
0.32600000000000001,-0.2794040936093275
0.32650000000000001,-0.26306161167335573
0.32700000000000001,-0.24781057209308788
0.32750000000000001,-0.23356227075646274
0.32800000000000001,-0.22023710223505699
0.32850000000000001,-0.20776339678334588
0.32900000000000001,-0.1960764348768862
0.32950000000000002,-0.18511760828490642
0.33000000000000002,-0.17483370267339371
0.33050000000000002,-0.16517628147422025
0.33100000000000002,-0.1561011545185198
0.33150000000000002,-0.14756791793447421
0.33200000000000002,-0.13953955421607045
0.33250000000000002,-0.13198208330720407
0.33300000000000002,-0.12486425711286431
0.33350000000000002,-0.11815729112226803
0.33400000000000002,-0.11183462786723974
0.33450000000000002,-0.10587172778952447
0.33500000000000002,-0.10024588378987354
0.33550000000000002,-0.09493605630873847
0.33600000000000002,-0.089922726266388309
0.33650000000000002,-0.081919497993272028
0.33700000000000002,-0.072627161798463402
0.33750000000000002,-0.064411952006497075
0.33800000000000002,-0.057138471246379385
0.33850000000000002,-0.050690691524941989
0.33900000000000002,-0.044968733476789646
0.33950000000000002,-0.039886260671847862
0.34000000000000002,-0.035368357728101318
0.34050000000000002,-0.031349791557122697
0.34100000000000003,-0.027773577978232211
0.34150000000000003,-0.02458979322992072
0.34200000000000003,-0.021754583055310528
0.34250000000000003,-0.019229332103342767
0.34300000000000003,-0.016979964141589421
0.34350000000000003,-0.01497634958688765
0.34399999999999997,-0.0131918015454211
0.34449999999999997,-0.011602645226482355
0.34499999999999997,-0.010187848487919537
0.34549999999999997,-0.0089287035627843014
0.34599999999999997,-0.0078085518400398124
0.34649999999999997,-0.0068125450297663592
0.34699999999999998,-0.0059274372137743114
0.34749999999999998,-0.0051414032265929555
0.34799999999999998,-0.0044438795765716632
0.34849999999999998,-0.0038254247389887253
0.34899999999999998,-0.0032775961613632498
0.34949999999999998,-0.00279284173818517
0.34999999999999998,-0.002364403855840802
0.35049999999999998,-0.0019862343927443682
0.35099999999999998,-0.0016529192958072425
0.35149999999999998,-0.0013596115513511142
0.35199999999999998,-0.0011019715335657265
0.35249999999999998,-0.00087611385239139139
0.35299999999999998,-0.00067855993990906249
0.35349999999999998,-0.00050619571370136285
0.35399999999999998,-0.00035623374025495202
0.35449999999999998,-0.00022617939377678198
0.35499999999999998,-0.00011380056782728243
0.35549999999999998,-1.7100550579796092e-05
0.35599999999999998,6.5706279337662821e-05
0.35649999999999998,0.0001362162394495936
0.35699999999999998,0.00019585588071691085
0.35749999999999998,0.00024589951336162486
0.35799999999999998,0.00028748493252028773
0.35849999999999999,0.00032162753170106306
0.35899999999999999,0.00034923297150690757
0.35949999999999999,0.00037110855300048762
0.35999999999999999,0.00038797342910523724
0.36049999999999999,0.00040046777328239802
0.36099999999999999,0.00040916101216725842
0.36149999999999999,0.00041455921769206761
0.36199999999999999,0.00041711174429015507
0.36249999999999999,0.00041721718792664397
0.36299999999999999,0.00041522873580246422
0.36349999999999999,0.00041145896852179398
0.36399999999999999,0.0004061841702026614
0.36449999999999999,0.00039964819636439941
0.36499999999999999,0.00039206594436236308
0.36549999999999999,0.00038362646660761168
0.36599999999999999,0.00037449576273973495
0.36649999999999999,0.00036481928326803637
0.36699999999999999,0.00035472417392090616
0.36749999999999999,0.00034432128699346531
0.36799999999999999,0.00033370698334111992
0.36849999999999999,0.00032296474628423777
0.36899999999999999,0.00031216662655253469
0.3695,0.0003013745354716324
0.37,0.00029064140186718657
0.3705,0.00028001220660023307
0.371,0.00026952490725273837
0.3715,0.00025921126421746266
0.372,0.00024909757831359514
0.3725,0.00023920534903076884
0.373,0.00022955186158202245
0.3735,0.00022015071012337906
0.374,0.00021101226375208615
0.3745,0.00020214408122465333
0.375,0.00019355127973808006
0.3755,0.00018523686256954885
0.376,0.00017720200988746715
0.3765,0.00016944633660453956
0.377,0.00016196812075031097
0.3775,0.00015476450548490561
0.378,0.00014783167755660909
0.3785,0.00014116502471761549
0.379,0.00013475927435591117
0.3795,0.00012860861536645452
0.38,0.00012270680507786569
0.3805,0.00011704726286176914
0.38100000000000001,0.00011162315188417704
0.38150000000000001,0.0001064274503058682
0.38200000000000001,0.00010145301310182653
0.38250000000000001,9.6692625550121036e-05
0.38300000000000001,9.2139049326589451e-05
0.38350000000000001,8.7785062045653284e-05
0.38400000000000001,8.3623490998996353e-05
0.38450000000000001,7.9647241762348386e-05
0.38500000000000001,7.5849322269783137e-05
0.38550000000000001,7.2222862893100981e-05
0.38600000000000001,6.8761133002692709e-05
0.38650000000000001,6.5457554436543219e-05
0.38700000000000001,6.2305712258403645e-05
0.38750000000000001,5.9299363143416883e-05
0.38800000000000001,5.6432441692955138e-05
0.38850000000000001,5.3699064946122199e-05
0.38900000000000001,5.1093535328283757e-05
0.38950000000000001,4.8610342246124816e-05
0.39000000000000001,4.624416251830521e-05
0.39050000000000001,4.3989859808468701e-05
0.39100000000000001,4.1842483206822045e-05
0.39150000000000001,3.9797265091956469e-05
0.39200000000000002,3.7849618386598394e-05
0.39250000000000002,3.5995133309763006e-05
0.39300000000000002,3.4229573713684402e-05
0.39350000000000002,3.2548873084348173e-05
0.39400000000000002,3.0949130274349201e-05
0.39450000000000002,2.9426605028137764e-05
0.39500000000000002,2.797771335183441e-05
0.39550000000000002,2.6599022773243775e-05
0.39600000000000002,2.5287247532479462e-05
0.39650000000000002,2.4039243735618498e-05
0.39700000000000002,2.2852004503137735e-05
0.39750000000000002,2.1722655135669733e-05
0.39800000000000002,2.0648448320836899e-05
0.39850000000000002,1.962675939792824e-05
0.39900000000000002,1.8655081696294928e-05
0.39950000000000002,1.7731021959122018e-05
0.40000000000000002,1.6852295865121825e-05
0.40050000000000002,1.6016723653144993e-05
0.40100000000000002,1.5222225860145322e-05
0.40150000000000002,1.4466819174718815e-05
0.40200000000000002,1.3748612411546013e-05
0.40250000000000002,1.3065802608624999e-05
0.40300000000000002,1.2416671249626532e-05
0.40350000000000003,1.1799580611815408e-05
0.40400000000000003,1.1212970239427023e-05
0.40450000000000003,1.0655353542055046e-05
0.40500000000000003,1.0125314517162032e-05
0.40550000000000003,9.621504594603536e-06
0.40600000000000003,9.1426396017224576e-06
0.40649999999999997,8.6874968466821301e-06
0.40699999999999997,8.2549123170405636e-06
0.40749999999999997,7.8437779912343686e-06
0.40799999999999997,7.4530392601968032e-06
0.40849999999999997,7.0816924552241645e-06
0.40899999999999997,6.7287824800921214e-06
0.40949999999999998,6.3934005436472319e-06
0.40999999999999998,6.0746819892099069e-06
0.41049999999999998,5.7718042186793994e-06
0.41099999999999998,5.4839847066778802e-06
0.41149999999999998,5.2104791028462216e-06
0.41199999999999998,4.9505794181836649e-06
0.41249999999999998,4.7036122925447899e-06
0.41299999999999998,4.468937340185164e-06
0.41349999999999998,4.2459455705801119e-06
0.41399999999999998,4.0340578808528704e-06
0.41449999999999998,3.8327236177027046e-06
0.41499999999999998,3.6414192055023165e-06
0.41549999999999998,3.4596468376779654e-06
0.41599999999999998,3.2869332297069676e-06
0.41649999999999998,3.1228284291806574e-06
0.41699999999999998,2.9669046830438361e-06
0.41749999999999998,2.8187553570147017e-06
0.41799999999999998,2.6779939068521941e-06
0.41849999999999998,2.5442528976959977e-06
0.41899999999999998,2.4171830705910224e-06
0.41949999999999998,2.296452453309783e-06
0.41999999999999998,2.1817455134742758e-06
0.42049999999999998,2.072762352423041e-06
0.42099999999999999,1.9692179381580743e-06
0.42149999999999999,1.8708413743739882e-06
0.42199999999999999,1.7773752055694203e-06
0.42249999999999999,1.6885747552430885e-06
0.42299999999999999,1.6042074965083586e-06
0.42349999999999999,1.5240524527948551e-06
0.42399999999999999,1.4478996283040502e-06
0.42449999999999999,1.3755494652212263e-06
0.42499999999999999,1.3068123285719935e-06
0.42549999999999999,1.2415080150596225e-06
0.42599999999999999,1.1794652869934197e-06
0.42649999999999999,1.1205214280884945e-06
0.42699999999999999,1.0645218215810104e-06
0.42749999999999999,1.011319548882561e-06
0.42799999999999999,9.6077500799651716e-07
0.42849999999999999,9.1275555058611957e-07
0.42899999999999999,8.6713513669511855e-07
0.42949999999999999,8.2379400712095929e-07
0.42999999999999999,7.8261837133108969e-07
0.43049999999999999,7.4350011081136813e-07
0.43099999999999999,7.0633649762452677e-07
0.43149999999999999,6.7102992584722188e-07
0.432,6.3748765732896118e-07
0.4325,6.0562157944143991e-07
0.433,5.7534797504033008e-07
0.4335,5.4658730330725547e-07
0.434,5.1926399247115285e-07
0.4345,4.9330624174448445e-07
0.435,4.686458336955468e-07
0.4355,4.4521795561358601e-07
0.436,4.2296103008876429e-07
0.4365,4.0181655358573209e-07
0.437,3.8172894345489539e-07
0.4375,3.6264539204911017e-07
0.438,3.4451572861193824e-07
0.4385,3.2729228782724107e-07
0.439,3.109297844750003e-07
0.4395,2.9538519519256567e-07
0.44,2.8061764545395107e-07
0.4405,2.6658830210024576e-07
0.441,2.5326027197625223e-07
0.4415,2.4059850489699386e-07
0.442,2.2856970149920386e-07
0.4425,2.1714222619984014e-07
0.443,2.0628602359629156e-07
0.44350000000000001,1.9597254030667699e-07
0.44400000000000001,1.8617464936365735e-07
0.44450000000000001,1.7686657938220662e-07
0.44500000000000001,1.6802384661396275e-07
0.44550000000000001,1.596231908873591e-07
0.44600000000000001,1.5164251421229125e-07
0.44650000000000001,1.4406082315954194e-07
0.44700000000000001,1.3685817323860761e-07
0.44750000000000001,1.3001561660619387e-07
0.44800000000000001,1.2351515266129098e-07
0.44850000000000001,1.1733968019456142e-07
0.44900000000000001,1.1147295286839665e-07
0.44950000000000001,1.0589953625128601e-07
0.45000000000000001,1.0060476729467638e-07
0.45050000000000001,9.5574716030277784e-08
0.45100000000000001,9.0796148599636695e-08
0.45150000000000001,8.6256492726199951e-08
0.45200000000000001,8.1943804519646335e-08
0.45250000000000001,7.7846737056574966e-08
0.45300000000000001,7.3954510626528247e-08
0.45350000000000001,7.0256884532327035e-08
0.45400000000000001,6.6744129778584238e-08
0.45450000000000002,6.3407003758619851e-08
0.45500000000000002,6.0236726051599021e-08
0.45550000000000002,5.7224954996826227e-08
0.45600000000000002,5.4363765933373998e-08
0.45650000000000002,5.1645630438912349e-08
0.45700000000000002,4.9063396456716646e-08
0.45750000000000002,4.6610269421876183e-08
0.45800000000000002,4.4279794386703486e-08
0.45850000000000002,4.2065839367388946e-08
0.45900000000000002,3.9962578579633146e-08
0.45950000000000002,3.796447767268063e-08
0.46000000000000002,3.6066279074375984e-08
0.46050000000000002,3.426298789133142e-08
0.46100000000000002,3.254985903033969e-08
0.46150000000000002,3.0922384430809302e-08
0.46200000000000002,2.9376281740489674e-08
0.46250000000000002,2.7907482547107065e-08
0.46300000000000002,2.651212183124585e-08
0.46350000000000002,2.5186527863318986e-08
0.46400000000000002,2.3927212322583102e-08
0.46450000000000002,2.2730861415354298e-08
0.46500000000000002,2.1594327215268549e-08
0.46550000000000002,2.0514618781497518e-08
0.46600000000000003,1.9488895053321187e-08
0.46650000000000003,1.8514456634477483e-08
0.46700000000000003,1.7588739575913337e-08
0.46750000000000003,1.6709307826268116e-08
0.46800000000000003,1.5873847125646989e-08
0.46850000000000003,1.5080158899394291e-08
0.46899999999999997,1.4326154818000703e-08
0.46949999999999997,1.3609850468832008e-08
0.46999999999999997,1.2929361026259301e-08
0.47049999999999997,1.2282895811566164e-08
0.47099999999999997,1.1668753518989661e-08
0.47149999999999997,1.1085318107895148e-08
0.47199999999999998,1.0531054250861871e-08
0.47249999999999998,1.0004503336880077e-08
0.47299999999999998,9.5042798076150348e-09
0.47349999999999998,9.0290672716264453e-09
0.47399999999999998,8.5776151736993711e-09
0.47449999999999998,8.1487355751974633e-09
0.47499999999999998,7.7412998233938879e-09
0.47549999999999998,7.3542358869360669e-09
0.47599999999999998,6.9865249141543018e-09
0.47649999999999998,6.6371994567049342e-09
0.47699999999999998,6.3053402499235744e-09
0.47749999999999998,5.9900737703344475e-09
0.47799999999999998,5.690570570315856e-09
0.47849999999999998,5.4060425025426184e-09
0.47899999999999998,5.1357408326069276e-09
0.47949999999999998,4.8789541295946037e-09
0.47999999999999998,4.6350068227951624e-09
0.48049999999999998,4.4032567592111604e-09
0.48099999999999998,4.1830942043574737e-09
0.48149999999999998,3.9739398438598528e-09
0.48199999999999998,3.775243118120386e-09
0.48249999999999998,3.5864811120944751e-09
0.48299999999999998,3.407157223023205e-09
0.48349999999999999,3.2367994950988077e-09
0.48399999999999999,3.074959731286242e-09
0.48449999999999999,2.9212119390109592e-09
0.48499999999999999,2.7751514419804835e-09
0.48549999999999999,2.636393992005992e-09
0.48599999999999999,2.5045743257123831e-09
0.48649999999999999,2.3793457204490664e-09
0.48699999999999999,2.2603785510000307e-09
0.48749999999999999,2.1473597344723316e-09
0.48799999999999999,2.0399918421176721e-09
0.48849999999999999,1.9379923221762851e-09
0.48899999999999999,1.8410927227208163e-09
0.48949999999999999,1.7490381365448116e-09
0.48999999999999999,1.6615863129842978e-09
0.49049999999999999,1.5785069917839678e-09
0.49099999999999999,1.4995816810525753e-09
0.49149999999999999,1.4246026580622129e-09
0.49199999999999999,1.3533726361814047e-09
0.49249999999999999,1.2857039877189891e-09
0.49299999999999999,1.2214188549464211e-09
0.49349999999999999,1.1603479288524454e-09
0.49399999999999999,1.1023305601653988e-09
0.4945,1.0472140932193952e-09
0.495,9.9485342186511616e-10
0.4955,9.4511076742520572e-10
0.496,8.9785523460506056e-10
0.4965,8.5296247842592265e-10
0.497,8.1031437115797189e-10
0.4975,7.6979866925341867e-10
0.498,7.3130879130189896e-10
0.4985,6.9474337394126451e-10
0.499,6.6000627185758276e-10
0.4995,6.2700600267362461e-10
0.5,5.956556359265619e-10
0.50049999999999994,5.6587290409026991e-10
0.501,5.3757920337460519e-10
0.50149999999999995,5.1070014883691783e-10
0.502,4.851651302928417e-10
0.50249999999999995,4.6090686822708449e-10
0.503,4.3786152481573026e-10
0.50349999999999995,4.1596837085933203e-10
0.504,3.9517000782751666e-10
0.50449999999999995,3.7541147968056521e-10
0.505,3.5664093900322769e-10
0.50549999999999995,3.3880886984860581e-10
0.50600000000000001,3.218684208050604e-10
0.50649999999999995,3.0577496090700151e-10
0.50700000000000001,2.9048630167949341e-10
0.50749999999999995,2.7596191998213726e-10
0.50800000000000001,2.6216384618749089e-10
0.50849999999999995,2.4905566498034659e-10
0.50900000000000001,2.3660295944694099e-10
0.50949999999999995,2.2477275596344271e-10
0.51000000000000001,2.1353407930746471e-10
0.51049999999999995,2.0285739754655197e-10
0.51100000000000001,1.92714511015879e-10
0.51149999999999995,1.830787743628548e-10
0.51200000000000001,1.7392487450251792e-10
0.51249999999999996,1.6522860857293153e-10
0.51300000000000001,1.5696710597978836e-10
0.51349999999999996,1.491187173741082e-10
0.51400000000000001,1.4166279260763304e-10
0.51449999999999996,1.34579680732827e-10
0.51500000000000001,1.2785073000287639e-10
0.51549999999999996,1.214581768493872e-10
0.51600000000000001,1.1538525690468759e-10
0.51649999999999996,1.0961598295722297e-10
0.51700000000000002,1.0413525597385842e-10
0.51749999999999996,9.8928421010668899e-11
0.51800000000000002,9.3981933346753976e-11
0.51849999999999996,8.9282803372725539e-11
0.51900000000000002,8.4818707613010247e-11
0.51949999999999996,8.0577766681244611e-11
0.52000000000000002,7.6548878347182381e-11
0.52049999999999996,7.2721495492089616e-11
0.52100000000000002,6.9085404064139766e-11
0.52149999999999996,6.5631167167623516e-11
0.52200000000000002,6.2349569951436479e-11
0.52249999999999996,5.9232063698289039e-11
0.52300000000000002,5.6270543780101434e-11
0.52349999999999997,5.3457016591096362e-11
0.52400000000000002,5.0784154659311298e-11
0.52449999999999997,4.8244963579691102e-11
0.52500000000000002,4.5832782014088025e-11
0.52549999999999997,4.3541059646656777e-11
0.52600000000000002,4.1364023317669307e-11
0.52649999999999997,3.9295788845095103e-11
0.52700000000000002,3.7331027158415964e-11
0.52749999999999997,3.5464409187113688e-11
0.52800000000000002,3.3691160972182388e-11
0.52849999999999997,3.2006619576918638e-11
0.52900000000000003,3.0406344109223937e-11
0.52949999999999997,2.8886004699302248e-11
0.53000000000000003,2.7441715566567382e-11
0.53049999999999997,2.6069590930433151e-11
0.53100000000000003,2.4766078077220754e-11
0.53149999999999997,2.3527735315553855e-11
0.53200000000000003,2.2351342998661039e-11
0.53249999999999997,2.1233792502073356e-11
0.53300000000000003,2.0172086223624319e-11
0.53349999999999997,1.9163559628054827e-11
0.53400000000000003,1.8205437157803317e-11
0.53449999999999998,1.7295165299913151e-11
0.53500000000000003,1.6430301563730154e-11
0.53549999999999998,1.5608736525507538e-11
0.53600000000000003,1.4828360761498516e-11
0.53649999999999998,1.4086953825653836e-11
0.53700000000000003,1.3382517316529174e-11
0.53749999999999998,1.2713385899587593e-11
0.53800000000000003,1.207778321798969e-11
0.53849999999999998,1.1473932914896068e-11
0.53900000000000003,1.0900169655769787e-11
0.53949999999999998,1.0355161172981298e-11
0.54000000000000004,9.8374641765985871e-12
0.54049999999999998,9.3456353766896427e-12
0.54100000000000004,8.8784535279273769e-12
0.54149999999999998,8.4345863626822393e-12
0.54200000000000004,8.0129236579296048e-12
0.54249999999999998,7.6123551906448483e-12
0.54300000000000004,7.2317707378033447e-12
0.54349999999999998,6.8701710986829312e-12
0.54400000000000004,6.5266680948639078e-12
0.54449999999999998,6.2003735479265742e-12
0.54500000000000004,5.8903992794512305e-12
0.54549999999999998,5.5958571110181765e-12
0.54600000000000004,5.3160809088126371e-12
0.54649999999999999,5.0502935167173746e-12
0.54700000000000004,4.7977177786151515e-12
0.54749999999999999,4.5577985829936551e-12
0.54800000000000004,4.329980818340573e-12
0.54849999999999999,4.1134873285386675e-12
0.54900000000000004,3.9078740243780885e-12
0.54949999999999999,3.712474772044061e-12
0.55000000000000004,3.5268454823267348e-12
0.55049999999999999,3.3504310437137974e-12
0.55100000000000005,3.1828983892978613e-12
0.55149999999999999,3.0238034298690764e-12
0.55200000000000005,2.87259105391513e-12
0.55249999999999999,2.7289281945286348e-12
0.55300000000000005,2.592481784802203e-12
0.55349999999999999,2.4629187578284473e-12
0.55400000000000005,2.3396840020950549e-12
0.55449999999999999,2.2226664952995634e-12
0.55500000000000005,2.1115331705345852e-12
0.55549999999999999,2.0059509608927328e-12
0.55600000000000005,1.9055867994666187e-12
0.55649999999999999,1.8102186416513177e-12
0.55700000000000005,1.719624442841905e-12
0.5575,1.6336931807359178e-12
0.55800000000000005,1.5519807661235063e-12
0.5585,1.4743761767022079e-12
0.55900000000000005,1.4006573678670975e-12
0.5595,1.3306022950132501e-12
0.56000000000000005,1.2640999358382032e-12
0.5605,1.2009282457370318e-12
0.56100000000000005,1.1408651801048109e-12
0.5615,1.0839107389415403e-12
0.56200000000000006,1.0297318553398327e-12
0.5625,9.7821750699722543e-13
0.56299999999999994,9.2936769391371854e-13
0.5635,8.8284934918192448e-13
0.56399999999999995,8.3877349510430577e-13
0.5645,7.9680706477347485e-13
0.56499999999999995,7.5695005818943173e-13
0.5655,7.1909145304971389e-13
0.56599999999999995,6.8312022705185882e-13
0.5665,6.48925357893404e-13
0.56699999999999995,6.1650684557434943e-13
0.5675,5.8564264548977008e-13
0.56799999999999995,5.5633275763966594e-13
0.56850000000000001,5.2846615972157451e-13
0.56899999999999995,5.0204285173549579e-13
0.56950000000000001,4.7684078907650473e-13
0.56999999999999995,4.5308201634952638e-13
0.57050000000000001,4.3043346664717319e-13
0.57099999999999995,4.0889513996944515e-13
0.57150000000000001,3.8835601401387976e-13
0.57199999999999995,3.6903813338540203e-13
0.57250000000000001,3.5060843117662444e-13
0.57299999999999995,3.3306690738754696e-13
0.57350000000000001,3.1641356201816961e-13
0.57399999999999995,3.0064839506849239e-13
0.57450000000000001,2.8566038423605278e-13
0.57499999999999996,2.7144952952085077e-13
0.57550000000000001,2.5790480862042386e-13
0.57599999999999996,2.4491519923230953e-13
0.57650000000000001,2.325917236589703e-13
0.57699999999999996,2.2104540420286867e-13
0.57750000000000001,2.099431739566171e-13
0.57799999999999996,1.9939605522267811e-13
0.57850000000000001,1.8940404800105171e-13
0.57899999999999996,1.7996715229173788e-13
0.57950000000000002,1.7097434579227411e-13
0.57999999999999996,1.624256285026604e-13
0.58050000000000002,1.5432100042289676e-13
0.58099999999999996,1.4654943925052066e-13
0.58150000000000002,1.3922196728799463e-13
0.58199999999999996,1.3222756223285614e-13
0.58250000000000002,1.2567724638756772e-13
0.58299999999999996,1.1934897514720433e-13
0.58350000000000002,1.13464793116691e-13
0.58399999999999996,1.078026556911027e-13
0.58450000000000002,1.0236256287043943e-13
0.58499999999999996,9.7255536957163713e-14
0.58550000000000002,9.2370555648813024e-14
0.58599999999999997,8.7707618945387367e-14
0.58650000000000002,8.3377749149349256e-14
0.58699999999999997,7.9158901655773661e-14
0.58750000000000002,7.5162098767123098e-14
0.58799999999999997,7.1387340483397566e-14
0.58850000000000002,6.7723604502134549e-14
0.58899999999999997,6.4281913125796564e-14
0.58950000000000002,6.106226635438361e-14
0.58999999999999997,5.8064664187895687e-14
0.59050000000000002,5.5067062021407764e-14
0.59099999999999997,5.2402526762307389e-14
0.59150000000000003,4.9737991503207013e-14
0.59199999999999997,4.7295500849031669e-14
0.59250000000000003,4.496403249731884e-14
0.59299999999999997,4.2743586448068527e-14
0.59350000000000003,4.0634162701280729e-14
0.59399999999999997,3.8524738954492932e-14
0.59450000000000003,3.652633751016765e-14
0.59499999999999997,3.47499806707674e-14
0.59550000000000003,3.3084646133829665e-14
0.59599999999999997,3.1530333899354446e-14
0.59650000000000003,2.9976021664879227e-14
0.59699999999999998,2.8532731732866523e-14
0.59750000000000003,2.708944180085382e-14
0.59799999999999998,2.5757174171303632e-14
0.59850000000000003,2.4424906541753444e-14
0.59899999999999998,2.3203661214665772e-14
0.59950000000000003,2.19824158875781e-14
0.59999999999999998,2.0872192862952943e-14
0.60050000000000003,1.9872992140790302e-14
0.60099999999999998,1.8873791418627661e-14
0.60150000000000003,1.787459069646502e-14
0.60199999999999998,1.6986412276764895e-14
0.60250000000000004,1.609823385706477e-14
0.60299999999999998,1.532107773982716e-14
0.60350000000000004,1.4543921622589551e-14
0.60399999999999998,1.3766765505351941e-14
0.60450000000000004,1.2989609388114332e-14
0.60499999999999998,1.2323475573339238e-14
0.60550000000000004,1.1657341758564144e-14
0.60599999999999998,1.1102230246251565e-14
0.60650000000000004,1.0547118733938987e-14
0.60699999999999998,9.9920072216264089e-15
0.60750000000000004,9.5479180117763462e-15
0.60799999999999998,9.1038288019262836e-15
0.60850000000000004,8.659739592076221e-15
0.60899999999999999,8.2156503822261584e-15
0.60950000000000004,7.7715611723760958e-15
0.60999999999999999,7.4384942649885488e-15
0.61050000000000004,7.1054273576010019e-15
0.61099999999999999,6.7723604502134549e-15
0.61150000000000004,6.4392935428259079e-15
0.61199999999999999,6.106226635438361e-15
0.61250000000000004,5.773159728050814e-15
0.61299999999999999,5.5511151231257827e-15
0.61350000000000005,5.3290705182007514e-15
0.61399999999999999,4.9960036108132044e-15
0.61450000000000005,4.7739590058881731e-15
0.61499999999999999,4.5519144009631418e-15
0.61550000000000005,4.2188474935755949e-15
0.61599999999999999,3.9968028886505635e-15
0.61650000000000005,3.7747582837255322e-15
0.61699999999999999,3.5527136788005009e-15
0.61750000000000005,3.4416913763379853e-15
0.61799999999999999,3.219646771412954e-15
0.61850000000000005,3.1086244689504383e-15
0.61899999999999999,2.886579864025407e-15
0.61950000000000005,2.7755575615628914e-15
0.62,2.6645352591003757e-15
0.62050000000000005,2.55351295663786e-15
0.621,2.4424906541753444e-15
0.62150000000000005,2.3314683517128287e-15
0.622,2.2204460492503131e-15
0.62250000000000005,2.1094237467877974e-15
0.623,1.9984014443252818e-15
0.62350000000000005,1.8873791418627661e-15
0.624,1.7763568394002505e-15
0.62450000000000006,1.6653345369377348e-15
0.625,1.5543122344752192e-15
0.62549999999999994,1.5543122344752192e-15
0.626,1.5543122344752192e-15
0.62649999999999995,1.4432899320127035e-15
0.627,1.3322676295501878e-15
0.62749999999999995,1.2212453270876722e-15
0.628,1.2212453270876722e-15
0.62849999999999995,1.2212453270876722e-15
0.629,1.2212453270876722e-15
0.62949999999999995,1.1102230246251565e-15
0.63,9.9920072216264089e-16
0.63049999999999995,8.8817841970012523e-16
0.63100000000000001,7.7715611723760958e-16
0.63149999999999995,7.7715611723760958e-16
0.63200000000000001,7.7715611723760958e-16
0.63249999999999995,7.7715611723760958e-16
0.63300000000000001,7.7715611723760958e-16
0.63349999999999995,7.7715611723760958e-16
0.63400000000000001,7.7715611723760958e-16
0.63449999999999995,6.6613381477509392e-16
0.63500000000000001,5.5511151231257827e-16
0.63549999999999995,4.4408920985006262e-16
0.63600000000000001,3.3306690738754696e-16
0.63649999999999995,3.3306690738754696e-16
0.63700000000000001,3.3306690738754696e-16
0.63749999999999996,3.3306690738754696e-16
0.63800000000000001,3.3306690738754696e-16
0.63849999999999996,3.3306690738754696e-16
0.63900000000000001,3.3306690738754696e-16
0.63949999999999996,3.3306690738754696e-16
0.64000000000000001,3.3306690738754696e-16
0.64049999999999996,3.3306690738754696e-16
0.64100000000000001,3.3306690738754696e-16
0.64149999999999996,3.3306690738754696e-16
0.64200000000000002,3.3306690738754696e-16
0.64249999999999996,3.3306690738754696e-16
0.64300000000000002,3.3306690738754696e-16
0.64349999999999996,3.3306690738754696e-16
0.64400000000000002,3.3306690738754696e-16
0.64449999999999996,2.2204460492503131e-16
0.64500000000000002,1.1102230246251565e-16
0.64549999999999996,0
0.64600000000000002,0
0.64649999999999996,0
0.64700000000000002,0
0.64749999999999996,0
0.64800000000000002,0
0.64849999999999997,0
0.64900000000000002,0
0.64949999999999997,0
0.65000000000000002,0
0.65049999999999997,0
0.65100000000000002,0
0.65149999999999997,0
0.65200000000000002,0
0.65249999999999997,0
0.65300000000000002,0
0.65349999999999997,0
0.65400000000000003,0
0.65449999999999997,0
0.65500000000000003,0
0.65549999999999997,0
0.65600000000000003,0
0.65649999999999997,0
0.65700000000000003,0
0.65749999999999997,0
0.65800000000000003,0
0.65849999999999997,0
0.65900000000000003,0
0.65949999999999998,0
0.66000000000000003,0
0.66049999999999998,0
0.66100000000000003,0
0.66149999999999998,0
0.66200000000000003,0
0.66249999999999998,0
0.66300000000000003,0
0.66349999999999998,0
0.66400000000000003,0
0.66449999999999998,0
0.66500000000000004,0
0.66549999999999998,0
0.66600000000000004,0
0.66649999999999998,0
0.66700000000000004,0
0.66749999999999998,0
0.66800000000000004,0
0.66849999999999998,0
0.66900000000000004,0
0.66949999999999998,0
0.67000000000000004,0
0.67049999999999998,0
0.67100000000000004,0
0.67149999999999999,0
0.67200000000000004,0
0.67249999999999999,0
0.67300000000000004,0
0.67349999999999999,0
0.67400000000000004,0
0.67449999999999999,0
0.67500000000000004,0
0.67549999999999999,0
0.67600000000000005,0
0.67649999999999999,0
0.67700000000000005,0
0.67749999999999999,0
0.67800000000000005,0
0.67849999999999999,0
0.67900000000000005,0
0.67949999999999999,0
0.68000000000000005,0
0.68049999999999999,0
0.68100000000000005,0
0.68149999999999999,0
0.68200000000000005,0
0.6825,0
0.68300000000000005,0
0.6835,0
0.68400000000000005,0
0.6845,0
0.68500000000000005,0
0.6855,0
0.68600000000000005,0
0.6865,0
0.68700000000000006,0
0.6875,0
0.68799999999999994,0
0.6885,0
0.68899999999999995,0
0.6895,0
0.68999999999999995,0
0.6905,0
0.69099999999999995,0
0.6915,0
0.69199999999999995,0
0.6925,0
0.69299999999999995,0
0.69350000000000001,0
0.69399999999999995,0
0.69450000000000001,0
0.69499999999999995,0
0.69550000000000001,0
0.69599999999999995,0
0.69650000000000001,0
0.69699999999999995,0
0.69750000000000001,0
0.69799999999999995,0
0.69850000000000001,0
0.69899999999999995,0
0.69950000000000001,0
0.69999999999999996,0
0.70050000000000001,0
0.70099999999999996,0
0.70150000000000001,0
0.70199999999999996,0
0.70250000000000001,0
0.70299999999999996,0
0.70350000000000001,0
0.70399999999999996,0
0.70450000000000002,0
0.70499999999999996,0
0.70550000000000002,0
0.70599999999999996,0
0.70650000000000002,0
0.70699999999999996,0
0.70750000000000002,0
0.70799999999999996,0
0.70850000000000002,0
0.70899999999999996,0
0.70950000000000002,0
0.70999999999999996,0
0.71050000000000002,0
0.71099999999999997,0
0.71150000000000002,0
0.71199999999999997,0
0.71250000000000002,0
0.71299999999999997,0
0.71350000000000002,0
0.71399999999999997,0
0.71450000000000002,0
0.71499999999999997,0
0.71550000000000002,0
0.71599999999999997,0
0.71650000000000003,0
0.71699999999999997,0
0.71750000000000003,0
0.71799999999999997,0
0.71850000000000003,0
0.71899999999999997,0
0.71950000000000003,0
0.71999999999999997,0
0.72050000000000003,0
0.72099999999999997,0
0.72150000000000003,0
0.72199999999999998,0
0.72250000000000003,0
0.72299999999999998,0
0.72350000000000003,0
0.72399999999999998,0
0.72450000000000003,0
0.72499999999999998,0
0.72550000000000003,0
0.72599999999999998,0
0.72650000000000003,0
0.72699999999999998,0
0.72750000000000004,0
0.72799999999999998,0
0.72850000000000004,0
0.72899999999999998,0
0.72950000000000004,0
0.72999999999999998,0
0.73050000000000004,0
0.73099999999999998,0
0.73150000000000004,0
0.73199999999999998,0
0.73250000000000004,0
0.73299999999999998,0
0.73350000000000004,0
0.73399999999999999,0
0.73450000000000004,0
0.73499999999999999,0
0.73550000000000004,0
0.73599999999999999,0
0.73650000000000004,0
0.73699999999999999,0
0.73750000000000004,0
0.73799999999999999,0
0.73850000000000005,0
0.73899999999999999,0
0.73950000000000005,0
0.73999999999999999,0
0.74050000000000005,0
0.74099999999999999,0
0.74150000000000005,0
0.74199999999999999,0
0.74250000000000005,0
0.74299999999999999,0
0.74350000000000005,0
0.74399999999999999,0
0.74450000000000005,0
0.745,0
0.74550000000000005,0
0.746,0
0.74650000000000005,0
0.747,0
0.74750000000000005,0
0.748,0
0.74850000000000005,0
0.749,0
0.74950000000000006,0
0.75,0
0.75049999999999994,0
0.751,0
0.75149999999999995,0
0.752,0
0.75249999999999995,0
0.753,0
0.75349999999999995,0
0.754,0
0.75449999999999995,0
0.755,0
0.75549999999999995,0
0.75600000000000001,0
0.75649999999999995,0
0.75700000000000001,0
0.75749999999999995,0
0.75800000000000001,0
0.75849999999999995,0
0.75900000000000001,0
0.75949999999999995,0
0.76000000000000001,0
0.76049999999999995,0
0.76100000000000001,0
0.76149999999999995,0
0.76200000000000001,0
0.76249999999999996,0
0.76300000000000001,0
0.76349999999999996,0
0.76400000000000001,0
0.76449999999999996,0
0.76500000000000001,0
0.76549999999999996,0
0.76600000000000001,0
0.76649999999999996,0
0.76700000000000002,0
0.76749999999999996,0
0.76800000000000002,0
0.76849999999999996,0
0.76900000000000002,0
0.76949999999999996,0
0.77000000000000002,0
0.77049999999999996,0
0.77100000000000002,0
0.77149999999999996,0
0.77200000000000002,0
0.77249999999999996,0
0.77300000000000002,0
0.77349999999999997,0
0.77400000000000002,0
0.77449999999999997,0
0.77500000000000002,0
0.77549999999999997,0
0.77600000000000002,0
0.77649999999999997,0
0.77700000000000002,0
0.77749999999999997,0
0.77800000000000002,0
0.77849999999999997,0
0.77900000000000003,0
0.77949999999999997,0
0.78000000000000003,0
0.78049999999999997,0
0.78100000000000003,0
0.78149999999999997,0
0.78200000000000003,0
0.78249999999999997,0
0.78300000000000003,0
0.78349999999999997,0
0.78400000000000003,0
0.78449999999999998,0
0.78500000000000003,0
0.78549999999999998,0
0.78600000000000003,0
0.78649999999999998,0
0.78700000000000003,0
0.78749999999999998,0
0.78800000000000003,0
0.78849999999999998,0
0.78900000000000003,0
0.78949999999999998,0
0.79000000000000004,0
0.79049999999999998,0
0.79100000000000004,0
0.79149999999999998,0
0.79200000000000004,0
0.79249999999999998,0
0.79300000000000004,0
0.79349999999999998,0
0.79400000000000004,0
0.79449999999999998,0
0.79500000000000004,0
0.79549999999999998,0
0.79600000000000004,0
0.79649999999999999,0
0.79700000000000004,0
0.79749999999999999,0
0.79800000000000004,0
0.79849999999999999,0
0.79900000000000004,0
0.79949999999999999,0
0.80000000000000004,0
0.80049999999999999,0
0.80100000000000005,0
0.80149999999999999,0
0.80200000000000005,0
0.80249999999999999,0
0.80300000000000005,0
0.80349999999999999,0
0.80400000000000005,0
0.80449999999999999,0
0.80500000000000005,0
0.80549999999999999,0
0.80600000000000005,0
0.80649999999999999,0
0.80700000000000005,0
0.8075,0
0.80800000000000005,0
0.8085,0
0.80900000000000005,0
0.8095,0
0.81000000000000005,0
0.8105,0
0.81100000000000005,0
0.8115,0
0.81200000000000006,0
0.8125,0
0.81299999999999994,0
0.8135,0
0.81399999999999995,0
0.8145,0
0.81499999999999995,0
0.8155,0
0.81599999999999995,0
0.8165,0
0.81699999999999995,0
0.8175,0
0.81799999999999995,0
0.81850000000000001,0
0.81899999999999995,0
0.81950000000000001,0
0.81999999999999995,0
0.82050000000000001,0
0.82099999999999995,0
0.82150000000000001,0
0.82199999999999995,0
0.82250000000000001,0
0.82299999999999995,0
0.82350000000000001,0
0.82399999999999995,0
0.82450000000000001,0
0.82499999999999996,0
0.82550000000000001,0
0.82599999999999996,0
0.82650000000000001,0
0.82699999999999996,0
0.82750000000000001,0
0.82799999999999996,0
0.82850000000000001,0
0.82899999999999996,0
0.82950000000000002,0
0.82999999999999996,0
0.83050000000000002,0
0.83099999999999996,0
0.83150000000000002,0
0.83199999999999996,0
0.83250000000000002,0
0.83299999999999996,0
0.83350000000000002,0
0.83399999999999996,0
0.83450000000000002,0
0.83499999999999996,0
0.83550000000000002,0
0.83599999999999997,0
0.83650000000000002,0
0.83699999999999997,0
0.83750000000000002,0
0.83799999999999997,0
0.83850000000000002,0
0.83899999999999997,0
0.83950000000000002,0
0.83999999999999997,0
0.84050000000000002,0
0.84099999999999997,0
0.84150000000000003,0
0.84199999999999997,0
0.84250000000000003,0
0.84299999999999997,0
0.84350000000000003,0
0.84399999999999997,0
0.84450000000000003,0
0.84499999999999997,0
0.84550000000000003,0
0.84599999999999997,0
0.84650000000000003,0
0.84699999999999998,0
0.84750000000000003,0
0.84799999999999998,0
0.84850000000000003,0
0.84899999999999998,0
0.84950000000000003,0
0.84999999999999998,0
0.85050000000000003,0
0.85099999999999998,0
0.85150000000000003,0
0.85199999999999998,0
0.85250000000000004,0
0.85299999999999998,0
0.85350000000000004,0
0.85399999999999998,0
0.85450000000000004,0
0.85499999999999998,0
0.85550000000000004,0
0.85599999999999998,0
0.85650000000000004,0
0.85699999999999998,0
0.85750000000000004,0
0.85799999999999998,0
0.85850000000000004,0
0.85899999999999999,0
0.85950000000000004,0
0.85999999999999999,0
0.86050000000000004,0
0.86099999999999999,0
0.86150000000000004,0
0.86199999999999999,0
0.86250000000000004,0
0.86299999999999999,0
0.86350000000000005,0
0.86399999999999999,0
0.86450000000000005,0
0.86499999999999999,0
0.86550000000000005,0
0.86599999999999999,0
0.86650000000000005,0
0.86699999999999999,0
0.86750000000000005,0
0.86799999999999999,0
0.86850000000000005,0
0.86899999999999999,0
0.86950000000000005,0
0.87,0
0.87050000000000005,0
0.871,0
0.87150000000000005,0
0.872,0
0.87250000000000005,0
0.873,0
0.87350000000000005,0
0.874,0
0.87450000000000006,0
0.875,0
0.87549999999999994,0
0.876,0
0.87649999999999995,0
0.877,0
0.87749999999999995,0
0.878,0
0.87849999999999995,0
0.879,0
0.87949999999999995,0
0.88,0
0.88049999999999995,0
0.88100000000000001,0
0.88149999999999995,0
0.88200000000000001,0
0.88249999999999995,0
0.88300000000000001,0
0.88349999999999995,0
0.88400000000000001,0
0.88449999999999995,0
0.88500000000000001,0
0.88549999999999995,0
0.88600000000000001,0
0.88649999999999995,0
0.88700000000000001,0
0.88749999999999996,0
0.88800000000000001,0
0.88849999999999996,0
0.88900000000000001,0
0.88949999999999996,0
0.89000000000000001,0
0.89049999999999996,0
0.89100000000000001,0
0.89149999999999996,0
0.89200000000000002,0
0.89249999999999996,0
0.89300000000000002,0
0.89349999999999996,0
0.89400000000000002,0
0.89449999999999996,0
0.89500000000000002,0
0.89549999999999996,0
0.89600000000000002,0
0.89649999999999996,0
0.89700000000000002,0
0.89749999999999996,0
0.89800000000000002,0
0.89849999999999997,0
0.89900000000000002,0
0.89949999999999997,0
0.90000000000000002,0
0.90049999999999997,0
0.90100000000000002,0
0.90149999999999997,0
0.90200000000000002,0
0.90249999999999997,0
0.90300000000000002,0
0.90349999999999997,0
0.90400000000000003,0
0.90449999999999997,0
0.90500000000000003,0
0.90549999999999997,0
0.90600000000000003,0
0.90649999999999997,0
0.90700000000000003,0
0.90749999999999997,0
0.90800000000000003,0
0.90849999999999997,0
0.90900000000000003,0
0.90949999999999998,0
0.91000000000000003,0
0.91049999999999998,0
0.91100000000000003,0
0.91149999999999998,0
0.91200000000000003,0
0.91249999999999998,0
0.91300000000000003,0
0.91349999999999998,0
0.91400000000000003,0
0.91449999999999998,0
0.91500000000000004,0
0.91549999999999998,0
0.91600000000000004,0
0.91649999999999998,0
0.91700000000000004,0
0.91749999999999998,0
0.91800000000000004,0
0.91849999999999998,0
0.91900000000000004,0
0.91949999999999998,0
0.92000000000000004,0
0.92049999999999998,0
0.92100000000000004,0
0.92149999999999999,0
0.92200000000000004,0
0.92249999999999999,0
0.92300000000000004,0
0.92349999999999999,0
0.92400000000000004,0
0.92449999999999999,0
0.92500000000000004,0
0.92549999999999999,0
0.92600000000000005,0
0.92649999999999999,0
0.92700000000000005,0
0.92749999999999999,0
0.92800000000000005,0
0.92849999999999999,0
0.92900000000000005,0
0.92949999999999999,0
0.93000000000000005,0
0.93049999999999999,0
0.93100000000000005,0
0.93149999999999999,0
0.93200000000000005,0
0.9325,0
0.93300000000000005,0
0.9335,0
0.93400000000000005,0
0.9345,0
0.93500000000000005,0
0.9355,0
0.93600000000000005,0
0.9365,0
0.93700000000000006,0
0.9375,0
0.93799999999999994,0
0.9385,0
0.93899999999999995,0
0.9395,0
0.93999999999999995,0
0.9405,0
0.94099999999999995,0
0.9415,0
0.94199999999999995,0
0.9425,0
0.94299999999999995,0
0.94350000000000001,0
0.94399999999999995,0
0.94450000000000001,0
0.94499999999999995,0
0.94550000000000001,0
0.94599999999999995,0
0.94650000000000001,0
0.94699999999999995,0
0.94750000000000001,0
0.94799999999999995,0
0.94850000000000001,0
0.94899999999999995,0
0.94950000000000001,0
0.94999999999999996,0
0.95050000000000001,0
0.95099999999999996,0
0.95150000000000001,0
0.95199999999999996,0
0.95250000000000001,0
0.95299999999999996,0
0.95350000000000001,0
0.95399999999999996,0
0.95450000000000002,0
0.95499999999999996,0
0.95550000000000002,0
0.95599999999999996,0
0.95650000000000002,0
0.95699999999999996,0
0.95750000000000002,0
0.95799999999999996,0
0.95850000000000002,0
0.95899999999999996,0
0.95950000000000002,0
0.95999999999999996,0
0.96050000000000002,0
0.96099999999999997,0
0.96150000000000002,0
0.96199999999999997,0
0.96250000000000002,0
0.96299999999999997,0
0.96350000000000002,0
0.96399999999999997,0
0.96450000000000002,0
0.96499999999999997,0
0.96550000000000002,0
0.96599999999999997,0
0.96650000000000003,0
0.96699999999999997,0
0.96750000000000003,0
0.96799999999999997,0
0.96850000000000003,0
0.96899999999999997,0
0.96950000000000003,0
0.96999999999999997,0
0.97050000000000003,0
0.97099999999999997,0
0.97150000000000003,0
0.97199999999999998,0
0.97250000000000003,0
0.97299999999999998,0
0.97350000000000003,0
0.97399999999999998,0
0.97450000000000003,0
0.97499999999999998,0
0.97550000000000003,0
0.97599999999999998,0
0.97650000000000003,0
0.97699999999999998,0
0.97750000000000004,0
0.97799999999999998,0
0.97850000000000004,0
0.97899999999999998,0
0.97950000000000004,0
0.97999999999999998,0
0.98050000000000004,0
0.98099999999999998,0
0.98150000000000004,0
0.98199999999999998,0
0.98250000000000004,0
0.98299999999999998,0
0.98350000000000004,0
0.98399999999999999,0
0.98450000000000004,0
0.98499999999999999,0
0.98550000000000004,0
0.98599999999999999,0
0.98650000000000004,0
0.98699999999999999,0
0.98750000000000004,0
0.98799999999999999,0
0.98850000000000005,0
0.98899999999999999,0
0.98950000000000005,0
0.98999999999999999,0
0.99050000000000005,0
0.99099999999999999,0
0.99150000000000005,0
0.99199999999999999,0
0.99250000000000005,0
0.99299999999999999,0
0.99350000000000005,0
0.99399999999999999,0
0.99450000000000005,0
0.995,0
0.99550000000000005,0
0.996,0
0.99650000000000005,0
0.997,0
0.99750000000000005,0
0.998,0
0.99850000000000005,0
0.999,0
0.99950000000000006,0
